review_id,review_text,product_name,product_brand,PIGMENTATION,LONGEVITY,TEXTURE,HYDRATION,PRICE,is_synthetic,source_fase,method,split
388,"Aku kira bakalan aroma strawberrynya kuat, ternyata nggak. Tapi kalau untuk melembabkan ini oke banget. Bibir juga jadi jarang menghitam kalau rutin dan sering dipakai. Pemakaian jangka panjang kayaknya bakal oke banget di bibir, jadi pink alami.",24H Melt-In Moisture,Nivea,no_aspect,no_aspect,no_aspect,positive,no_aspect,False,,,train
334,"Beli produk ini tuh awalnya karena IKON hahaha, tapi memang kumayan bagus sih. Dia cukup melembabkan dan ada warnanya sedikit tapi cukup bikin muka lebih kelihatan fresh apalagi buat anak sama yang gaboleh pakai lip product disekolahnya. produknya juga enak dibawa kemana2 buat di reaplly.",24H Melt-In Moisture,Nivea,positive,no_aspect,no_aspect,positive,no_aspect,False,,,train
142,"My favorit lip balm!! enggak bikin bibir kering sama sekali, ngelembabin. Rasanya, baunya wangi strawberry banget..suka. Teksturnya enggak oily banget dan ringan pas dipake. Ada warnanya dikit. Kadang cepat habis karena sering dipake. Suka banget",24H Melt-In Moisture,Nivea,neutral,no_aspect,positive,positive,no_aspect,False,,,train
71,"Sudah 2 tahun pemakaian dan sejauh ini tidak ada dampak negatif untuk kondisi bibirku yang sering kering dan mengelupas. Moisturizingnya cukup dapet, tapi sepertinya harus berulang kali apply dulu baru terasa melembapkannya (soalnya biasanya aku gini). After pemakaian selain bibir jadi lebih lembap, ada sentuhan warna pink alami juga di bibir meskipun ini bukan tinted lip balm. Cocok banget buat yang tidak begitu suka ribet tapi ingin melembapkan dan menyegarkan looks bibir agar lebih natural dalam satu waktu. Terus ada aroma strawberrynya juga yang kadang bikin aku khilaf pengin mencoba rasanya haha Aku pakai ini bisa tahan 6 bulanan, jadi worth itu banget untuk repurchase. Packagingnya oke, minimalis dan praktis untuk digunakan sehari-hari. So, recommended? Yes, of course. Overall bintang 5/5 untuk Nivea Lip Balm Strawberry Shine",24H Melt-In Moisture,Nivea,no_aspect,no_aspect,no_aspect,positive,no_aspect,False,,,train
325,"warnanya bagus, mengasih kesan healthy lips gtu, rasanya pas diaplikasiin ke bibir itu minyakan tapi enggak lebay banget, lembab nya juga dapat banget dan harganya murah. minusnya dia enggak transproof dan cepat hilang warnanya. repurchase? maybe.",24H Melt-In Moisture,Nivea,positive,negative,positive,positive,positive,False,,,train
268,"Beli karena diskon tapi ternyata enggak suka banget. enggak cukup melembabkan bibir aku yang kering, malah rasanya kayak lipstick yang ada pelembabnya aja, jadi kayak kurang melembabkan. Aku enggak menemukan ada SPF di lip balm ini. Sayangnya enggak punya adek perempuan jadi enggak tau mau aku kasih ke siapa karena enggak suka banget",24H Melt-In Moisture,Nivea,no_aspect,no_aspect,no_aspect,negative,no_aspect,False,,,train
49,"Lipcream omg dengan formula baru ini super enak, ringan, pigmented, enggak bikin bibir kering dan warna2nya bagus sekali swipe keliatan.. warna berry ini warna dark purple ada hint merah sedikit sudah pasti bold banget kalo dipakai sendiri dipakai ombre cantik banget wajib punya deh minimal 1 lipcream omg terbaru",Oh My Glam Mattelast Lip Cream,Omg,positive,no_aspect,positive,positive,no_aspect,False,,,train
14,"jujur pertama kali agak pesimis pakai produk ini tapi ternyata sebagus itu enggak bikin bibir kering dan tahan lama suka ditanya pakai produk apa kalo pakai ini mana beli di jxb lagi promo, promonya enggak kaleng kaleng sayang kalo dilewatkan segera deh ke jxb",Oh My Glam Mattelast Lip Cream,Omg,no_aspect,positive,no_aspect,positive,no_aspect,False,,,train
2971,"Awalnya enggak sengaja memilih lip balm ini waktu buru-buru mau keluar kota tapi lupa bawa lip balm. Selama seminggu percobaan kemarin menurut aku produk ini lumayan. Lip balmnya yang sedikit berwarna bikin tetap natural, jadi cocok untuk dipakai sehari-hari. Sayangnya lip balm ini serasa tebal banget di bibir dan enggak tahan lama, jadi aku sering-sering apply ini ke bibir terus ku hapus dikit pakai tisu. Aku juga pakai ini sebelum pakai lipstick. Over all, this product is good.",Baby Lips Love Color,Maybelline,neutral,negative,negative,no_aspect,no_aspect,False,,,train
319,"untuk masalah lembab lebih enak yang original yang warna biru, tapi kalau tampilan fresh untuk bibir jadi lebih kelihatan sehat ini oke banget, tapi memang kalau bibir lagi kering banget pakai ini di bibir malah berasa agak kering, jadi triknya bisa di layer dengan yang biru. pakai yang original dulu dikit baru pakai yang ini, bibir jadi kelihatan fresh",24H Melt-In Moisture,Nivea,no_aspect,no_aspect,no_aspect,negative,no_aspect,False,,,train
70,"NIVEA Strawberry Shine ini adalah lip balm yang selalu ada di tas saya! Aromanya stroberi yang manis dan segar bikin pengin pakai terus. Yang paling saya suka adalah teksturnya yang lembut dan langsung 'melt' di bibir begitu diaplikasikan, memberikan kelembapan instan. Bibir jadi terasa halus, tidak pecah-pecah, dan ada sedikit kilau cantik yang bikin bibir terlihat lebih sehat. Produk ini benar-benar efektif menjaga kelembapan bibir seharian penuh, apalagi di cuaca kering atau setelah menggunakan lipstik matte. Ini bukan cuma lip balm biasa, tapi juga memberikan sentuhan warna yang sangat natural, cocok untuk sehari-hari",24H Melt-In Moisture,Nivea,positive,no_aspect,positive,positive,no_aspect,False,,,train
152,"Yang kusuka dari lipbalm nivea itu mudah dicarinya, salah satunya yang strawberry shine ini kubeli di supermarket. Overall oke2 aja, melembabkan iya, mengasih warna pink2 di bibir juga iya dan pastinya praktis karena berbentuk stick juga sih ya",24H Melt-In Moisture,Nivea,positive,no_aspect,no_aspect,positive,no_aspect,False,,,train
270,"Lip balm pertamaku dari jaman sampai sampai sekarang kuliah masih pakai ini dan enggak ganti ganti ,lip balm ini serius bikin bibir lembap tahan lama ,dan aku sudah pakai ini lebih dari setahun rutin ,bibirku jadi merah alami permanen ,Bagus banget pokoknya !!",24H Melt-In Moisture,Nivea,no_aspect,positive,no_aspect,positive,no_aspect,False,,,train
78,"Lip balm andalan pas awal awal kuliah, dulu karena belum paham makeup dan bibir kering terus jadi aku pakein ini karena dia ada efek glossy sama warna pinknya keluar. Cuman minusnya karena dia balm jadinya memang enggak stay dan mudah transfer. But sok far okee sih buat daily atau keluar sebentar mah",24H Melt-In Moisture,Nivea,positive,negative,no_aspect,no_aspect,no_aspect,False,,,train
50,"Suka banget sama lip matte OMG ini yang versi reformulasinya karena teksturnya lebih ringan, enggak berat di bibir dan enggak berasa kering yang tertarik gitu. Shade berry ini warnanya pink ada sedikit hint mouve nya, cocok banget buat yang cooltone. Biasanya aku pakai ini untuk dijadikan innerlips ombre.",Oh My Glam Mattelast Lip Cream,Omg,no_aspect,no_aspect,positive,positive,no_aspect,False,,,train
359,"Awal beli karena lihat bias di boy group memakai ini.. eh, enggak tau nya salah beli yaudah deh di pakai terus. lip balm nya juga not bad, dari segi hidrasi nya lumayan dan warna nya juga bagus. Harganya terjangkau, dan pas di pakai juga ringan jadi cocok buat daily",24H Melt-In Moisture,Nivea,positive,no_aspect,positive,neutral,positive,False,,,train
261,"Wajib coba sih ini mah!! lip balm kesukaan gue parah. pas di pakai tuh langsung bikin bibir lembab parah banget. di aplikasiinnya enggak susah juga dan enggak bikin gerah pas di pakai ke bibir! pas di pakai bikin warna bibir jadi agak merah alami,rekomen banget buad anak sekolahan nih!",24H Melt-In Moisture,Nivea,positive,no_aspect,positive,positive,no_aspect,False,,,train
106,"Lip balm yang sangat membantu meredakan bibir pecah pecah. malam diapply, pagi bangun tidur bibir sudah cukup lembab & nyaman. Glow finish ya ini, ada shine shinenya gitu, jadi kalau dipakai siang hari lumayan berat (kecuali apply tipis sebelum pakai lip produk lain, terus ditaptap pakai tisu, ini jauh lebih nyaman & bibir tetap aman lembab). Lipbalm ini kalau di em em ada rasa strawberrynya, enak sih enggak ganggu asal enggak dijilat jilat saja",24H Melt-In Moisture,Nivea,no_aspect,no_aspect,negative,positive,no_aspect,False,,,train
387,"awal-awal pakai cukup melembabkan ya. ada warnanya juga. tapi lama-lama dia bikin kering di bibirku sih, enggak tau kenapa. aku pakai dia langsung sih tanpa apa-apa karena dia lip balm kan. mau coba yang lain dulu karena dia bikin kering lama-lama huhuhu. tapi bisa sih untuk meminimalisir keringnya, asal di touch up terus.",24H Melt-In Moisture,Nivea,neutral,no_aspect,no_aspect,negative,no_aspect,False,,,train
63,"IVEA Strawberry Shine wanginya manis dan bikin bibir lembap seharian! Ada hint warna merah muda natural yang kasih efek fresh. Teksturnya lembut, enggak lengket, dan nyaman dipakai tiap hari. Bibir jadi halus dan glowing alami.",24H Melt-In Moisture,Nivea,positive,no_aspect,positive,positive,no_aspect,False,,,train
27,"Lipcreamyg teksturnya enggaa lengket di bibir, enggak bikin kering bibir, warnanya juga banyak, paling suka yang shade kewl, harganya juga affordable, deh restok sampai enggak tau berapa kali deh, luph banyak banyak sama somethinc ombrella lip cream ini",Oh My Glam Mattelast Lip Cream,Omg,no_aspect,no_aspect,positive,positive,positive,False,,,train
2929,"Lip balm yang saya rekomendasikan untuk Anda yang memiliki bibir kering/cepat kering seperti saya. First impression tentang produk ini membuat bibir saya kelihatan ""berminyak"" namun kesan ini akan hilang setelah 10-15 menit. Warna dari produk ini juga cantik dan sama seperti warna alami bibir.",Baby Lips Love Color,Maybelline,positive,negative,negative,positive,no_aspect,False,,,train
246,"pakai ini sudah dari lama banget, selalu repurchase karena cocok banget di aku! Lipbalmnya ada wangi strawberrynya, terus memang untuk lipbalm ini agak berminyak sedikit ya menurut aku, tapi overall bagus kok untuk bibir yang kering. Lipbalmnya berwarna jg, tapi warna merahnya samar samar gitu, jadi cocok untuk dipakai anak sekolah.",24H Melt-In Moisture,Nivea,neutral,no_aspect,negative,positive,no_aspect,False,,,train
12,Lip matte ini tidak terlalu kering. Namun alangkah lebih baik lagi jika memakai lip balm dahulu sebelum memakai lip matte. Shadenya beragam sehingga kita bisa explore shade yang cocok. Namun terkadang tutupnya lepas ketika produknya ganti formula yang baru.,Oh My Glam Mattelast Lip Cream,Omg,neutral,no_aspect,no_aspect,neutral,no_aspect,False,,,train
2957,"setelah ganti-ganti shade dan varian, kayaknya aku akan berlabuh pada produk yang ini. melembabkannya pas, enggak terlalumengkilat kalau digunain, warnanya enggak terlalu keluarsih di bibirku tapi gapapa toh ini bukan lipstick, harganya terjangkau, selalu tersedia di minimarket sebelah rumahku (gak perlu worry kalau habis, langsung beli)",Baby Lips Love Color,Maybelline,negative,no_aspect,positive,positive,positive,False,,,train
302,"Bikin bibir lembab tahan lama, wanginya enak banget, segar strawberry. Ini ada warnanya tapi sedikitt banget, sheer gtu, dan ada efek glossy sedikit, aman banget kalau mau dipakai sekolah. Aku sudah pakai dari dulu dan masih repurchase terus",24H Melt-In Moisture,Nivea,negative,positive,no_aspect,positive,no_aspect,False,,,train
276,"Untuk bibir sensitive banget: MANTAP! Aku sudah coba banyak banget lip balm and sering ada kendala gatel2 jadi terbawa pengin digigit lips nya buat garuk:"") Tapi ini enggak! Ringan, hydrating, wangi stroberi! sudah repurchase yang ke-3 kalinya karena coba ini itu enggak cocok. Ada color pay-off sheer banget and ngestain nya ya juga secuil begitu ya. Untuk yang bibirnya sensitive kayak aku rekomen boleh dicoba! Sering diskon juga di ecommerce dan harga aslinya juga bersahabat.",24H Melt-In Moisture,Nivea,negative,no_aspect,positive,positive,positive,False,,,train
235,"lip balm yang murah, awet dipakai tiap hari enggak abis2. Packaging oke, mudah dibawa kemana2. dipakai sebelum tidur dan bikin lembab bibir pagi harinya. wanginya enak, dan kasih warna yang pink alami dibibir. Sometime juga aku mengaplikasikan sebelum pakai lipcream.",24H Melt-In Moisture,Nivea,positive,no_aspect,no_aspect,positive,positive,False,,,train
32,"packagingnya bagus pol anti gelinding wkwk, shadenya beuh cakep parah dipakai sendiri atau buat inner ombre, apalagi kalau shade 24 sudah collab sama shade 22, pasti ditanyain sama teman ciwi ""pakai lipen apa kok bagus"" hasil ombrenya bikin segar cutie begitu haha ada hint ungunya, dia juga lembab dan enggak kering di bibir, awet juga tapi kalau dipakai makan makanan berminyak terus menerus ya bakal memudar hehe",Oh My Glam Mattelast Lip Cream,Omg,no_aspect,positive,no_aspect,positive,no_aspect,False,,,train
286,"sebenarnya bagus. membantu banget buat melembabkan bibir. warnanya juga soft, natural dan bikin effect kayak bibir enggak pakai apa-apa cuma sehat dan agak shine saja gitu. cuma aku pribadi agak kurang suka pakai ini karena kayak berasa lengket banget begitu di bibir.",24H Melt-In Moisture,Nivea,positive,no_aspect,negative,positive,no_aspect,False,,,train
383,"lipbalm yang gampang ditemuin di mana pun, terus juga murah ngelembapin banget. kalo pakai ini malam malam pagi paginya bibir ku pink alami memperbaiki bibir ku yang kering dulu kalo sekolah pakai nya liptint wkwk Selama pandemi bibir sudah enggak pernah kering bahkan lipbalm adalah salah satu hal wajib yang ada ditas aku karena pakai masker sekarang juga bahkan bawanya cuma lipbalm saja pakai lipcream atau lip lip an juga enggak kelihatan kan pakai masker wkwk",24H Melt-In Moisture,Nivea,no_aspect,no_aspect,no_aspect,positive,positive,False,,,train
250,"Suka banget pakai ini kapanpun, karena gampang banget tinggal apply dan enggak bikin bibir minyakan parah sih. Ada aroma stroberi nya juga, warnanya merah, aku pakai sebelum lipstik pun enggak bikin lipstiknya enggak menempel gitu. Enak sih asal pakenya enggak yang toomuch ya",24H Melt-In Moisture,Nivea,neutral,no_aspect,positive,no_aspect,no_aspect,False,,,train
17,"Aku tuh suka sama semua warna lip cream omg ini, tapi sayang banget di aku kering huhu. enggak cocok ternyata, baru sekali pakai sudah kering sih bibir bawahnya kayak tebal begitu kulit keringnya dan susah balik ke awal lagi, enggak tau kenapa huhu. Akhirnya aku kasih ke temenku, dan dia cocok aman saja",Oh My Glam Mattelast Lip Cream,Omg,no_aspect,no_aspect,no_aspect,negative,no_aspect,False,,,train
411,Lipbalm pertama ku yang enakk banget. Dia enggak bikin bibir ku pucat dan nyehatin. Kalau dibarengin sama scrub pasti deh bagus banget. Soalnya dia benar-benar mengasih shine ke bibir. Terjangkau juga harganya. Awet? Beuh.. parah. Awet banget sumpah.,24H Melt-In Moisture,Nivea,positive,no_aspect,no_aspect,no_aspect,positive,False,,,train
112,"Jujur beli ini karena dulu belum punya lip balm dan akhirnya beli sok nivea ini dia di pakai nya ringan, bau strawberry yang manis begitu meninggalkan warna pink alami, buat nglembapin bibi ok. repurchase? Maybe no aku masih mencari yang bisa mencerahkan kulit bibirku",24H Melt-In Moisture,Nivea,positive,no_aspect,positive,positive,no_aspect,False,,,train
117,"Kalo kalian suka dengan tipe lipbalm yang super lembabin, ini salah satunya. Finishnya glossy, ada warnanya pink kemerahan natural kok, super moisturizing. Kurang suka kalo buat prep sebelum pakai lip produk, karena jadi enggak nempel, mesti diapus. Tapi tetap sukaa!!",24H Melt-In Moisture,Nivea,positive,no_aspect,no_aspect,positive,no_aspect,False,,,train
141,Menurutku dia ngelembapin bibir tapi b aja. Gampang hilang sendirinya padahal enggak dipakai buat minum atau makan juga kelamaan bakal hilang terus bibir jadi kering banget. Cuma enaknya kalau pakai lip balm ini bisa dijadikan topper bibir seperti lip gloss berwarna atau dipakai waktu travelling jadi sat set karena ada hint warna merah oranyenya dikit :),24H Melt-In Moisture,Nivea,neutral,negative,no_aspect,negative,no_aspect,False,,,train
363,"Bagus, harganya murah banget juga sering diskon. Ini buat sehari hari enak, ringan, bibir jadi segar kelihatannya dan lumayan melembabkan juga, tapi pinknya enggak permanen enggak ngefek di bibirku yang lumayan hitam juga tapi tetap worth tapi buy.",24H Melt-In Moisture,Nivea,negative,negative,positive,positive,positive,False,,,train
288,"beli lip balm ini karena iseng saja malah berujung jatuh cinta banget. wanginya enak banget stoberi"" segar begitu ih!! lumayan tahan lama juga (asal enggak makan/minum lumayan tahan lama). untuk harga menurut gue normal"" saja sih,ga terlalu mahal/terlalu murah.",24H Melt-In Moisture,Nivea,no_aspect,positive,no_aspect,no_aspect,neutral,False,,,train
351,"Really love the fragrance. Wangi nya memang enak banget tapi drying di aku. Plus, agak ada sedikit warnanya dan itu makes me feel kind of uncomfortable kalo mau dipakai ke tempat kayak sekolahan gitu. Semoga enggak drying di kamu yang pengin coba produk ini ya. enggak cocok di aku mungkin cocok di kamu",24H Melt-In Moisture,Nivea,negative,no_aspect,no_aspect,negative,no_aspect,False,,,train
2996,"melembabkan, ada SPF nya, warna natural, tapi aku lebih suka yang pink lolita sih. enggak tau kenapa varian baby lips color lebih jelek print huruf nya, gampang hilang gitu, enggak kayak yang baby lips biasa",Baby Lips Love Color,Maybelline,neutral,negative,no_aspect,positive,no_aspect,False,,,train
83,wah ini lipbalm yang kupake sehari-hari bgt. benaran moisture tapi enggak sampai 24jam ya. ada sedikit warna jadi enggak bikin bibir pucet banget. enggak bikin peeling atau bibir pecah-pecah. benaran recommend! cocok buat dipakai daily di pagi atau malam hari,24H Melt-In Moisture,Nivea,positive,no_aspect,no_aspect,positive,no_aspect,False,,,train
396,"bibir aku termasuk yang KERING BANGET mau minum sebanyak apapun bibir pasti kering. pertama kali mencoba sih yang sodara lama lama ketagihan dong, beli lah produk ini. bibir langsung lembab banget. beberapa menit pakai ini bibir langsung pink, tapi enggak pink banget yaa.",24H Melt-In Moisture,Nivea,no_aspect,no_aspect,no_aspect,positive,no_aspect,False,,,train
180,"entah sudah habis berapa tube saking cintanya sama lip balm nivea strawberry shine ini. waktu dioles di bibir, menurutku lembapnya pas, enggak becek/berminyak. dipakai pas puasa cukup reapply sekali. aromanya manis"" begitu enggak terlalu strong.",24H Melt-In Moisture,Nivea,no_aspect,positive,positive,positive,no_aspect,False,,,train
306,"Lip balm ini cocok buat yang mau simple, enggak ribet, tapi sudah ngelembapin bibir dengan cepat dan bikin bibir jadi warna merah pink begitu deh. packagingnya yang stick jadi bisa dibawa kemana mana, dan dia cukup ngelembapin banget tapi enggak bisa bertahan dalam waktu yang lama. Mungkin bisa 20 menitan itu lipbalm sudah gone wkwwk tapi keseluruhan enak dipakenya, sampai sekarang juga aku masih pakai",24H Melt-In Moisture,Nivea,positive,negative,positive,positive,no_aspect,False,,,train
2947,"dulu ini holy grail aku banget.ini lipbalm yang berwarna, ngelembapin walau enggak tahan lama. warnanya juga natural/sheer dan wanginya enak. ada spfnya juga. dulu aku pakai ini tiap hari tapi awet,bisa tahan 10-11 bulanan! dan sekarang sudah enggak beli lagi deh, lebih prefer ke lip balm yang lebih ngelembapin+dimix sama lipstick/liptint yang warnanya lebih aku suka..",Baby Lips Love Color,Maybelline,neutral,negative,no_aspect,positive,no_aspect,False,,,train
249,"Lumayan suka sih dia finishnya memberikan warna di bibir jadi bisa buat daily. Aromanya suka banget aroma stroberi.. Cuman kurang suka karena dia memberikan kesan glossy begitu seperti lip ice, dan produk ini cepat membuat bibirku kering",24H Melt-In Moisture,Nivea,positive,no_aspect,negative,negative,no_aspect,False,,,train
2932,"Aku biasa pakai ini kalau malam saja atau sebagai base sebelum aku pakai lipstick yang matte (tentu aku blot dulu sebelumnya dengan tissue), hasilnya sih cukup melembabkan yah. Tapi entah kenapa kok akhir-akhir ini jadi enggak terlalu terasa efek melembabkannya? Apakah karena bibirku lagi kering banget yah. Padahal biasanya hasilnya oke banget. Kalau aku pakai di malam hari, esok harinya bibirku enggak kering dan enggak ada dry patches nya sama sekali.",Baby Lips Love Color,Maybelline,no_aspect,no_aspect,no_aspect,negative,no_aspect,False,,,train
42,sudah dari lama memakai brand inj Untuk daily cocok banget Harga eamah di kantong Tapi kwalitas oke punya apalagi shadenya banyak pilihan Dapat promo lagi pas acara Mbx medan di santika jadi makin happy Cocok banget buat di pakai sehari-Hari!!,Oh My Glam Mattelast Lip Cream,Omg,no_aspect,no_aspect,no_aspect,no_aspect,positive,False,,,train
155,"pertama kali coba pas dapat di acara fdx beauty, cuma ya begitu ternyata bikin bibir agak berat ya sayang menurutku. melembapkan sih iya, cuma yang bikin kurang nyaman begitu huhu sayang banget :( malah pas pertama aku apply ke bibiri dia kayak agak panas begitu wah berarti aku yang enggak cocok sih",24H Melt-In Moisture,Nivea,no_aspect,no_aspect,negative,positive,no_aspect,False,,,train
2968,Aku beli warna ini sekaligus barengan sama yang pink lolita. Karena warna kemasannya beda jadi menurutku harus beli dua duanya biar bisa disesuaikan sama warna lipstick kalo mau jadi base. Tapi setelah aku buka..aku agak kecewa karena warnanya hampir sama-sama enggak keliatan. Uselees banget pikirku kalo beli dua. Cuma kelihatan glossy begitu aja. Teksturnya juga agak lengket jadi harus aku bersihin dulu kalo mau ditimpa lagi pakai memakai up. Melembabkan sih dan harganya murah banget.,Baby Lips Love Color,Maybelline,negative,no_aspect,negative,positive,positive,False,,,train
192,"Lip balm favorit aku up till this point! Pertama kali makai pas masih kuliah dan masih loyal makai ini sampai sekarang. Yang varian ini favorit aku karena ada aroma strawberry walaupun enggak yang mencolok baunya. Warnanya juga oke banget enggak ngejreng, bikin bibir aku merahnya natural. Pakai ini juga lumayan ngelembapin sampai beberapa jam jadi gaperlu di reapply lagi. Biasa aku pakai di pagi doang, tapi kalau kondisi bibir lagi kering banget, aku pakai di malam hari setelah skincarean terus bawa tidur. Habisnya juga bisa lumayan lama jadi worth every penny lah untuk lip balm nivea ini.",24H Melt-In Moisture,Nivea,positive,positive,no_aspect,positive,no_aspect,False,,,train
183,Rekomen buat sehari2. Ketahanan kurang jadi musti rajin-rajin pake. Warnanya enggak mencolok walau di swipe berkali2 warnanya enggak akan menambah terang. Ada wangi2 nya juga. Sensasi hanya melembabkan + warna biar enggak pucat. enggak ada spf nya. enggak bikin bibir hitam untuk jangka panjang pemakaian,24H Melt-In Moisture,Nivea,negative,negative,no_aspect,positive,no_aspect,False,,,train
34,"Biasanya aku tim beli lip cream yang merah, tapi akhirnya menemukan warna lip cream selain merah yang cocok dan itu ada di OMG suka banget deh.. Semoga ada promoan lagi beli produk ini. Ringat banget di bibir aku cuss belii",Oh My Glam Mattelast Lip Cream,Omg,no_aspect,no_aspect,positive,no_aspect,no_aspect,False,,,train
85,"Nivea 24H Melt ini Moisture tuh pelembap bibir yang bikin nyaman banget dipakai sehari-hari. Teksturnya lembut, gampang melt di bibir, dan enggak kerasa berat sama sekali. Yang paling aku suka, dia tuh enggak cuma mengasih efek lembap sementara, tapi benaran bikin bibir jadi lebih halus kalau dipakai rutin. Aku pakai yang varian rasa stroberi, baunya enak banget, kayak permen tapi enggak lebay. Warnanya sheer pink, jadi pas banget buat look natural. Cocok buat kamu yang enggak suka lipstik tapi pengin bibir kelihatan segar. Soal ketahanan, memang enggak seharian banget, tapi cukup tahan lama untuk ukuran lip balm. Kalau makan atau minum, ya perlu reapply lagi. Tapi karena kemasannya kecil dan praktis, gampang banget dibawa ke mana-mana. Harganya juga ramah di kantong, jadi worth banget buat yang butuh pelembap bibir harian. Intinya, Nivea 24H Melt ini Moisture ini paket lengkap: melembapkan, ringan, plus wangi enak. Kalau bibir kamu sering kering, ini bisa jadi solusi yang pas.",24H Melt-In Moisture,Nivea,neutral,neutral,positive,positive,positive,False,,,train
185,Beli ini karena benaran cari yang cepat dan apa yang ada saja dan turns out dia basic saja sih dan sok sok banget enggak yang wow dan enggak yang enggak ok begitu sih. Lembabnya gampang banget ilang🥲 enggak begitu hydrating juga jadi suka agak sad tapi kalo mau ditimpa produk lip matte lumayan oke sih buat enggak yang bibir kering kerontang amat tapi tetap kurang lembabnya,24H Melt-In Moisture,Nivea,no_aspect,negative,no_aspect,negative,no_aspect,False,,,train
373,"baunya enak, pas dipakai juga kayak nge sheer begitu enggak kayak lilin, soalnya ada beberapa lip balm yang pas dipakai kayak lilin begitulah teksturnya. bisa bikin bibir aku yang pucat jadi lebih merah. harus sering reapply karena cepat hilang juga, kan. dan soal spf aku enggak tau ini ada spfnya atau enggak",24H Melt-In Moisture,Nivea,positive,negative,positive,no_aspect,no_aspect,False,,,train
2999,"Cocok dibawa kemana-mana dengan ukurannya yang super mungil, ada wanginya juga terus ada warnanya. pink-pink begitu setelah pake. Lumayan bikin bibir enggak kering-kering, cocok buat dipakai sehari-hari begitu",Baby Lips Love Color,Maybelline,neutral,no_aspect,no_aspect,positive,no_aspect,False,,,train
82,"Pakai ini menurutku kelembabannya cepat ilang, jadi harus reapply lagi kalau sudah agak kering. Tipe lip balmnya padat yang enggak gampang patah dan mengasih warna agak ke pink di bibir. Harganya juga masih terjangkau buat kantong mahasiswa.",24H Melt-In Moisture,Nivea,positive,no_aspect,neutral,negative,positive,False,,,train
238,"cuma pakai ini sebelum bobo karena bibir aku sering kering tiap bangun tidur. keringnya bisa seharian sampai ngelupas-ngelupas gituu. sebelum bobo aku mengaplikasikan di bibir yang sudah dibasahin pakai air, oles sampai tebel. paginyaa bibir enggak kering, hurray! repurchase enggak ya? sok far oke sih tapi lagi cari yang lebih moisturizing saja",24H Melt-In Moisture,Nivea,no_aspect,no_aspect,no_aspect,positive,no_aspect,False,,,train
64,"enggak ada warna sih tapi baguss. Wanginyaa nothing? But works well on my lips ngelembapinnya oke. Aku pakai ini selama winter di korea bareng wardah juga and both works good gabuat bibir aku kering dan malah tetap terhidrasi, worth tapi try kok. However aku kasih bintang 4 karena somehow i prefer lip balm yang ada baunya saja 🤣",24H Melt-In Moisture,Nivea,negative,no_aspect,no_aspect,positive,no_aspect,False,,,train
200,"akhirnya balik lagi ke nivea lipbalm moist dan kali ini pilih yang varian strawberry kalau dizoom di balm.nya ada semacam glitternya jadi bikin efek shine dibibir. Karena akhir-akhirnya cuacanya super terik mana kurang hidrasi karena lagi puasa bibir super kering dan mulai pecah-pecah, pakai ini sangat membantu bikin bibir lembab tahan lama, bahkan ketika balm.nya sudah hilang tapi efeknya masih kerasa dibibir, terus ini juga bisa jadi base sebelum pemakaian liptint maupun lipmatte yang bikin enggak crack",24H Melt-In Moisture,Nivea,no_aspect,positive,no_aspect,positive,no_aspect,False,,,train
414,"Lip balm pertama aku, enak banget, wanginya sweet, ya namanya juga strawberry. Warnanya ada cuma natural banget, jatuhnya ke peach di bibirku. Tidak ada SPF. Packagingnya lucu. Lumayan aweet banget. sudah mau setahun belum abis. xxoo",24H Melt-In Moisture,Nivea,neutral,no_aspect,no_aspect,no_aspect,no_aspect,False,,,train
291,"memakai ini gara-gara biar samaan sama Bangtan awkwkwk, tapi ternyata memang bagus sih dia, bikin bibir lembab plus ada hint merahnya di bibir yang bikin makin kelihatan segar mukanya, teksturnya juga aku lumayan suka karena enggak terlalu lengket dibibir",24H Melt-In Moisture,Nivea,positive,no_aspect,positive,positive,no_aspect,False,,,train
275,Aku suka semua produknya Nivea. Lip balm nya pun menurutku sangat affordable dengan kualitas yang bagus. Yang aku kurang suka dari varian ini adalah warnanya merah banget jadi gonjreng wkkw. Aku lebih suka yang watermelon karena terkesan lebih natural.,24H Melt-In Moisture,Nivea,negative,no_aspect,no_aspect,no_aspect,positive,False,,,train
329,"lip balm ini aku dulu aku pakai kalau lagi pengin no-makeup-makeup look. aku beli dia pas baru kenal makeup, shadenya merah yang warm-toned dengan hint oranye. sekarang aku sudah move on dari lip balm ini karena efek moisturizingnya kurang berasa banget di aku dan malah bikin bibir aku pecah-pecah. terus, ternyata aku lebih cocok sama warna pink yang cool-toned buat di bibir aku. selain itu menurut aku lip balm dalam bentuk stick begini juga kurang higienis, karena bibir kita selalu langsung kena ke produknya tiap kali pakai.",24H Melt-In Moisture,Nivea,neutral,no_aspect,no_aspect,negative,no_aspect,False,,,train
258,"Bagus produk dari nivea ini!! Bibir ku selalu bermasalah dari dulu, kering dan pecah2 sampai berdarah2.. lalu aku coba produk ini, ternyata membantu bgt, bibir jadi enggak pecah2 lg, terus ada warnanya jg, binir jadi kelihatan merah merona dan natural bgt, kelihatan fresh.. sayang dia enggak ada UV nya.. kalo ada pasti perfect banget",24H Melt-In Moisture,Nivea,positive,no_aspect,no_aspect,positive,no_aspect,False,,,train
207,"cukup melembabkan bibirku yang kering, warna bibir juga jadi kelihatan pink natural pas pakai lip balm ini, jadi aman dipakai ke sekolah. terus denger-denger ada spf-nya, jadi menambah nilai plus lipbalm ini. repurchase? nanti, kalo enggak nemu lipbalm lain yang lebih bagus.",24H Melt-In Moisture,Nivea,positive,no_aspect,no_aspect,positive,no_aspect,False,,,train
2943,"sebenarnya warnanya cantik, tapi kalo bibirnya cenderung hitam jadi enggak kelihatan warnanya. Lebih terlihat bibir lembab, sehat aja. Suka sama kelembabannya, lumayanlah walau enggak bertahan lama. Wanginya itu soft bgt. jadi pengin pakai lagi, pakai lg..",Baby Lips Love Color,Maybelline,negative,negative,no_aspect,positive,no_aspect,False,,,train
86,"Beli karena ikutan idol kpop yang pakai ini, hehe. Untuk melembabkan oke banget, masalah bibir kering memang teratasi. Cuman masalah lainnya, adalah kurang bisa menutup bibir hitam dan warnanya itu benar benar yang pink mencolok di aku. Jadi kelihatan banget kalau lagi pakai sama nggaknya",24H Melt-In Moisture,Nivea,negative,no_aspect,no_aspect,positive,no_aspect,False,,,train
221,"Pas dipakai memang lembab cuman enggak awet lembabnya karena cepat meresap di bibir, 2 jam kemudian berasa biasa saja lagi bibirnya. cuman bagusnya dia tuh enggak bikin pecah2 bibir. Aku pakai ini pagi doang dan aku kerja di ruangan AC yang super dingiin, aku seharian enggak reapply tapi bibirku enggak pernah ngelupas & pecah2 kalo pakai inii. Oiya ini yang merah ada tintnya merah tapi TIPIS banget ya, mungkin bakal keluar begitu kalo dilayer berapa kali.",24H Melt-In Moisture,Nivea,neutral,negative,no_aspect,positive,no_aspect,False,,,train
204,"Lip balm dengan harga terjangkau dan gampang di temukan kemana-mana. Cocok banget buat di bawa jalan karena higienis dan berukuran kecil. Ada warnanya sedikit, jadi bikin bibir terlihat segar bersinar dan kemerahan. Kekurangannya daya lembabnya kurang nampol.",24H Melt-In Moisture,Nivea,positive,no_aspect,no_aspect,negative,positive,False,,,train
2945,Dulu jaman sama kayaknya beli ini mulu karena look-nya natural dan cukup melembabkan. Baunya enak dan mudah didapatkan. sudah begitu ini produk enggak abis-abis padahal dipakenya tiap hari. Kalo untuk sekarang sih sudah enggak pernah repurchase karena menurutku kurang hydrating & warnanya kurang cover.,Baby Lips Love Color,Maybelline,negative,no_aspect,no_aspect,negative,no_aspect,False,,,train
215,"My favorit lip balm sejauh ini, melembabkan bibir banget, kalau ketahanan memang enggak lama bangett, tapi kalau untuk daily use menurut aku sih cocok cocok aja, rajin apply saja sih kalau aku, soalnya kan mudah banget kalau mau apply, wanginya juga enak banget sih",24H Melt-In Moisture,Nivea,no_aspect,negative,no_aspect,positive,no_aspect,False,,,train
364,"Suka banget sama produk ini karena melembabkan, tapi biassanya melembabkannya enggak bertahan lama banget sih wkwkkw apalagi kalau dibawa tidur, atau jalan2. soalnya bibirku tipis dan bisa suka termakan begitu kadang jadinya lembabnya hilang melulu wkwkwk",24H Melt-In Moisture,Nivea,no_aspect,negative,no_aspect,positive,no_aspect,False,,,train
135,"Waktu sampai karena gaboleh pakai liptint solusinya mencari lip balm yang punya sedikit warna kemerahan biar enggak pucet dan tetap fresh mau ke sekolah , salah satu andalannya pakai produk lip balmnya menueur aku selama pemakaian dari sampai sampai sama aku merasa enak enak saja ya nyaman karena enggak berat di bibir , punya stain warna yang natural kayak warna bibir sedikit kemerahan enggak merah medok jadi menor begitu , punya wangi yang enak itu poin plus sih jadi nyaman mau dipakai setiap hari",24H Melt-In Moisture,Nivea,positive,no_aspect,positive,no_aspect,no_aspect,False,,,train
2962,"beli ini gara-gara belum kebiasa pakai lipstick dan klopake lipstickter kesan sudah kayak orang dewasa. wkwkBibir ku juga kering/pecah2 cepat ngelupas terus dngar2 pakai ini bagus biar ngelembapin bibir tapi krg tau kalo bisa nyembuhin bibir kering/pecah2 kayak aku, sudah lama makenya tapi jarang juga, kadang-kadang pakai kadang-kadang enggak dan bibir tetap saja enggak ada perubahannya :(",Baby Lips Love Color,Maybelline,no_aspect,no_aspect,no_aspect,positive,no_aspect,False,,,train
2938,"selama ini pakai lipbalm enggak pernah yang ada warnanya. akhirnya mencoba babyips color yang bisa jadi alternatif buat sehari-hari kalo bibirnya lagi super kering dan capek pakai lipstik. claim 6hr moisturenya enggak berlaku di bibir aku sih, paling 2-3jam sudah perlu retouch lagi.",Baby Lips Love Color,Maybelline,no_aspect,negative,no_aspect,positive,no_aspect,False,,,train
321,"Sesuai claim nya melt and moisture packangingnya lucu, aku lebih suka yang variant strawberry ini deh soalnya warnanya benar benar alami bikin bibir terlihat cerah dan sehat, biki moisture sudah pasti dong, wanginya enak walau cuma dikit.",24H Melt-In Moisture,Nivea,positive,no_aspect,positive,positive,no_aspect,False,,,train
287,"Lip balm andalan. Sudah pakai lip balm merk ini lebih dari 2 tahun dan pastinya sudah re-purchase beberapa kali. Lip balm ini cukup melembabkan dan ada sentuhan warnanya sedikit, warna merah natural stroberi. Kadang suka pakai lip balm ini saja tanpa ditambahkan apa-apa lagi hehe.",24H Melt-In Moisture,Nivea,neutral,no_aspect,no_aspect,positive,no_aspect,False,,,train
227,"Buat produk ini buat wanginya sendiri enakk, tapi kalo buat melembabkan ini kurang banget huhu, cuma bertahan 30 menit, masih bagusan vaseline yang lip terapi, ada warnanya dikitt, pembelian kembali?? Tidakk",24H Melt-In Moisture,Nivea,neutral,negative,no_aspect,negative,no_aspect,False,,,train
115,"Rasanya ringan di bibir dan dia kasih hint merah sedikit jadi bagus kalau dipakai pas bare lip gitu, harganya juga masih affordable dengan isinya yang lumayan banyak, untuk kelembabannya masih biasa saja belum yang melembabkan banget tapi masih wort tapi try menurut aku",24H Melt-In Moisture,Nivea,positive,no_aspect,positive,neutral,positive,False,,,train
162,"lip balm nivea cocok banget untuk bibir bibir kering kerontang, merah nya enggak lebay, finish nya glossy tapi tidak kering?? hebat betull, cocok banget untuk treatment bibir, yang terpenting adalah nivea produk aman sudah bpom, dan terbukti aman aku pakai sudah lebih dari satu tahunn",24H Melt-In Moisture,Nivea,positive,no_aspect,no_aspect,positive,no_aspect,False,,,train
35,"lip cream paling nyaman dipakai sehari hari dan harganya murce banget, ini lip cream tapi reksturnya enak dan nyaman enggak ngecrack di bibir, yang ada dia menutupi garis garis bibir jadi ada efek blurringnya, warnanya juga cantik cantik banget",Oh My Glam Mattelast Lip Cream,Omg,positive,no_aspect,positive,no_aspect,positive,False,,,train
337,"lip balm ini sering aku pakai kalo aku lagi pergi pergi saja sih soalnya kalo buat di pakai buat tidur aku sedikit takut ya, karena setiap pakai ini bibir aku jadi ada sedikit warna pink pink nya gitu, ini termasuk tint lip balm enggak si? dan setiap pakai ini aku suka soalnya wangi nya enak.",24H Melt-In Moisture,Nivea,positive,no_aspect,no_aspect,no_aspect,no_aspect,False,,,train
216,"lip balm yang teksturnya ringan. enggak terlalu oily tapi cukup buat lembabin. dipakai sebelum pakai lipstik atau lipcream juga bagus. ada warna sheer merahnya sedikit. enggak ada glitternya, ada aroma sedikit. efek lembabinnya enggak terlalu tahan lama, kerasa kalau lembabinnya di lapisan luar bibir saja enggak sampai meresap. cocok buat dialy use",24H Melt-In Moisture,Nivea,positive,negative,positive,negative,no_aspect,False,,,train
2976,"hai hai, selamat siang semuanya, hmm enggak kerasa ya ramadhan sudah hampir usai, memang hari-hari terakhir itu panaass bgt. kali ini aku mau mereview salah satu produk dari Maybelline yaitu Baby Lips yang varian Cherry Kiss. aku sih beli baby lips ini gara-gara mau beli lip balm merk lain tapi malah ketemu ini dan akhirnya menarik hati aku wkakaka. aku pilih yang Cherry Kiss karena pengin saja warna itu, sebelumnya aku juga pernah beli tapi yang varian Coral Flush dan aku enggak suka, enggak cocok di bibir aku. dari segi kemasan sih biasa saja wkwkwk simpel tapi aku suka, waktu aku buka isinya pink, tutupnya kecil dan kalo mau aplikasi harus diputer bagian bawah yang bergerigi itu, aku pakai kalo tidur, kadang aku campur sama Nivea Lip Butter, bangun-bangun bibir aku jadi pink sexy begitu hihihi, lembab dan lembuutt bgt.aku juga pakai kalo ke sekolah, tapi sayang daya tahannya enggak lama, cuma sekitar 2-3 jam di aku, wajar aku orangnya suka makan, jadi ilang-ilangan hehehe.isinya banyak, awet banget enggak habis-habis, tapi punyaku tulisannya sudah ilang, jadi polos begitu wadahnya,buat melembabkan aku rasa oke, apalagi puasa-puasa gini, bibir jadi rawan kering kan.yang bingung mau cari lipbalm bisa juga nih pilih produk dari review aku, semoga bermanfaat.",Baby Lips Love Color,Maybelline,no_aspect,negative,no_aspect,positive,no_aspect,False,,,train
277,"suka banget sama produk ini.. karena bener-bener bikin bibir jadi lembab.. enggak kering atau melopek pecah pecah.. wanginya lumayan lah, enggak terlalu 'nyegrak'.. terus dia bikin bibir merah, tapi merahnya yang enggak lebay gitu.. pas lah",24H Melt-In Moisture,Nivea,positive,no_aspect,no_aspect,positive,no_aspect,False,,,train
90,"Beli ini karena waktu itu lagi promo saja sih hehe, menurut aku produk ini so-so lah ya karena kurang melembabkan dibibir aku yang super kering tapi mungkin ini cocok buat anak sekolah atau yang pengin bibir natural saja soalnya warnanya juga sangat sheer",24H Melt-In Moisture,Nivea,neutral,no_aspect,no_aspect,negative,no_aspect,False,,,train
8,"Awalnya coba buat inner ombre, ternyata bagus juga dan cocok dipaduin sama lipmatte produk lain, stain nya juga awet bagus enggak bikin pucat, bisa dipakai sendiri tanpa base juga bagus untuk undertone cool, apalagi produknya murah cuma 20ribuan",Oh My Glam Mattelast Lip Cream,Omg,positive,positive,no_aspect,no_aspect,positive,False,,,train
331,Bagus banget lipbalm nya Nivea. Bikin bibir lembab. Terus warnanya pink gitu. Aromanya juga enak wangi strawberi tapi wanginya enggak lebay. Jadi enak banget deh. Lipbalm ini cocok buat yang bibirnya kering dan sering pecah-pecah..,24H Melt-In Moisture,Nivea,neutral,no_aspect,no_aspect,positive,no_aspect,False,,,train
341,"mantapp, lipbalm ini agak berwarna sedikit dan mengeluarkan efek glossy2 glitter dibibir begitu terus efek melembabkannya dapat juga, awalnya iseng doang nuari lipbalm eh akhirnya nemi ini karena lagi diskon juga dan enggak menyesal pokoknya recommended banget deh",24H Melt-In Moisture,Nivea,neutral,no_aspect,no_aspect,positive,no_aspect,False,,,train
58,"Sebagai pemilik bibir kering kerontang pas mau pakai lip cream orang lip tint aku butuh banget lipbalm. Lip balm ini salah satu yang dulu sering aku pakai, cukup melembabkan tapi enggak yang bikin langsung hilang keringnya walaupun tiap hari dipakai. Cukup saja sih buat lip prep sebelum ditimpa produk lips yang lain",24H Melt-In Moisture,Nivea,no_aspect,no_aspect,no_aspect,neutral,no_aspect,False,,,train
225,"Sangat membantu bibir aku yang kering kerontang!! kalo aku malas pakai lipstick, aku cuma pakai ini saja udab bikin moist bibir dan bikin warna bibir ku jadi ""merah"" yang cantik natural begitu dan kerasa ada a bit of shimmering! memang enggak terlalu tahan lama sih, cuma buat aku fine2 saja tinggal di apply lagi enggak ribet 🫶 Ini andalan aku juga sebelum pakai lipstick terutama lip matte! kalo bibir aku sudah kering parah banget memang enggak terlalu nampol pakai ini, tapi caraku aku olesin terus sampai bibir keringnya agak kekupas, dan kalo sudah terkelupas, aku ratain lagi pakai nivea ini.",24H Melt-In Moisture,Nivea,positive,negative,no_aspect,negative,no_aspect,False,,,train
366,"cinta banget sama ini, selain scrub bibir ini salah satu produk yang aku suka dan ngaruh banget untuk bibir aku yang item aku rekomendasikan ini buat kalian yang punya masalah bibir kering dan hitam pokoknya ini the best banget kalian wajib coba",24H Melt-In Moisture,Nivea,no_aspect,no_aspect,no_aspect,positive,no_aspect,False,,,train
2970,"Produk maybelline yang paling favorit ya produk lips nya. enggak usah ditanya lipbalm mereka itu yang terbaik pokoknya. Teksturnya bagus jadi kalo dipakai enggak kayak makan gorengan gitu, kalo dipakai lama jatohnya matte natural begitu (gakayak matte lipstick loh ya). Pas dipakai aromanya enaak banget sensasi cherry gitu. Repurchase this product!",Baby Lips Love Color,Maybelline,no_aspect,no_aspect,positive,no_aspect,no_aspect,False,,,train
59,"Produk nivea lumayan bagus bagus apalagi produk lip balm nya, lip balm Nivea yang strawberry ini benar benar cocok di aku, ngelembabin bibir, bibir jadi enggak pecah pecah, warna nya pun jadi segar cocok di pakai sebelum pakai lipstik, pokoknya bagus buat sehari hari",24H Melt-In Moisture,Nivea,no_aspect,no_aspect,no_aspect,positive,no_aspect,False,,,train
101,"Lip balm yang dapat tahan hingga seharian full. Saya punya yang rasa strawberry, bau nya cukup enak dan harum, bisa menjaga kelembaban bibir, menghindari dari bibir pecah pecah. Isinya juga banyak, memberikan efek lembab dan sedikit glossy.",24H Melt-In Moisture,Nivea,no_aspect,positive,no_aspect,positive,no_aspect,False,,,train
410,"suka bangetbangetbanget sama lipbalmnyaa, ada warnanyaa dan benaran bisa biki shine begitu pas pertama kali apply di bibir, benaran bisa ngelembapin bibir dan enggak kerasa lengket dan berat begitu dibbibir, isinyaa banyak dan wangii banget, gampang dibawa kemana2. recommended!",24H Melt-In Moisture,Nivea,positive,no_aspect,positive,positive,no_aspect,False,,,train
239,"Lip balm andalan aku! benaran ngelembabin dan wanginya suka banget. Cuma kalo habis makan harus apply lagi sih. Juara banget kalo buat pakai lip matte enggak bikin kering. Nivea enggak pernah ngecewain. enggak tau aku pakenya jarang apa gimana, tapi habisnya lama banget",24H Melt-In Moisture,Nivea,no_aspect,negative,no_aspect,positive,no_aspect,False,,,train
202,sering pakai ini pas masih sekolah karena natural banget di skintone aku! enggak pernah dicurigain guru dan warnanya super cantik kayak konsep mlbb.. tapi setelah ketemu peach shine sih aku lebih suka yang peach karena memang suka tone orange dibanding pinkish.. sayangnya sampai sekarang di indonesia masih belum carry peach shine,24H Melt-In Moisture,Nivea,positive,no_aspect,no_aspect,no_aspect,no_aspect,False,,,train
256,Lipbalm yang selalu ada dibawa kemana2. Suka karena ringan dan tintnya cantik banget enggak lebay gitu. Daya tahannya sih biasa saja tapi karena stick begini masih bisa di reapply lagi kalo butuh. Wanginya juga manis dan enak bangett. Recommended lah,24H Melt-In Moisture,Nivea,positive,neutral,positive,no_aspect,no_aspect,False,,,train
170,"aku pakai ini sebelum pakai produk lipmatte orang lipstick intinya yang ngebuat bibir kita berat, seperti namanya lip balm sudah pasti moist di bibir, tapi kalo untuk ngehilangin bibir hitam enggak yaa, warnanya ada tapi natural bangett, tapi kalo untuk perlipbalman deh okey",24H Melt-In Moisture,Nivea,neutral,no_aspect,no_aspect,positive,no_aspect,False,,,train
168,"Salah satu lipbalm favorite aku, produk ini bisa ngelembabin bibir aku dengan baik tapi kalau lagi kering banget sampai ngelupas harus sering-sering di touch up. Lipbalm ini mengasih warna tapi bener-bener sheer banget. Ada aroma strawberrynya dan enggak terlalu berat dibibir. Produk ini harganya murah dan gampang banget ditemuinnya",24H Melt-In Moisture,Nivea,neutral,negative,positive,positive,positive,False,,,train
193,"Coba berbagai lipbalm tapi paling suka nivea yang strawberry shine ini, pernah coba juga variant lain, ujung-ujungnya tetap balik lagi ke yang strawberry. Ngelembapin tapi enggak bikin risih yang kaya berminyak banget gitu. Pakai lipbalm ini sudah bertahun dan akan selalu repurchase sih. karena sudah nyaman.",24H Melt-In Moisture,Nivea,no_aspect,no_aspect,positive,positive,no_aspect,False,,,train
393,"beli ini karena keracunan. love hate sih sama lipbalm satu ini, karena aku kurang suka sama formula pas diaplikasikan dibibir aku, terlalu greasy jadi kurang nyaman saja buat aku. padahal suka sama baunya, warnanya dibibir aku juga merah-merah natural gitu, cuma terlalu berminyak begitu kalau dilihat-dilihat. harganya juga lumayan terjangkau untuk kantong pelajar.",24H Melt-In Moisture,Nivea,positive,no_aspect,negative,no_aspect,positive,False,,,train
280,"lama banget sih jujur abisin nih lip balm, plusnya ini ada pigment warna, jadi bikin bibir pink alami even pas bangun tidur pun! minusnya adalah ini enggak begitu moisturize di bibir, harus re apply berkali kali, jadi kayanya aku enggak akan repurchase sorry",24H Melt-In Moisture,Nivea,positive,negative,no_aspect,negative,no_aspect,False,,,train
346,"lip balm ini cocok banget dipakai remaja. teksturnya ringan di bibir. warnanya pink red yang tipis natural, warnanya memang enggak terlalu terlihat. hasilnya glossy. wanginya khas wangi strawberry. lip balm ini bakalan cocok dipakai ke sekolah yang enggak bolehin kamu makeup an, wkwkwk. aku dulu biasanya pakai ini sebelum sekolah atau kalau mau tampil keluar dengan look natural.",24H Melt-In Moisture,Nivea,neutral,no_aspect,positive,no_aspect,no_aspect,False,,,train
3,"aku terinfluence dari teman aku, terus aku coba pakai dan rupanya enggak terlalu kering dan awet banget dipakai seharian, sudah dipakai makan gorengan, es dan dibawa panas-panasan tetap saja stay on huhhu banget banget deh, harus mencoba yaa!",Oh My Glam Mattelast Lip Cream,Omg,no_aspect,positive,no_aspect,neutral,no_aspect,False,,,train
2963,"baby lips dari maybelline ini bener-bener ringan, bikin lembab bibir, harganya terjangkau dan yang penting mudah di dapat dimana-mana karena di indomart juga ada. meskipun aku kadang pakai lip balm dari merk-merk lain, tapi pasti juga pakai dari maybelline ini. karena bibir aku kering dan ketika aku enggak bawa lipbalm, aku gampang ngedapetinnya. enaknya juga karena sheer colour. jadi warna bibir alami.",Baby Lips Love Color,Maybelline,neutral,no_aspect,positive,positive,positive,False,,,train
87,"ini life saver aku pas bibir aku lagi kering, karena bibir aku itu sering banget kering apalagi pas sakit dan habis sakit pasti banget aku selalu pakai ini buat selalu ngelembabin bibir aku karena praktis mudah dibawa kemana mana, lucu sudah ada warna nya jadi enggak pucet banget dan gampang di cari di mana mana",24H Melt-In Moisture,Nivea,positive,no_aspect,no_aspect,positive,no_aspect,False,,,train
165,lip balm favorite aku dari jaman sama bikin bibir jadi lembap dan enggak lengket sama sekali dibibir harganya juga affordable banget dan gampang dicari di ecommerce atau minii market dan ada warna pink nya juga jadi bikin bibir enggak kelihatan pucat,24H Melt-In Moisture,Nivea,positive,no_aspect,positive,positive,positive,False,,,train
378,"Beli ini karena boy group favorite yang jadi model iklan, wkwkwk. Baunya harum strawberry begitu dan waktu dipakai ada efek glitter. Aku biarkan beberapa menit sampai dia meresap di bibir dan mengasih hasil bibir yang lebih pink gitu. Lembab nya bertahan sekitar satu sampai dua jam.",24H Melt-In Moisture,Nivea,positive,neutral,no_aspect,positive,no_aspect,False,,,train
53,"yang pertama sih sebagai pelajar harganya murcee pwooll, warnanya cakep-cakep bwaanggeett, pigmented banget, aplikasiinnya gampang banget, enggak gampang crack asal di kasih lipbalm dulu, bibirku tuh lumayan gelap tapi bisa ke cover, ringan juga kayak enggak pakai lipstick",Oh My Glam Mattelast Lip Cream,Omg,positive,no_aspect,positive,positive,positive,False,,,train
229,"lip balm stick pertamaa yang aku punya🥹 enak banget wangi nya strawberry, but agak cepat luntur si.. terus kalo lembab menurut ku oke saja karena kurang saja rasa nya. tapi cocok jadikan pertolongan pertama saat bibir kering",24H Melt-In Moisture,Nivea,no_aspect,negative,no_aspect,neutral,no_aspect,False,,,train
315,"sudah enggak tau berapa kali repurchase product ini, terhitung dari 2017an. Super nyamaan dipakai buat dialy, pagi-siang-malem pakai terus sangking sukanya, ngelembabin bibir banget, ada fragrancenya tapi enggak ganggu sama sekali, pokoknya kalo malas pakai lipcream ya sih nivea ini jalan pintasnya. LAAVV sok MUCC",24H Melt-In Moisture,Nivea,no_aspect,no_aspect,positive,positive,no_aspect,False,,,train
3001,"My favorit lipbalm yeey! Xoxo. karena prtma kalinya coba lipbalm dan over all aku suka, prtma dari wrna nya yang pas walaupun enggak pigmen seperti lipstick tapi bikin bibir aku jadi enggak pucat dan glossy begitu jadi bikin muka kelihatan lebih suegerr. Dia juga mngndung spf, jadi mncegah bbir rusak karena sinar uv, dan menutrisi dengan kndungan2 yang brmnfaat buat bbir kita. Pas banget buat dpkai sehari2;)",Baby Lips Love Color,Maybelline,positive,no_aspect,no_aspect,no_aspect,no_aspect,False,,,train
100,"Lipbalm ini wanginya enak banget aroma strawberry, bikin bibirku lembab seharian karena mengandung minyak almond & jojoba, ada SPF 10 juga yang pastinya melindungi bibir dari sinar UVA/UVB, lipbalm ini berwarna sheer pink dan glossy di bibir",24H Melt-In Moisture,Nivea,neutral,no_aspect,no_aspect,positive,no_aspect,False,,,train
382,"Di aku jadinya kering banget, padahal warnanya cantik sheer merah begitu jadi bikin bibi kelihatan sehat, tapi baru 1 jam malah tambah kering, di re apply juga masih sama kering, jadi aku suka warnanya aja, baunya juga menurut aku agak aneh jadi kurang suka",24H Melt-In Moisture,Nivea,positive,negative,no_aspect,negative,no_aspect,False,,,train
2981,"Karena penasaran, akhirnya ikutan beli. Tapi memang pada dasarnya jarang pakai lipbalm, alhasil masih utuh sampai sekarang. Sama seperti lipbalm yang lain, baby lips maybelline ini sangat melembabkan. Kesan pertama saat diaplikasikan, terlalu berminyak dan warnanya juga enggak terlalu kelihatan. Mungkin bisa dibalance sama lipstik matte biar enggak terlalu kering di bibir.",Baby Lips Love Color,Maybelline,negative,no_aspect,negative,positive,no_aspect,False,,,train
211,"Dibibir mnrt ku enggak begitu berat sih, biasa aja, cuman glossy nya itu, kan ada ya orang yang suka glossy sama yang engga, aku sendiri cukup fine, as long as bisa melembabkan bibir ku. tapi apa ya, produknya itu kayak ke oles sesuatu dikit aja, kayak langsung hilang begitu :'D jadi harus berkali2 reapply ig, untuk harga nya kayaknya enggak mahal2 amat deh 25-35k gtu, aku lupa",24H Melt-In Moisture,Nivea,no_aspect,negative,positive,positive,positive,False,,,train
376,"aku baru pertama kali pakai lip balm berwarna kayak gini. wanginya kayak permen, sweet bangett. terus teksturnya tuh bikin bibir glossy dan bikin bibir aku berwarna sheer pink. cukup melembabkan dan bikin bibir aku enggak pucet. love this. dann yang pasti harganya affordable dong buat yang masih sekolah kayak aku",24H Melt-In Moisture,Nivea,positive,no_aspect,positive,positive,positive,False,,,train
84,"ini lipbalm enak, wangi strawberry dan ada efek color changing nya, lembab nya awet, harus tetap reapply tapi itu sangat wajar, bikin bibir naik tone pelan-pelan, bikin bibir lembab dan enggak kering kerontang sampai ngelupas, bibir lembab seharian",24H Melt-In Moisture,Nivea,neutral,no_aspect,no_aspect,positive,no_aspect,False,,,train
257,pelembab bibir yang mengasih efek shiny dibibir dan sedikit warna merah tapi enggak norak dan tetap terlihat natural warnanya. ini membantu banget sih buat ngelembabin bibir yang kering apalagi kalo kerja diruangan berAC.,24H Melt-In Moisture,Nivea,positive,no_aspect,no_aspect,positive,no_aspect,False,,,train
357,"use this lip balm at first buy really good every night I use, nice and really red lips, uh, it's been around 3-4 months instead of lips turning black, after I saw itu turns out that there is an ingredient glycerin, which means itu can remove moisture from the lips if not balanced with occlusive substances but memakai sure itu also contains occlusive substances such as beeswax, shea butter, coconut oil, petrolatum, orang squalene guaranteed tapi be safe hehe, but this doesn't memakai itu really dry and moist, I suggest using itu when I go, don't use itu at night, this is a good product please try it! mau be useful!",24H Melt-In Moisture,Nivea,no_aspect,no_aspect,no_aspect,neutral,no_aspect,False,,,train
413,"Recommended banget buat anak sekolahan, lipbalm ini melembabkan parah terus mengasih effect warna merah tapi enggak lebay, bau nya juga enak banget kayak strawberry yang segar gitu. Harganya juga affordable dan gampang banget dicari di drugstores. Fyi aku pakai lipbalm ini sudah dari smp, dan enggak pernah ganti karena memang bagus.",24H Melt-In Moisture,Nivea,positive,no_aspect,no_aspect,positive,positive,False,,,train
330,Lipbalm yang selalu ada dibawa kemana2. Suka karena ringan dan tintnya cantik banget enggak lebay gitu. Daya tahannya sih biasa saja tapi karena stick begini masih bisa di reapply lagi kalo butuh. Wanginya juga manis dan enak bangett. Recommended lah,24H Melt-In Moisture,Nivea,positive,neutral,positive,no_aspect,no_aspect,False,,,train
230,"Lipbalm ini benar-benar sesuai klaimnya. Di aku benar benar melembabkan dari berangkat kerja (07.00) sampai aku pulang kerja (16.00) no touch up. Aku biasanya pakai ini dulu terus ditimpa pakai liptint , jadi hasilnya enggak ngecrack dan tahan lama (stain). Oh ya produk ini ada tint nya sedikit tapi enggak ganggu, rasanya juga enak manis2 strawberry gitu. repurchase? yess",24H Melt-In Moisture,Nivea,positive,positive,no_aspect,positive,no_aspect,False,,,train
295,"suka banget karena harganya affordable begitu terus dia ada warnanya dikiit banget tapi tetap bikin muka jadi fresh, bisa banget buat dipakai ke sekolah, sok far ini lipbalm terlembap dari sekian lipbalm yang pernah aku mencoba padahal bibirku tipe yang kering kerontang, padahal enggak expect apa-apa karena kupikir ya sama saja kayak lipbalm lainnya",24H Melt-In Moisture,Nivea,no_aspect,no_aspect,no_aspect,positive,positive,False,,,train
194,"Lip balm favorit aku dia ada sedikit warnanyaa,wangi strawberry juga enak banget terus ada glitternyaa tapi enggak begitu kelihatan melembabkan nya dapat bangett,bibir jadi lembab seharian tapi tetap harus di reapply pakai lip balmnyaa",24H Melt-In Moisture,Nivea,negative,negative,no_aspect,positive,no_aspect,False,,,train
245,"Demi apa ini bagus banget, dulu yang memang benar-benar mager buat pakai lipstik , pakai nya lipbalm ini doang. danbener2 ngebantu. apalagi bisa bikin lembab bibir juga pink natural. harga nya affordable bisa di mendapatkan di alfamart atau indomaret terdekat.",24H Melt-In Moisture,Nivea,positive,no_aspect,no_aspect,positive,positive,False,,,train
171,"Sejauh ini, nivea strawberry shine lip balm jadi salah satu favoritku. Wangi strawberry nya segar dan melembabkan bibirnya tahan lama. mengasih sedikit efek warna di bibirku walau enggak terlalu jelas. sempat agak susah dicari produknya, untung sekarang sudah bertebaran lagi di e-commerce.",24H Melt-In Moisture,Nivea,negative,positive,no_aspect,positive,no_aspect,False,,,train
408,"yashh aku pakai lipbalm ini sudah tau bakal habis nya lama, di aku enggak ada efek buruk, ngelembapin nya biasa aja, warnanya lumayan bagus, aku pakai ini sudah hampir setahun juga, harganya juga murah buat yang mau bisa banget pakai ini, affordable!",24H Melt-In Moisture,Nivea,neutral,no_aspect,no_aspect,neutral,positive,False,,,train
217,suka banget sama produk ini soalnya betul betul melembabkan bibir juga ada warna nya cocok buat orang yang bibirnya gelap aromanya wangi juga ada sedikit gliternya. lumayan tahan lama. aku juga pakai lip balm ini kalau mau tidur dan paginya bibir jadi lembut gitu. kebetupan juga lagi mencari lip balm yang ounya warna begitu biar enggak repot pakai lip ink lagi soalnya aku tipe orang yang enggak bisa banget kalau bibir nya polosan begitu,24H Melt-In Moisture,Nivea,positive,positive,no_aspect,positive,no_aspect,False,,,train
2939,"aku memakai ini jaman kapan yaa, kayanya sudah lama deh..kurang suka sih pakai ini kayak enggak mengasih efek yang beda begitu di bibir.. hmm lebih lembab sih tapi aku ngerasanya kayak berat begitu loh jadi ganyaman dipakenyaa..tapi untuk harga yang segitu sih okay laah",Baby Lips Love Color,Maybelline,no_aspect,no_aspect,negative,positive,positive,False,,,train
220,"The OG atau original brand pertama yang aku pakai lipbalm nya sampai sekarang sudah gonta ganti packaging tetap enak dipakainya, cukup melembabkan wanginya juga enak dan enggak langsung hilang begitu lip balmnya habis minum. Ini aku saja atau bagaimana tapi aku cukup lama pakai lipbalm ini padahal aku pakai kayak tiap hari pas sekolah dulu",24H Melt-In Moisture,Nivea,no_aspect,positive,no_aspect,positive,no_aspect,False,,,train
400,"nilai 4,5. bagus buat bibir lembab. tekstur lipbalmnya suka banget soalnya waktu awal diaplikasiin ke bibir sudah kerasa lembabnya and ternyata ada warnanya dikit natural. lipbalm ini juga suka dipakai sebelum tidur dan hasilnya bagus , waktu bangun bibir lembab dan merah begitu",24H Melt-In Moisture,Nivea,positive,no_aspect,positive,positive,no_aspect,False,,,train
224,"bagus buat kulit bibir yang tingkat keringnya medium, tapi kurang untuk kulit bibir yang keringnya dahsyat banget karena enggak mengasih kelembaban yang kuat dan kurang lama dalam melembabkan, cuma ini cocok banget dipakai buat sehari2 karena praktis dibawa kemana2",24H Melt-In Moisture,Nivea,no_aspect,negative,no_aspect,negative,no_aspect,False,,,train
308,bibir aku rewel banget dan ini termasuk yang enggak cocok padahal pertama kali coba enak saja setelah 2 hari baru deh timbul perasaan enggak nyaman dan kerasa berat di bibir tapi maksa mencoba terus sampai smingguan dan akhirnya nyerah,24H Melt-In Moisture,Nivea,no_aspect,no_aspect,negative,no_aspect,no_aspect,False,,,train
322,"Lip balm nivea ini lumayan ngelembapin. Wanginya enak rasa strawberry. Dia memberikan sedikit warna merah di bibir, tapi sayangnya enggak tranferproof. Jadi harus sering reaply lagi. Harganya juga sesuai dengan kantong pelajar. Dan gampang ditemuainnya",24H Melt-In Moisture,Nivea,positive,negative,no_aspect,positive,positive,False,,,train
386,"Awal awal pakai dia rada bikin kering begitu (perasaan aku saja kali ya) wkekkwwkk, tapi makin sering dipakai dia jadi makin nglembabin, teksturnya juga nyaman banget, enggak lengket dan enggak berat. Cocoklah ini, bisa diapply kapan pun dimanapun.",24H Melt-In Moisture,Nivea,no_aspect,no_aspect,positive,negative,no_aspect,False,,,train
316,kakak aku pernah beli ini jadi aku coba ini warnanya sih pas buka kalau enggak slaah rada orange begitu terus glossy banget tapi kakak aku suka banget sama nih lip balm warnanya cantik menurut aku sih natural juga kalau kalian enggak suka glossy banget bisa tap tap pakai tisu ? jadi cukup rekomen harganya juga cukup murah karena produk lip balm ratarata harga nya segitu sih,24H Melt-In Moisture,Nivea,positive,no_aspect,no_aspect,no_aspect,positive,False,,,train
3002,awalnya pilih ini karena lebih suka lip balm yang ada warnanya.. eh ternyata efek lembabnya lebih long lasting yang baby lips biasa hiks.. padahal yang ini warnanya natural banget di bibir..,Baby Lips Love Color,Maybelline,positive,positive,no_aspect,positive,no_aspect,False,,,train
28,"Yang belum pernah coba lips pink boleh nih coba shade berrynya omg yang OMG warnanya cantik, soft, gampang di blend, sekali swatch warnanya merata, ada efek lembabnya di bibir. Sebelumnya aku pakai lips sejenis dari brand lain ternyata masih worth itu pakai mattelips nya omg apalagi harganya masih sangat sangat terjangkau. Sekarang lips under price 50k pun formulanya sudah pada bagus-bagus semua local brand pula :))",Oh My Glam Mattelast Lip Cream,Omg,positive,no_aspect,positive,positive,positive,False,,,train
54,"Menurut aku pemakaian lip mate shaed 13 dari Brand OMG itu bagus cocok buat base ombre, plus combo sama shaed scarlet no 12 bagus banget cocok buat kulit sawo matang dan harga nya under 20k an dan ber pakejing kayak kaca begitu bagus kok, lip nya terlihat mahal",Oh My Glam Mattelast Lip Cream,Omg,no_aspect,no_aspect,no_aspect,no_aspect,neutral,False,,,train
40,Lip matte OMG yang harganya murah tapi kualitas tidak murahan. Nyaman banget di pakai. enggak bikin bibir kering dan yang pasti harganya yang aman banget di kantor. enggak bikin boncos. pokoknya wajib banget ada di deretan skincare dan memakai up di rumah,Oh My Glam Mattelast Lip Cream,Omg,no_aspect,no_aspect,positive,positive,positive,False,,,train
267,"Awal pakai pelembab nivea ini bikin bibir aku kayak tebal banget. Aku kira aku enggak cocok, eh ternya dia ngangkat sel mati yang ada bibir aku. Lama kelamaan dia jadi ngubah wana bibir aku jadi lebih cerah dari sebelumnya, bikin lembab juga dan glossy. karena dia bentuknya stik jadi mudah banget diaplikasiin ke bibir, tanpa perlu repot pakai tools lainnya. Saran dari aku pakai pelembab bibir ini pada saat mau tidur malam + pas memulai makeup atau setelah skincare an, karena dia membantu banget ngelembabin bibir meskipun ditimpa lagi pakai lisptik yang creamy. Pelembab bibir kecintaan pokoknya.",24H Melt-In Moisture,Nivea,no_aspect,no_aspect,no_aspect,positive,no_aspect,False,,,train
223,"sudah cocok banget pokoknya sama lipbalm nivea yang ini, harganya sangat affordable dan bisa dibeli di toko terdekat juga, selama aku pakai terbukti sih bibir aku enggak pernah kering dan pecah pecah always lembab jadi kalo pakai lipstick/lipcream hasilnya bagus, pastinya buat bibir juga lebih sehat dan warnanya lebih cerah. sudah enggak mau ganti produk lain pokoknya",24H Melt-In Moisture,Nivea,no_aspect,no_aspect,no_aspect,positive,positive,False,,,train
2985,"Di aku warnanya merah cherry, just like the adds, tapi warnanya keluar beberapa saat setelah pemakaian. Cukup tahan lama dibanding lipbalm competitor (range harga sama). Moist my lips, bahkan berasa too much di awal pemakaiannya. Wanginya smooth, not bad..Pros : kemasannya reliable (tutup enggak gampang copot), can buy itu almost anywhere, warna cukup tahan lama (for lipbalm)Cons: berasa oily di awal pemakaianOverall: friendly use for newbie!! Repurchase!",Baby Lips Love Color,Maybelline,positive,positive,negative,positive,no_aspect,False,,,train
56,"kalo kepepet habis dan enggak sempat beli online pasti mencari ini di minimarket terdekat dan pasti ada, aku suka varian yang ini karena wangi strawberry! walaupun softt banget dan aku merasa produk ini ada sedikit glitter glitternya kelihatan cantik, di bibirku ini lembab tapi enggak yang over gitu, cuma aku enggak merasa bibirku jadi cerahan setelah pakai ini. tapi overall sesuai dengan tujuan lipbalm",24H Melt-In Moisture,Nivea,no_aspect,no_aspect,positive,positive,no_aspect,False,,,train
2931,Greasy. Tapi masih mendingan. Kerasa kurang pigmented. Warna wadahnya merah menyala tapi kalau sudah dipakai kayak enggak ada warna apa-apa (mungkin karena bibirku hitam juga). Moisturizing lumayan bagus. Kurang melembabkan kalau sering pakai lipstick matte. (Bibirku emamg super dry chapped and cracked),Baby Lips Love Color,Maybelline,negative,no_aspect,negative,negative,no_aspect,False,,,train
2934,"Warnanya bagus di bibir, tapi terlalu glossy menurut aku. jadi berasa bukan pakai lip balm, tapi berasa pakai lip gloss. Selain itu entah kenapa produk ini menonjolkan banget patch2 di bibir, padahal aku enggak pernah mengalami hal tersebut ketika pakai lip balmnya the bodyshop..",Baby Lips Love Color,Maybelline,positive,no_aspect,negative,no_aspect,no_aspect,False,,,train
98,"Aku suka banget sama produk nivea yang 1 ini. Dia tuh stick jadi enggak buat tangan kita kotor berminyak kalau mau pakai tinggal di puter saja bawahnya.. Ini juga sudah ada warnanya, bikin bibir jadi lembab dan glossy. Produknya juga enggak cepat abis, aku rekomen produk ini tapi buyy.",24H Melt-In Moisture,Nivea,neutral,no_aspect,no_aspect,positive,no_aspect,False,,,train
13,"Mantep! Definisi lip matte murah meriah mantep. Ringan di bibir, enggak kerasa kering, enggak bikin kering, warnanya juga langsung cover bibir. benar benar top untuk harga enggak sampai 30 ribu. Berani adu banget sampai lip matte yang harganya di atas OMG.",Oh My Glam Mattelast Lip Cream,Omg,positive,no_aspect,positive,positive,positive,False,,,train
2965,"Coloured Lip Balm yang menurutku sesuai sama adik-adik SMP-SMA yang baru mulai berani coba-coba 'mewarnai' bibir mereka. Warnanya sangat natural, tapi jangan mengharap warna yang pigmented (jadi enggak recommended kalau mau menutupi warna bibir yang gelap). Cocok juga sebagai base sebelum pakai dead-matte lipstick.",Baby Lips Love Color,Maybelline,negative,no_aspect,no_aspect,no_aspect,no_aspect,False,,,train
296,"Sedikit kecewa pas habis mencoba dia, mana belinya banyak lagi wkwkwkwk ekspektasiku bakal bisa bikin bibir jadi berwarna meskipun dikiit ya gpp, tapi ternyata warna merahnya enggak menampak di aku. Yang menampak cuma efek glossy blink-blink dari glitter nya aja. Untuk kelembaban enggak usah diragukan lagi, yang penting rajin reapply aja.",24H Melt-In Moisture,Nivea,negative,negative,no_aspect,positive,no_aspect,False,,,train
47,"Well untuk yang kulitnya kuning langsat dengan Netral slightly cool undertone kayak saya bakal suka dengan shade berry ini. Cakep warnanya cool very deep dark berry. pigmented dan mudah di-built untuk menambah intensitas warna nya. Dia bisa dengan mudah dipulas diatas pulasan pertamanya setelah kering/set. Bibir saya super kering, jadi meskipun sudah pakai pelembab bibir rutin dan sebelum olesnya, sih OMG matte lip cream ini after hours of wear bakal accentuates garis2 bibir saya dan kadang ngelupas. Dia your tradisional matte lip cream yang masih bisa dipakai sama yang bibirnya super kering kayak saya kerika kondisi bibir lagi bagus dan dibarengin pakai pelembab. enggak berasa bikin makin drying setelah dia mengering tapi juga enggak membantu menambah kelembapan bibir being matte lip cream that itu is. Feels light di bibir. Untuk harga dan super banyak shades nya saya applaud ya sih Oh My Glam matte lip cream ini.",Oh My Glam Mattelast Lip Cream,Omg,positive,no_aspect,positive,negative,positive,False,,,train
201,"dikasih sama senior di kantor, awalnya aku kira ini lipbalm biasa saja yang enggak ada tint ternyata ada sedikit. aku suka banget pakai ini kalau di rumah aja, pasti re-apply beberapa kali. bibir ku jadi jarang kering sekarang. ini tuh melembabkan nya memang enggak awet sampai seharian begitu sih tapi cukup banget untuk bibir ku yang sebenarnya enggak kering2 banget. dan dia ini enggak gengges, enggak macam minyak menempel di bibir begitu bikin risih. aku pakai tiap hari jg, sebelum pakai lipstick atau liptint ke kantor.",24H Melt-In Moisture,Nivea,no_aspect,negative,positive,positive,no_aspect,False,,,train
266,"LUVV banget SAMA LIP BALM NIVEA YANG SATU INI !! Dia benar benar ngelembapin bibir dan ada efek shine nya setelah di pake,dia juga enggak bikin bibir yang lembab enggak nyaman,ini tuh nyaman banget suka juga sama wanginya strawberry seger,bikin bibir pink alami juga.Repurchase?Yes!!",24H Melt-In Moisture,Nivea,positive,no_aspect,positive,positive,no_aspect,False,,,train
327,dulu ini jadi salah satu daily lipbalm kesukaan aku. bikin bibir lembab dan memberikan finish warna pink fresh di bibir ketika di pakai. aroma dan rasanya sweet. harganya terjangkau dan mudah di dapat. tapi sayangnya waktu di awal-awal aku hamil aku bener-bener kemusuhan sama lip balm ini. dia bikin bibir aku malah kering banget dan muncul noda hitam begitu di bibir akhirnya aku stop dan sampai sekarang belum berani coba lagi. mungkin waktu itu juga karena ada efek dari hormon hamil. but overall lipbalm ini bisa jadi salah satu pilihan yang oke untuk dipakai keseharian,24H Melt-In Moisture,Nivea,positive,no_aspect,no_aspect,negative,positive,False,,,train
404,"awalnya enak karena bikin bibir warna pink natural.. tapi benar-benar enggak ada LEMBAB2NYA.. lembab bertahan gasampe 1jam!! aku beli karena kepo saja sih awalnya..tp menyesal banget beli, walau cuma 21k tapi tetap saja enggak bisa melembabkan .. bibirku super super kering kalo pakai ini gacocok sama sekalii.. malah makin kering",24H Melt-In Moisture,Nivea,positive,negative,no_aspect,negative,neutral,False,,,train
415,"Lip balm sejuta umat dari sama pakai ini walaupun sekarang sudah ganti, tapi lip balm ini memang cocok banget buat anak sama yang pengin bibirnya enggak pucet tapi enggak lebay, karena finishnya lip balm yang sheer dan ada sedikit hint merah yang soft, wanginya juga enak",24H Melt-In Moisture,Nivea,positive,no_aspect,no_aspect,no_aspect,no_aspect,False,,,train
2997,kurang begitu melembabkan bibirku yang kering. tapi warnanya jadi nilai plus sih. jadi bibir lembab dan berwarna dalam sekali oles. dan harus sering re apply supaya lembab terus ya. lengketnya di bibir enggak parah kok,Baby Lips Love Color,Maybelline,positive,negative,positive,negative,no_aspect,False,,,train
320,"ini itu benar-benar enggak efek banget di aku, pas pakai itu bibir lagi kering banget dan enggak benar-benar melembabkan malah bikin makin kering lagi sampai bibir itu ngelupas, tapi ini lumayan bagus untuk warnanya karena bikin bibir kita merah alami begitu ya walaupun bikin kering",24H Melt-In Moisture,Nivea,positive,no_aspect,no_aspect,negative,no_aspect,False,,,train
345,"bagus banget buat lembabin bibir yang kering, wanginya juga enak bau strawberry, warnanya merah tapi waktu di swatch di bibir ada tipis warna merah agak pink begitu tapi enggak kelihatan banget jadi masih aman kalau dipakai pas sekolah, dia ringan bgt, tetap ngelembabin walau sudah dipakai berjam-jam, enggak bikin bibir pecah"" kalau sudah dipakai lama, harganya cukup murah dan mudah dicari di supermarket dan drugstore, recommended buat kalian yang tertarik mau coba produk ini",24H Melt-In Moisture,Nivea,neutral,positive,positive,positive,positive,False,,,train
196,"enggak mengerti lagi , gue jatuh mulu ke iklan2 & claim2 produk Nivea yang kelihatannya ""SEBAGUS ITU"" sudah lebih dari satu tahun gonta2 ganti lip balm eh yang cocok punya nya pink flash murah lagi . sekarang gue enggak bisa lihat produk Nivea dengan ekspetasi tinggi lagi",24H Melt-In Moisture,Nivea,no_aspect,no_aspect,no_aspect,no_aspect,no_aspect,False,,,train
158,"Nivea Lip Balm Strawberry Shine. Lip balm ini tipe yang lip balm yang gampang melt di bibir. Hasilnya di aku cukup melembapkan dan sesuai dengan klaimnya lip balm ini mengasih efek shine glosy tapi enggak lebay begitu dan ada warna merah-merah natural. Mungkin untuk yang enggak terlalu suka tipe lip balm yang minyakan di bibir enggak akan suka ini, tapi aku enggak masalah sih. Repurchase orang no? maybe no?? Ratingnya 8/10.",24H Melt-In Moisture,Nivea,neutral,no_aspect,positive,neutral,no_aspect,False,,,train
88,"lip balm kesayangan dari jaman dulu, cuma cocok pakai nivea atau vaseline karena benar benar lembap, kalo pakai merk lain enggak lembap karena bibirku tipe yang gampang banget kering dan kelupas🥲, selalu repeat order kesekian kali nya karena setiap mau kemana mana dan mau tidur selalu pakai",24H Melt-In Moisture,Nivea,no_aspect,no_aspect,no_aspect,positive,no_aspect,False,,,train
67,"Bibir aku gampang kering pas aku coba pakai ini ternyata ngelembabin bibir aku, teksturnya padat begitu kalo sudah mau habis suka aku korek sampai benar-benar habis haha, menurutku kemasannya juga oke dan mudah masuk tas. Aku biasa belinya pas tanggal kembar jadi worth tapi buy",24H Melt-In Moisture,Nivea,no_aspect,no_aspect,neutral,positive,no_aspect,False,,,train
3006,"Beli ini karena lihat review beauty blogger dan hasilnya cerah banget muka diee Pro : - Warnanya cantikk, kakakku lebih suka yang coral kalau aku lebih suka yang ini - Moisturizing sama kayak baby lips biasa - Murah - Mudah didapat Cons : Tutup gampang lepass, jadi bocel-bocel deh isinya kena macam-macam barang di pouch",Baby Lips Love Color,Maybelline,positive,no_aspect,no_aspect,neutral,positive,False,,,train
33,"aku cocok banget pakai ini dan nyamann serta gampang di dapatkan dimna punn, melembabkan serta membuat mukanku lebih cerah mukaa ku letsgoo kalian cobainn a pakai ini juga selain itu di juga sangat melembabkan kulin dan cocok untuk berbagi kulit",Oh My Glam Mattelast Lip Cream,Omg,no_aspect,no_aspect,positive,positive,no_aspect,False,,,train
22,"Warnanya cocok untuk bibir gelap dan hasilnya pigmented. Teksturnya lembut, mudah diratakan, dan tidak membuat bibir kering. Namun, terkadang sedikit menempel di gigi. Ketahanannya cukup baik untuk ukuran lip cream dengan harga terjangkau. Ringan, nyaman dipakai seharian, dan cocok untuk remaja.",Oh My Glam Mattelast Lip Cream,Omg,positive,neutral,positive,positive,positive,False,,,train
184,"9/10. Aku suka banget sama lip balm ini. Dia membantu banget kalau bibir lagi kering terutama kalau lagi kurang minum. Dia juga enggak kerasa berat terus tetap oke kalau dilayer sama lip product lain. Dia juga bikin bibir kelihatan segar (sedikit kasih warna begitu tapi sheer). Minusnya, mungkin di sebagian orang dia kurang melembabkan.",24H Melt-In Moisture,Nivea,positive,no_aspect,positive,negative,no_aspect,False,,,train
409,"MY favorit LIP BALM. Sebelum kenal memakai up kaya sekarang, aku sudah kenal dan pakai lip balm, karena memang lip balm fungsinya bagus buat melembapkan bibir, dan nivea lip balm pertama aku. Dia lumayan pigmented, cukup melembapkan sekalipun harrus touch up berkali-kali. Minusnya sih, dia lama ngeset nya, jadi suka nempel2 di masker gitu. BUT OVERALL I LOVE THIS LIP BALM.",24H Melt-In Moisture,Nivea,positive,negative,negative,positive,no_aspect,False,,,train
318,"Dulu jaman kuliah suka pakai ini, dan dulu lebih prefer pakai ini dibanding lipstick karena kelihatan lebih subtle dan natural dan juga terjangkau buat pelajar. Bikin bibir jadi lebih cerah sekaligus melembabkan. Wangi strawberry-nya enak, fresh. Tapi sekarang lebih suka pakai lip balm original tanpa flavour.",24H Melt-In Moisture,Nivea,no_aspect,no_aspect,no_aspect,positive,positive,False,,,train
299,aku beli ini karena bibir aku sering kering. dan memang melembabkan sih tapi enggak tahan lama. sebentar saja sudah hilang dan kering lagi. jadi harus sering-sering re-apply. wanginya sama dengan judulnya wangi strawberry dan bikin ada efek glossy nya juga.,24H Melt-In Moisture,Nivea,no_aspect,negative,no_aspect,positive,no_aspect,False,,,train
282,"recomendedd!! bisa dipakai anak sekolah karena warnanya natural di bibir, bagus karena bener-bener bikin bibir tetap lembab dan bisa diapakai sebelum menggunakan lipcream/liptint supaya enggak crack atau pecah-pecah.",24H Melt-In Moisture,Nivea,neutral,no_aspect,no_aspect,positive,no_aspect,False,,,train
236,"Lip balm yang murah meriah dan bagus. Beli yang 1 pack isi 2. Lip balmnya wangi, bikin lembab bibir. tapi enggak tahan lama juga lembabnya. jadi harus tetap serinng reapply biar enggak kering. dan enak kenapa kalo pakai ini tuh kulit bibir jadi sering ngelopek gitu. jadi gatel tangan pengin ngelopekin. sukanya kalo pakai ini sebelum tidur, paginya bibir lembab dan merah. jadi lebih sehat..",24H Melt-In Moisture,Nivea,no_aspect,negative,no_aspect,negative,positive,False,,,train
303,mau be ya..ada yang cocok. kalo di aku nglembabinnya kurang lama alias cepat kering. tapi masih mending dari produk yang harganya dibawah 10k hehe. Ada banyak varian rasa. tapi aku lebih prefer lip butter nya kalo nivea bisa lumanyan lama melembabkannya dan the one and only yang enggak bikin ngelupas lagi,24H Melt-In Moisture,Nivea,no_aspect,negative,no_aspect,negative,no_aspect,False,,,train
159,Varian ini lebih lembab dari yang original. Awalnya agak aneh pakai tinted lip balm agak glittery buat night treatment tapi memang bibir lebih lembab pagi nya. Wangi fruity yang soft jadi enggak terlalu ganggu. enggak rekomen untuk base sebelum pakai lip matte karena pasti akan bikin crack saking lembab nya.,24H Melt-In Moisture,Nivea,no_aspect,no_aspect,no_aspect,positive,no_aspect,False,,,train
2,Produk favorite aku yang sudah enggak tau berapa lipcream reorder .. pokoknya ini bangus banget dan aku biasanya pakai shade ini buat ombre .. apalagi kalo di tambah ombre lip gloss nya benar benar bagus bangett.. Aku punya 5 lip cream dari omg ini tentunya dengan warna yang berbeda-beda ya,Oh My Glam Mattelast Lip Cream,Omg,positive,no_aspect,no_aspect,no_aspect,no_aspect,False,,,train
293,"lip balm nivea ini ada aromanya tapi buat yang enggak suka pakai lip balm beraroma menurut ku sih masih cocok dan aman saja sama produk ini, suka banget sama kemampuan ngelembabinnya dipakenya juga tetap nyaman dan ringan, dan yang paling bikin saya suka juga adalah harganya yang sangat terjangkau.",24H Melt-In Moisture,Nivea,no_aspect,no_aspect,positive,positive,positive,False,,,train
105,"Lipblam membantu banget buat bibir aku yang kering dan pecah2 . Ringan di bibir dan wangi strawberry yang soft Aku pakai dari masih gadis sampai punya anak hihi benar bagus banget , bibir jadi lembab dan tidak pecah pecah",24H Melt-In Moisture,Nivea,no_aspect,no_aspect,positive,positive,no_aspect,False,,,train
189,"Cukup bagus dengan harga segitu, cukup melembabkan dan ada sedikit hint sheer orange begitu jadi enggak pucet bgt. Produknya lumayan lama habisnya tapi enggak sampai lebih dari shelf-life juga. Dulu pakai ini selama ±2 tahunan pas SMP-SMA karena murah dan cukup bagus hehe. Anyway jangan ditaruh di tempat yang terlalu panas soalnya bisa melt dan jadi beleber ke wadahnya, jadi kurang rapi. ya bolehlah ya dicoba",24H Melt-In Moisture,Nivea,neutral,positive,no_aspect,neutral,positive,False,,,train
372,"HALOO! jadi aku gabosan bilang kalau kondisi bibir aku kering banget dan pucat. saking keringnya, sekarang kalau pakai liptint itu warnanya garata karena tekstur bibir ku yang garata karena kering jadi enggak halus. meskipun aku scrub bibir, hanya membantu tekstur bibir ku jadi halus saja tapi buat lembab tetap engga🥺 akhirnya aku beli ini, aku kayanya re-purchase sekitar 2-3x deh pernah beli yang langsung twinpack xixi. sok far aku sukak! teksturnya ringan sekali ada warnanya jadi membantu bibir ku yang pucat banget wanginya ringan sekali shine nya ada bgt, jadi bibir terlihat sehat dan gamatte begitu dia teksturnya setiap aku habis pakai ini, terutama malam hari nanti paginya bibir aku halus banget terhydrate dengan baik xixi dan warnanya pink alami tapi kalo lagi enggak pakai ini, bibir ku kembali kering dan pucat kayak kondisi awal, padahal aku sudah lama pakai ini huhu sok FAR AKU SUKAK! efek shine dan tidak matte dibibir, ringan banget dan ada warnanya jadi cukup membantu bibir ku yang rewel kering dan pucat",24H Melt-In Moisture,Nivea,positive,no_aspect,positive,positive,no_aspect,False,,,train
151,"Buat pemilik bibir yang kering di tengah cuaca ekstrim seperti sekarang cukup bermanfaat. Melembabkan bibir, membuat bibir tampak lebih sehat, dengan aroma strawberry. Hanya saja tint warna merahnya cepat hilang but its okay karena tujuannya untuk melembabkan bibir",24H Melt-In Moisture,Nivea,no_aspect,negative,no_aspect,positive,no_aspect,False,,,train
38,"Coba beli lipcream OMG lagi karena katanya sudah reformulasi. Tapi shade berry ini, terlalu gelap buatku. Aku kurang suka sama warnanya. Aplikatornya juga agak kurang. Lipcream masih agak sedikit kering di bibir dan bikin garis-garis bibir keliatan. Repurchase? No.",Oh My Glam Mattelast Lip Cream,Omg,no_aspect,no_aspect,negative,negative,no_aspect,False,,,train
285,"Lip balm ini aromanya manis banget, tapi pas coba dijilat enggak ada rasanya sama sekali. Lip balm ini juga mudah melt ketika diaplikasikan, enggak bikin greasy dan nyaman dipakai. Tapi sayangnya lip balm ini sama sekali enggak bisa membantu bibir yang super kering, malah bikin enggak nyaman ketika dipakai ke bibir kering akibat penggunaan lip serum.",24H Melt-In Moisture,Nivea,no_aspect,no_aspect,positive,negative,no_aspect,False,,,train
394,"barang yang bakalan selalu ada di tas sih ini. Warnanya dapet, kalau pakai ini selalu aku lapisin petroleum jelly agar lembabnya terjaga karena kalau enggak bibirku malah pecah pecah. Kadang overglossy suh but still my favs (^o o^ ) oiya ini aga lembek begitu enggak yabg padat banget",24H Melt-In Moisture,Nivea,neutral,no_aspect,neutral,neutral,no_aspect,False,,,train
2977,"Maybelline Baby Lips Love Color shade Cherry Kiss ini warnanya pas banget buat gue. Biasa gue pakai kalau lagi malas dandan tebel. Produk ini kurang melembabkan bibir, kalau dibanding petroleum jelly (yaiyalah yaa..), masalah nya ini itu kerasa banget minyaknya, jadi kalau habis dipakai dan ngaca, kayak habis makan gorengan :( Jadi perlu ""dibuang"" dikit pakai tissu supaya lebih natural look.",Baby Lips Love Color,Maybelline,no_aspect,no_aspect,negative,negative,no_aspect,False,,,train
2954,"sok sok aja, enggak mampu melembabkan bibirku. Malah bikin bibir terasa tebal. Packagingnya bagus sih, travel friendly. Gampang aplikasiinnya tapi kalau enggak mampu melembabkan ya percuma. Harganya standar lipbalm, dan gampang juga dicarinya. Ada warnanya sedikit kalo dipakai, dan belum ada spfnya",Baby Lips Love Color,Maybelline,negative,no_aspect,negative,negative,positive,False,,,train
136,"Produk lip balm yang cukup aku suka, dia keberasa ringan dibibir enggak keberasa pakai lip balm, ada hint pink sedikit tapi menyaru banget sih jadi enggak keliatan, biasa aku setelah pakai lip balm ditimpa lip tint biar enggak kering banget, tapi di aku produk ini enggak yang semelembabkan itu di bibir aku sih jadi feelin xoxo saja cuma dia memang ringan",24H Melt-In Moisture,Nivea,neutral,no_aspect,positive,neutral,no_aspect,False,,,train
113,Dulu bibirku pernah pecah pecah sampai berdaharah terus aku ngide beli ini di alfamart. First impression aku sih sebenarnya suka sama baunya terus juga ada sedikit warnanya. Sayang enggak terlalu melembabkan di aku. Baru pakai habis ru deh hilang efek lembapnya.,24H Melt-In Moisture,Nivea,no_aspect,no_aspect,no_aspect,negative,no_aspect,False,,,train
209,"Lip balm ini bagus, bikin moist bibir beberapa jam. Ada wangi manisnya, tapi enggak mengganggu. Pas dipakai kerasa berat dan ada sheer warna pink. Tapi pinknya cuma pas dipakai bukan after use nya. Packaging simple kayak lipstik pada umumnya, tutupnya enggak gampang lepas jadi produknya aman.",24H Melt-In Moisture,Nivea,neutral,positive,negative,positive,no_aspect,False,,,train
354,"Lipbalm legend ini nih yang aku sudah pakai dari jaman sekolah. Harganya terjangkau dan isinya banyak pula. Dulu pakai ini saja rasanya sudah merasa cantik banget wkwk karena dia warnanya merah segar tapi sheer, pas dipakai dibibir dia bikin kelihatan sehat dan plump. Cuma dia sangat mengkilap sih untuk ukuran lip balm jadi kelihatan banget pakai sesuatu dibibir. Melembabkannya juga oke dan never forget tapi mention the smell, it's soo good, pengin dimakan rasanya.",24H Melt-In Moisture,Nivea,positive,no_aspect,no_aspect,positive,positive,False,,,train
51,"Warnanya cantik banget merah pink yang enggak mencolok, kalem tapi elegan. Teksturnya ringan di bibir, aku kira matte nya bakal bikin bibir kering ternyata enggak sama sekali, tapi bukan yang menghidrasi juga. Cukup longlasting, enggak gampang hilang dibawa makan dan transferproof jugaa. Worth tapi try apalagi harganya juga murahh",Oh My Glam Mattelast Lip Cream,Omg,positive,positive,positive,negative,positive,False,,,train
2995,"lipbalm ini berwarna pink tipis, jadi memberi warna untuk bibir saya yang pucat. melembabkan cukup lama, juga tidak habis-habis karena saya jarang sekali memakai lipbalm. murah harganya dan mudah didapatkan dimana saja",Baby Lips Love Color,Maybelline,neutral,no_aspect,no_aspect,positive,positive,False,,,train
175,"karena cocok sama facial wash nya jadi kepo sama lip balm nya, wangi nya enak strawberry segar ada warna nya sheer enggak aneh samsek cuma dia bikin bibir pecah pecah parah ngelopek tambah di replay tambah ngelopek sedih banget terlalu berekspektasi :(",24H Melt-In Moisture,Nivea,neutral,no_aspect,no_aspect,negative,no_aspect,False,,,train
2930,"favorite lip balm of all time deh baby lipsnya maybelline ini, aku punya 2. dan yang ini kado ultahku juga wkwk bikin smooth banget deh, harganya juga affordable, even di indomaret juga ada hohoho cant live without this one",Baby Lips Love Color,Maybelline,no_aspect,no_aspect,no_aspect,no_aspect,positive,False,,,train
2990,"Suka sama lip balm ini, semacam lip gloss yang nyamar jadi lip balm, karena mengasih efek mengkilat kayak lip gloss. Ukurannya pas buat di pouch dan dibawa kemana-mana. Sayang warnanya enggak pigmented, tapi lumayan untuk ngelembabin bibir.",Baby Lips Love Color,Maybelline,negative,no_aspect,no_aspect,positive,no_aspect,False,,,train
2928,bibirku tuh kering banget.. pakai ini cocok jadi enggak kering.. ada warnanya sedikit.. teksturnya cukup ringan dan melembabkan.. aku pakai sebelum pakai lipstik.. packagingnya oke.. gampang dicari dimana-mana..,Baby Lips Love Color,Maybelline,neutral,no_aspect,positive,positive,no_aspect,False,,,train
123,"produknya bagus banget, isinya juga full enggak cuma setengah. produknya enggak ada minus, lipbalm tapi ada warna merahnya segar terus ada sedikit Glitter"" menurutku bagus bangett, tapi dia enggak terlalu melembabkan di bibir super keringku ini, beberapa jam kedepan sudah mengelupas ngelupas kulit matinya",24H Melt-In Moisture,Nivea,positive,no_aspect,no_aspect,negative,no_aspect,False,,,train
139,"Dari tekstur nya kering ya dibandingkan dengan produk lain yang pernah aku coba. Pas di aplikasikan ke bibir juga enggak oily banget tapi masih berasa seperti pakai lip balm. Dan harus disapukan berkali2 ke bibir baru berasa, berkali2 nya benar-benar harus berkali2 banget ya. Ada rasa strawberry nya. Untuk produk ini ada warna nya pink begitu tapi tipis banget warna nya, di bibir aku malah enggak kelihatan apa2. untuk ketahanan nya aku coba pakai sebelum tidur dan besok pagi nya masih berasa agak2 kayak pakai lip balm, tapi aku ngrasa malah bikin bibir aku kering setiap habis pakai ini",24H Melt-In Moisture,Nivea,negative,positive,negative,negative,no_aspect,False,,,train
133,"bukannya ngelembapin malah bikin bibir jadi keringg, enggak ada efek lembab nya sama sekalii, meskipun sudah dipakai lama juga pas di hapus langsung enggak lembab lagii, dan harus sering sering di apply karena cepat hilang dan bibir keliatann patchyy",24H Melt-In Moisture,Nivea,no_aspect,negative,no_aspect,negative,no_aspect,False,,,train
163,Pelembab bibir yang oke banget bikin bibir merah juga. Menjaga kelembapan bibir. Bibir kering atau pecah pecah bisa juga dicoba ya. Bibir jadi kelihatan lebih sehat dan ternutrisi enggak ribet pakenya dan gampang dibawa kemana mana. Okee buat dicoba,24H Melt-In Moisture,Nivea,no_aspect,no_aspect,no_aspect,positive,no_aspect,False,,,train
347,"Karena Lip Balm Va**ne aku habis, dan aku pengin coba2 lip balm yang lain, aku akhirnya purchase ini. Baunya memang segar banget sih, strawberry yang enggak eneg gitu. Tint nya juga dapet, soft natural gitu. Tapi texture nya enggak sesuai ekspektasi ku, enggak kayak lip balm yang aku mention di atas. Dia lebih keras dan buttery, enggak melt ini gitu. But overall bagus lah..",24H Melt-In Moisture,Nivea,positive,no_aspect,negative,no_aspect,no_aspect,False,,,train
46,lipcream murah tapi enggak murahan menurut aku. karena dia ini lipcream tapi matte kayak liptint dan enggak bikin bibir kering sama sekali dan yang aku suka dia tuh tahan lamaa cepat ngeset juga dan enggak transfer. cocok buat ombrean sih aslik kalian wajib mencoba juga,Oh My Glam Mattelast Lip Cream,Omg,no_aspect,positive,no_aspect,positive,positive,False,,,train
147,"Varian ini enak banget, teksturnya thick begitu jadi ngelembabin nya mantep. Warnanya juga cantik banget, waktu diswatch ada glitter-glitter begitu jadi kelihatannya kayak pakai lip gloss. Wanginya juga fruity yang segar gitu. Tapi kadang agak berat di bibir",24H Melt-In Moisture,Nivea,positive,no_aspect,negative,positive,no_aspect,False,,,train
339,"bagus banget bikin bibir enggak kering, ada warna pink dan ngegloss walau samar warna pinknya, kalo dipakai dimalam hari keesokan paginya bibir jadi kenyal pink dan yang lebih utamanya ada spf 15 minyak alpulat dan jojoba",24H Melt-In Moisture,Nivea,neutral,no_aspect,no_aspect,positive,no_aspect,False,,,train
343,"lip balm ini cocok banget buat dipakai ke sekolah! dia ada warna pinkishnya begitu terus ada shimmernya, jadi lucu bagaimana begitu wkwk. lumayan glossy juga kalo di apply beberapa layer. melembabkannya biasa aja, tapi aku suka sama ini karena dia yang nemenin aku selama masa sama WKWKWKWK. dan ini satu tube kecil lama banget habisnya! dia enggak gampang meleleh jg, enggak kayak beberapa stick lip balm lain. overall, it's a good lip balm!",24H Melt-In Moisture,Nivea,neutral,no_aspect,positive,neutral,no_aspect,False,,,train
25,"Masya Allah pakai produk OMG liptmate ini enak banget, ringan, mudah di aplikasi kan ke bibir, enggak bikin kering dibibir, enteng banget deh pokoknyaa, dan kalian segera mencoba deh enggak menyesal pokokyaa, produk murah kualitas enggak receh, kalian harus beli recommended top",Oh My Glam Mattelast Lip Cream,Omg,no_aspect,no_aspect,positive,positive,positive,False,,,train
265,"Bagus banget aku suka.. Untuk bibir sensitive banget: MANTAP! Aku sudah coba banyak banget lip balm and sering ada kendala gatel2 jadi terbawa pengin digigit lips nya buat garuk:"") Tapi ini enggak! Ringan, hydrating, wangi stroberi! sudah repurchase yang ke-3 kalinya karena coba ini itu enggak cocok. Ada color pay-off sheer banget and ngestain nya ya juga secuil begitu ya. Untuk yang bibirnya sensitive kayak aku rekomen boleh dicoba! Sering diskon juga di ecommerce dan harga aslinya juga bersahabat.",24H Melt-In Moisture,Nivea,negative,negative,positive,positive,positive,False,,,train
2960,"Produk ini cocok banget buat anak kuliahan atau sekolah yang enggak mau kelihatan 'dandan' dan pakai lipstick, cuma mau kelihatan segar dengan bibir merona sehat. Teksturnya lembut dan wanginya sweet, cuma as a moisturizing lip balm sih menurut aku kurang ya. aku pakai ini cuma lebih ke pengin kasih sedikit warna ke bibir dengan bonus melembapkan.",Baby Lips Love Color,Maybelline,negative,no_aspect,positive,negative,no_aspect,False,,,train
146,"i lovee this, bagus banget buat ngelembapin bibir, enggak bikin kering, travel size jadi bisa dibawa kemana-mana, bibir aku mudah kering apalagi kalo kena panas, jadi aku biasanya bawa ke kampus juga dan poin utamanya adalah ini wangi banget strawberry, jadi makin suka untuk memakai ini terus terusan",24H Melt-In Moisture,Nivea,no_aspect,no_aspect,no_aspect,positive,no_aspect,False,,,train
15,"Sangat suka, warnanya bagus, cantik, dan tahan lama. enggak buat bibir gelap dan enggak lengket juga. Suka banget sama produk satu ini, harus beli lagi inii. Cantik, sehat, bibir cantik dan sangat ku suka sekalii, harus banget dibeli ya jangan enggs",Oh My Glam Mattelast Lip Cream,Omg,no_aspect,positive,positive,no_aspect,no_aspect,False,,,train
358,"lip balm nivea ini yang enggak ngebuat kering dan justru lembab, untuk merahin masih belum ya menurut ku, aku rasa lip balm ini lebih baik dipakai pada saat keluar rumah lebih bagus karena ada spf nya,but this is a good product dicoba ya! semoga bermanfaat!",24H Melt-In Moisture,Nivea,negative,no_aspect,no_aspect,positive,no_aspect,False,,,train
405,"Sekarang jadi lip-balm kesukaanku dan bakal aku beli kalau ini abis~ Kemasannya biasa saja (Tulisan nivea dengan background merah), sayang banget di bagian dalemnya warna putih, cenderung jadi kotor gitu. Ada aroma strawberry yang asem-manis, tapi enggak ngeganggu. Teksturnya buttery, suka miring ke kanan-kiri untuk isi produknya. Jadi jangan di keluarkan terlalu panjang. Dia juga kurang pakem, sewaktu di aplikasiin, kalau enggak di tahan pemutar nya, isi bisa langsung masuk ke dalam Hasilnya oily dengan warna orange yang cantik. Aku pribadi, lebih suka variant ini ke timbang yang satunya. Lembabnya dapet, ada glitter halus tapi enggak lebay~",24H Melt-In Moisture,Nivea,positive,no_aspect,positive,positive,no_aspect,False,,,train
75,ini baru mau mencoba juga lip balm dari nivea karena sebelumnya pakai oriflame oke oke saja dan tadi karena ada promo sih jadi berburu promo hajahahhahahahahaha lumayan lah dapat produk murce sekali kapan lagi yekan wkwkwkkakakakwkwkwkwkkwkw,24H Melt-In Moisture,Nivea,no_aspect,no_aspect,no_aspect,no_aspect,positive,False,,,train
391,"Lip balm terfavorite sejak zaman sekolah sampai kuliah.. menurut aku yang mantab dari produk ini adalah teksturnya yang ringan, melembabkan, dan warnanya cakep (cocok sama warna kulit). Produk ini juga gampang banget ditemui di mana-mana dan harganya yang terjangkau.",24H Melt-In Moisture,Nivea,positive,no_aspect,positive,positive,positive,False,,,train
253,"Lip balm yang gampang dicari dimana-mana. Wanginya enak, di bibur juga enak, melembabkan, cuma kalo mau pakai lipmatte perlu ku hapus lagi karena bikin lipmatte jadi enggak begitu menempel di bibi, tapi ketahanan kelembabannya tetap oke kok meskipun sudah dihapus sehingga enggak bikin bibir kering.",24H Melt-In Moisture,Nivea,no_aspect,positive,no_aspect,positive,no_aspect,False,,,train
370,"aromanya enakk rasa stoberi wangi manis gitu, harganya cukup terjangkau sih, lembut pas diaplikasiin ke bibir dan juga bikin bibir jadi lebih merah dan lembab juga, enggak bikin bibir berminyak banget kok, enggak bikin terganggu begitu sih. worth tapi try",24H Melt-In Moisture,Nivea,positive,no_aspect,positive,positive,positive,False,,,train
44,"Warnanya bagus buat ombre sama shade Latte (13). dipakai sendiri pun oke apalagi kalau makeup bold. Ngeblendnya mudah selama base ombrenya sesama lipcream, hasilnya pasti smooth. Kalau mau transfer proof makenya jangan dikatup-katupin, tapi blend dengan kuas",Oh My Glam Mattelast Lip Cream,Omg,positive,neutral,positive,no_aspect,no_aspect,False,,,train
188,"Ini sih lip balm paling favorite yang pernah aku punya n aku mencoba Suka banget sama lip balm ini karena ada warnanya jadi pas di pakai enggak hanya ngelembabin saja tapi bibir juga jadi kelihatan enggak pucat.Aku suka banget sih sama warna lip balm ini, warnanya merah tapi enggak ngejreng. Yang aku suka dari lip balm ini juga tuh karena lip balm ini ada SPF-nya, ini membantu banget sih untuk ngelindungin bibir aku dari efek sinar UV. Lip balm ini membantu juga supaya warna bibir aku enggak semakin menggelap akibat kena efek sinar UV. Untuk tingkat ngelembabinnya 8,9/10. Sejauh ini aku belum nemuim sisi minus dari lip balm ini sih.",24H Melt-In Moisture,Nivea,positive,no_aspect,no_aspect,positive,no_aspect,False,,,train
205,"lip balm ini enak banget sih dipakai kalo cuma dirumah saja gitu, karena dia ringan dan kasih tint warna pink begitu jadi walaupun cuma dirumah tetap on point tapi enggak berlebihan, cuma dia sedikit kurang lembab sih kalo dipakai masih suka bikin kering begitu",24H Melt-In Moisture,Nivea,positive,no_aspect,positive,negative,no_aspect,False,,,train
21,"cakep banget warnanya, bisa buat ombre, harganya juga murce abiss, cocok banget buat daily, dan harganya ramah di kantong. Pokoknya semua produk OMG bagus banguss gaiss mana murah banget kalian wajib beli ini sii, buat menambah koleksi lippies kalian",Oh My Glam Mattelast Lip Cream,Omg,no_aspect,no_aspect,no_aspect,no_aspect,positive,False,,,train
412,"Andalan ku saat lagi malas pakai lipstik, warnanya tidak mencolok dan terlihat fresh setelah diaplikasikan ke bibir terlihat efek shimmer (glossy). Ini juga membantu banget saat bibirku kering jadi lebih lembab dan aku pakai rutin sebelum lipstik dan sebelum tidur lama-lama memberikan warna alami bibir, saat paginya sel kulit mati ngelupas/terangkat. Teksturnya sedikit tick dan lembut, aromanya sweet aku suka :-)",24H Melt-In Moisture,Nivea,positive,no_aspect,positive,positive,no_aspect,False,,,train
120,"lipbalm ini gampang banget ditemuin dimana mana. For me lipbalm ini gaterlalu bikin ngelembapin banget apalagi kalo bibir aku lagi kering banget, tapi secara warna aku suka banget karena dia ada warnanya yang bikin jadi kayak warna bibir begitu",24H Melt-In Moisture,Nivea,no_aspect,no_aspect,no_aspect,negative,no_aspect,False,,,train
52,"awalnya enggak suka banget sama lip cream karena kalo memakai pasti rasanya bibir berat banget terus pecah2 juga, eh pas coba lip cream nya omg suka bangett, enggak bikim bibir kering dan terasa berat, malah ringam banget dibibir, shade nya juga banyak dan mantep2 poll, coba deh",Oh My Glam Mattelast Lip Cream,Omg,no_aspect,no_aspect,positive,positive,no_aspect,False,,,train
174,"Beli ini di era bibir lagi kering-keringnya. Banyak yang review kalau ini salah satu lipbalm yang bagus buat ngelembapin bibir. Pas seminggu memakai memang kerasa lembab. Tapi setelah seminggu, bibir jadi sering pecah-pecah padahal pakai produk ini terus. Kalau dipaksa pakai produk ini malah kerasa perih ):",24H Melt-In Moisture,Nivea,no_aspect,no_aspect,no_aspect,negative,no_aspect,False,,,train
333,"Lip care yang simple banget pemakaiannya karena bentuknya stick. Rasa strawberry jadi suka sama baunya, hasil akhirnya seperti namanya ya 'shine' alias glossy, tapi kurang bertahan lama di aku. Sejauh ini cukup membantu untuk bibir kering dan bikin sedikit warna pink",24H Melt-In Moisture,Nivea,neutral,negative,no_aspect,positive,no_aspect,False,,,train
352,"Bibir aku ini termasuk yang kering dan kadang pecah pecah begitu di pagi.Dan Nivea ini cukup melembabkan bibir aku dalam jangka waktu yang lumayan lama, dan ada sedikit warnanya juga tapi enggak terlalu terlihat dan bikin shiny. Biasanya aku pakai pas pagi sebelum pakai lipstik.",24H Melt-In Moisture,Nivea,neutral,positive,no_aspect,positive,no_aspect,False,,,train
403,"Lembab seharian. Wanginya juga asem2 strawberry yang segar bikin pengin gigit. Tapi memang harus sering-sering di apply biar bibirnya tetap lembab apalagi sering kegesek sama masker. Warnanya sheer merah, tapi enggak gonjreng dan malah bikin bibir kelihatan merah alami. Sekarang lipbalm ini jadi andalan banget buat bibirku",24H Melt-In Moisture,Nivea,positive,negative,no_aspect,positive,no_aspect,False,,,train
2993,"Awalnya excited sama lip produk ini. Tapi ternyata enggak cocok di aku. Rasanya agak oily banget di bibir ku. Tekstur yang agak ""basah"" memang bisa bikin bibir enggak kering. Tapi bibir berasa enggak nyaman begitu habis pakai ini. Berasa kaku sama lengket",Baby Lips Love Color,Maybelline,no_aspect,no_aspect,negative,positive,no_aspect,False,,,train
381,"Sama seperti yang cherry ini affordable tapi agak susah dicari, kalo di alfa lebih sering ketemu yang cherry. Dia ada sedikit warnanya, glossy dan ada bau stroberinya. Kalo buat melembapkan sih biasa aja. Aku sendiri enggak ada problem bibir kering jadi enggak begitu kerasa. enggak bikin bibir jadi warna pink lebay tapi cukup memberikan warna pink yang sehat. Kalo lama enggak dipakai jadi keras dia. Dan enggak ada spfnya.",24H Melt-In Moisture,Nivea,positive,no_aspect,no_aspect,neutral,positive,False,,,train
298,"harum banget aroma strawberry nyaa,luvv suka bawa kmna"",ngelembab ini dibibir ada glitter""nya juga but tidak bertahan lama,cocok juga buat yang mau menghilangkan dark di bagian bibir:) and good juga sepertinya buat under 12th,so bakal repurchase",24H Melt-In Moisture,Nivea,no_aspect,negative,no_aspect,positive,no_aspect,False,,,train
375,"pengin ganti lip balm sih niatnya bir gampang dibawa kemana mana, banyak yang bilang nive strawberry bagus. pas pertama kali oke oke saja sih, gua suka karena ada warnanya tapi enggak bikin menor. tapi enggak tau kenapa beberapa kali pakai tuh bibir jadi kering banget akhirnya berenti pakai ini",24H Melt-In Moisture,Nivea,positive,no_aspect,no_aspect,negative,no_aspect,False,,,train
2958,"lipbalm yang ini tinted, tapi enggak tebel. pas banget warnanya natural. kalo terlalu banyak swatch ya kayak makan gorengan. tapi overall oke. saya apply sebelum dipakein lipstick lagi, tapi tunggu meresap dan keringan dulu. dan bibir jadi enggak kering.. tapi ya kalo habis makan begitu hilang harus reapply lagi",Baby Lips Love Color,Maybelline,positive,negative,negative,positive,no_aspect,False,,,train
176,"Lipbalm Nivea sempat aku coba beberapa kali re-purchase tapi dengan varian yang berbeda. Harganya affordable, mudah ditemukan di indonesia atau Alfa. Nah, strawberry shine ini kedua kalinya aku pakai, ada hint warna pinknya begitu bikin bibir kelihatan sehat. Dia glossy di bibir dan mudah terhapus.",24H Melt-In Moisture,Nivea,positive,negative,no_aspect,no_aspect,positive,False,,,train
401,Lipblam yang melembabkan banget dibibir.. Dipakai kesannya ada warna merah tapi samar samar.. Baunya strawberry.. Ini ada efek glossy menurutku dan rasanya sedikit berat padahal makainya cuman tipis tipis.. Harganya terjangkau,24H Melt-In Moisture,Nivea,neutral,no_aspect,negative,positive,positive,False,,,train
2980,"Setelah lip balm ini diaplikasikan di bibir, bibir jadi lebih terasa lembab. Menurutku wangi dari lip balm ini enggak mengganggu sama sekali dan warnanya pas dipakai di bibir enggak terlalu kelihatan. Nah pas banget nih, lip balm ini cocok banget lah ya buat anak sekolahan biar bibirnya terlihat lebih lembab, fresh, sehat, enggak kering/pecah-pecah, tetap terlihat natural, dan harganya yang cocok buat kantong pelajar hehehe.",Baby Lips Love Color,Maybelline,negative,no_aspect,no_aspect,positive,positive,False,,,train
20,"Harganya murahh buat kaum mendang mending kayak aku wkwkwk, warnanya bagus buat omre btw aku pakai shade cappucino sama ekspreso, shade cappucino bisa dipakai tanpa harus omre, dan ekspreso bisa di omre bagus bgtt, langsung menempel ke bibir enggak transferproof, packaging nya juga mewah",Oh My Glam Mattelast Lip Cream,Omg,no_aspect,positive,positive,no_aspect,positive,False,,,train
2973,"Waktu itu beli bareng yang warna pink lolita soalnya lagi ada diskon. Untuk warna yang satu ini waktu itu disaranin sama mbak penjualnya, katanya ini warna yang banyak dicari, tapi enggak tau benar apa nggaknya. Kelembapannya lumayan buat aku, enggak bikin bibir kering atau pecah.",Baby Lips Love Color,Maybelline,no_aspect,no_aspect,no_aspect,positive,no_aspect,False,,,train
324,"Lumayan suka sih dia finishnya memberikan warna di bibir jadi bisa buat daily. Aromanya suka banget aroma stroberi.. Cuman kurang suka karena dia memberikan kesan glossy begitu seperti lip ice, dan produk ini cepat membuat bibirku kering",24H Melt-In Moisture,Nivea,positive,no_aspect,no_aspect,negative,no_aspect,False,,,train
2956,"suka banget sama ini <3 wanginya enak banget, gampang diaply tampa perlu kaca juga hehe dan ini gampang dicarinya di alfa/indomaret ada. banyak variant tergantung kalian suka yang mana saja sih, ini warnanya transparant tapi agak pink2 dikit, applynya jangan terlalu banyak biar enggak kayak habis makan gorengan dan ini ada spf 20 yang melindungi bibir dari sinar mataharipros: ada spf 20, melembabapkan bibir, gampang diapplycons: cepat hilang, harus di apply beberapa kali dalam sehari, tutup packagingnya juga gampang lepas",Baby Lips Love Color,Maybelline,neutral,negative,negative,positive,no_aspect,False,,,train
353,hahahaha ini awet banget sampai expired masih 3/4 isinya. melembabkan lumayan tapi enggak tahan lama Shinee warnanya bguss aman buat sekolah enggak akan diomelin guru ini mah Haha . wajib di coba sih murah dan terkenal banget holygrail sejuta umat soalnya mudah banget di dapat di mana pun oiya sopi official nya sering diskon juga,24H Melt-In Moisture,Nivea,no_aspect,negative,no_aspect,positive,positive,False,,,train
294,Asli enak banget sih lipbalm ini!! enggak terasa trbal di bibir. sudah begitu mengasih warna pink yang super natural banget. praktis juga pakenya. pokoknya recommended banget lah buat yang bibirnya super duper kering mengelupas tapi masih pengin dapat warna pink naturalnya,24H Melt-In Moisture,Nivea,positive,no_aspect,positive,positive,no_aspect,False,,,train
96,"suka suka suka pakai lipbalm inii, ngelembapin bibirr bangett, ada warnanya tipis tipiss, buat yang bibirnya pecah pecah terus kusam ini sangatt di rekomendasikann karenaa kalau pakai ini rutin tiap harii pasti memperbaiki bibirrnya yang pecah pecahh",24H Melt-In Moisture,Nivea,neutral,no_aspect,no_aspect,positive,no_aspect,False,,,train
131,"Dapat melembabkan bibir dan menjaga bibir tetap lembab. Menjaga dari bibir pecah-pecah terutama pada daerah dingin dan panas , nivea strawberry shine sangat membantu saya dalam menjaga bibir pada saat saya kuliah terutama pada saat kuliah lapangan",24H Melt-In Moisture,Nivea,no_aspect,no_aspect,no_aspect,positive,no_aspect,False,,,train
2972,"My first lip balm!+ Aku suka aromanya, fruity gitu.+ Harga terjangkau buat kantung mahasiswa+ Pigmentasi lumayan, dipoleh 1x sudah keluar warnanya. Dan kelihatan natural enggak gonjreng.+ Lumayan ngelembabin dan enggak bikin bibir pecah. Tapi, masih enggak sekuat lip balm tetangga- Bibir berasa tebal pas pake, dan kelihatan berminyak- Ketahanan kurang, harus habis makan atau minum hilang total atau sisa sekitar 25%- cepat meleleh atau patah walau ada di ruangan ber-ac, harus simpan di kulkas.- Transfer parahRepurchase? Maybe, kalo kepepet aja.",Baby Lips Love Color,Maybelline,positive,negative,negative,positive,positive,False,,,train
157,"lip balm favorite aku ᅲᅲ dalam 1-2 bulan saja sudah abiss, bikin bibir moisturized, plumpy dan pokoknya warna pinknya bagus banget tapi ini lip balm susah banget aku mendapatkan karena stock mereka biasanya suka habis karena laku bgt, dan jujur ini lip balm bisa bikin bibir pink alami <3",24H Melt-In Moisture,Nivea,positive,no_aspect,no_aspect,positive,no_aspect,False,,,train
2955,"hhm suka sih dengan produk ini, gampang di apply, packaging imut yang gampang di kantongin, tapi enggak nolong untuk melembutkan dan mosturized, terus gampang ilang, harus sering re-apply, warnanya sih sheer, halus enggak jreng",Baby Lips Love Color,Maybelline,neutral,negative,no_aspect,negative,no_aspect,False,,,train
233,Love it! Dari zaman sama pakai nya yang series fruity shine ini dan cinta mati karena lebih shimmering begitu dibanding lip balm lainnya. Kalau di apply ke bibir masih ada hints warna merahnya tapi sangat subtle gitu. kelihatan kayak bibir sehat tiap pakai ini. Repurchase: Always!!,24H Melt-In Moisture,Nivea,positive,no_aspect,no_aspect,no_aspect,no_aspect,False,,,train
402,"Beli ini biar bibir enggak kering, tapi sebenarnya enggak terlalu ngelembabin juga, sayang banget kalo sudah agak lama jadi kayak bau begitu deh ini. Kadang sebelum tidur aku juga pakai ini, tapi ya enggak buat bibir jadi merah juga sih wkwk punya ini satu lagi jadi buat ibu ku saja hehe..",24H Melt-In Moisture,Nivea,no_aspect,no_aspect,no_aspect,negative,no_aspect,False,,,train
367,"Lipbalm kecintaan, aku suka banget mencoba mencoba lipbalm suka juga dengan lipbalm yang ada wangi wangi buah atau coklat begitu tapi suka karena baunya saja karena biasanya memang untuk melembapkan saja sih. Tapi kalo nivea ini bibirnya juga jadi kelihatan sehat, lembap banget bisa juga dipakai kesekolahh karena ada disedikit warnanya Kalo bangun pagi bibir aku pink sehatt begitu",24H Melt-In Moisture,Nivea,neutral,no_aspect,no_aspect,positive,no_aspect,False,,,train
172,"sudah ngabisin 1 pcs. Kalau pengin lipbalm berwarna mending cari yang lain soalnya lipbalm ini gabegitu ketara, baru tertara warnanya kalau pakai pas kondisi bibir kering, langsung melt dan bibir jadi merah natural sedikit glossy gitu. Dia enggak terlalu kayak berminyak, cukup awet lembabnya dan kalau rutin membantu pelepasan sel kulit mati dibibir. Lipbalmnya enggak gampang meleleh, tempatnya juga safety sudah beberapakali jatuh gapecah. Isinya banyak 4,8 baru habis lebih dari 1th karena aku pakainya ganti2an sama lipserum.",24H Melt-In Moisture,Nivea,negative,positive,positive,positive,no_aspect,False,,,train
16,"salah satu lipcream favorit kuu!! 8/10 sih buat yang satu ini, gampang diblend dan ketahanannya lumayann oke, warna nya juga banyak pwoll dan cukup untuk mengcover two tone lips kaya aku huhu, selalu purchase karena harga nya yang affordable dan kualitas yang oke!",Oh My Glam Mattelast Lip Cream,Omg,positive,positive,positive,no_aspect,positive,False,,,train
9,"lip cream OMG memiliki tekstur yang ringan dan cukup tahan lama ketika digunakan, memiliki warna yang bervariasi dan cukup pigmented ketika dipakai. harga nya juga terjangkau dan mudah didapatkan diseluruh e-commerce. lip cream OMG bagus digunakan untuk ombre lips",Oh My Glam Mattelast Lip Cream,Omg,positive,positive,positive,no_aspect,positive,False,,,train
2979,"setelah mencoba varian liplbalm pertama, saya penasaran mencoba varian yang ini (karena termakan iklan juga) tapi ternyata masih enggak ngefek :')kalau saya pakai di malam hari enak sih pas pagi bibir jadi lembab dan enggak pecah-pecah. tapi kadang pas pagi bibir juga pernah jadi super kering kayak sariawan gitu. jadi ya,,akhirnya berhenti pakai",Baby Lips Love Color,Maybelline,no_aspect,no_aspect,no_aspect,negative,no_aspect,False,,,train
116,"Aku suka sih sama lip balm ini, karena bikin moist bibir dan dia ada warnanya juga, jadi bibirku enggak kelihatan pucat kalau pakai ini. Aku setiap hari pakai ini sih karena aku gasuka kalau bibirku kering. Dia ada wangi strawberry nya sedikit tapi enggak ganggu sama sekali. Aku sudah repurchase ini dan sekarang juga lip balm ku sudah hampir habis hihi",24H Melt-In Moisture,Nivea,positive,no_aspect,no_aspect,positive,no_aspect,False,,,train
389,"Awalnya enggak suka sama baunya yang agak aneh kayak plastisin gitu. Cuma karena waktu itu lagi hot""nya dipakai sama yunhyeong akhirnya kubeli lagi. enggak terlalu melembabkan di bibirku, warna merahnya juga enggak merubah apa"". Tapi demi mas yunhyeong aku rajinin pakai hehe",24H Melt-In Moisture,Nivea,negative,no_aspect,no_aspect,negative,no_aspect,False,,,train
284,"Lip Balm ini ada wanginya, wangi manis strawberry tapi enggak strong. Sesuai judulnya, dia memang melt di bibir & agak greasy kayak habis makan gorengan, yang mana bikin aku malas lipenan. Selain itu, dia mengasih warna hint merah, jadi tanpa lipen pun sudah lumayanlah enggak bikin pucet bibir. Sayang banget performanya enggak seoke yang ada SPFnya (putih) -- kurang ngelembabin area bibir yang kering banget sampai kelupas gitu. Tapi, ini harganya murah & bisa didapat di mana aja, kecuali warung sebelah hihi.",24H Melt-In Moisture,Nivea,positive,no_aspect,negative,negative,positive,False,,,train
2974,"dari masa aku sekolah, pasti pakai lipbalm ini, sampai sekarang pun masih pakai lipbalm dari maybelline.. enggak bikin bibir aku kelihatan glossy banget, tapi memang sih jadi berasa tebal saja di bibir haha tapi belum mau mencoba lipbalm yang lain :( masih setia sama produknya maybelline..",Baby Lips Love Color,Maybelline,no_aspect,no_aspect,negative,no_aspect,no_aspect,False,,,train
169,Ini tinted lipbalm yang lumayan works di aku. Wangi strawberrynya cukup soft dan bisa ngelembabkan tapi kalo diruangan ber ac mesti sering-sering touch up sih but i like itu bibir aku tuh gampang banget leluarin warna tinted lipbalm yang soft saja jadi pigmented banget di bibirku.,24H Melt-In Moisture,Nivea,positive,negative,no_aspect,positive,no_aspect,False,,,train
272,"Menurutku, nivea lipbalmnya memberi kesan warna dan shine jadi bibir terlihat moist juga sehat. Wanginya juga straw enak saja gitu. Bagusnya kalau ada spf nya wow banget sih (-) nya dia kayak gumpal"" jadi enggak nyaman saja begitu",24H Melt-In Moisture,Nivea,positive,no_aspect,negative,positive,no_aspect,False,,,train
2935,"Lipbalm ini aku pakai buat sekolah/kegiatan sehari hari biar bibir enggak kering, menurutku dari segi kualitas cukup bagus, warnanya sheer, dan teksturnya juga enak, sayangnya pas aku pakai kurang longlasting",Baby Lips Love Color,Maybelline,neutral,negative,positive,positive,no_aspect,False,,,train
2966,"Balm ini lembab dan wangi banget, benar benar ngurangin chapped lips secara signifikan. Paling enak diolesin sebelum tidur, paginya bibir terasa lembut dan lembab. Kekurangannya balm ini enggak cocok dipakai sebelum matte lip color soalnya bikin glossy dan enggak tahan lama warnanya. Overall untuk lipcare oke banget. Yang tinted juga oke buat bikin segar pas mau pergi malas dandan",Baby Lips Love Color,Maybelline,no_aspect,negative,no_aspect,positive,no_aspect,False,,,train
72,"Nivea Strawberry Shine melembapkan bibir dengan aroma stroberi manis dan memberi warna merah muda alami. Teksturnya lembut, mudah diaplikasikan, dan cocok untuk tampilan natural. Praktis dibawa, namun perlu diaplikasi ulang setelah makan. Cocok untuk perawatan bibir sehari-hari",24H Melt-In Moisture,Nivea,no_aspect,negative,positive,positive,no_aspect,False,,,train
407,"Sekarang jadi lip-balm kesukaanku dan bakal aku beli kalau ini abis~ Kemasannya biasa saja (Tulisan nivea dengan background merah), sayang banget di bagian dalemnya warna putih, cenderung jadi kotor gitu. Ada aroma strawberry yang asem-manis, tapi enggak ngeganggu. Teksturnya buttery, suka miring ke kanan-kiri untuk isi produknya. Jadi jangan di keluarkan terlalu panjang. Dia juga kurang pakem, sewaktu di aplikasiin, kalau enggak di tahan untuk pemutar, bisa masuk ke dalam Hasilnya oily dengan warna orange yang cantik. Aku pribadi, lebih suka variant ini ke timbang yang satunya. Lembabnya dapet, ada glitter halus tapi enggak lebay~",24H Melt-In Moisture,Nivea,positive,no_aspect,positive,positive,no_aspect,False,,,train
342,"Everyone's favorite, basic product that is easy tapi find and very budget friendly. Menurutku harganya murah banget sih untuk kualitasnya. Lumayan OK dan ngelembabin, tapi memang enggak sampai yang wow gitu. Dia juga mengasih warna, tapi dikitt banget.",24H Melt-In Moisture,Nivea,negative,no_aspect,no_aspect,neutral,positive,False,,,train
2936,"Aku biasanya selalu pakai ini sebelum pakai lipstik. Tapi karena sering buru2 aku selalu lupa pakai lipstik pas ke kampus, tapi hasilnya malah bikin kelihatan natural banget. Kadang teman-teman suka ngirain aku pakai lipstik dan ditanyain pakai lipstik apa karena warna nya bagus dan jadinya natural banget heheh.. Overall aku suka packagingnya, lucu kecil2 gitu. dan suka aku selip2in di kantong jeans aku kalo lagi buru2 dan lupa pakai lipstik hahahah.. aku tiep hari pakai selama hampir 4 bulan dan sampai sekarang enggak habis-habis hahah",Baby Lips Love Color,Maybelline,positive,no_aspect,no_aspect,no_aspect,no_aspect,False,,,train
2982,"murah dan manjur..udah begitu aja..ga boleh ya haha.melembabkan iya(rada berat kadang lengket sih)warnanya lumayan nutup di aku sih untuk lipbalm mungkin karena memang enggak terlalu item.awet banget sekali apply bisa melembabkan seharian walaupun warnanya sudah enggak ada ya,namanya juga bukan lipstik.3bulan enggak habis2 dan efeknya kerasa warna bibir lebih ngepink lebih sehat dan enggak ada yang ngelupas2 lagi.repurchase?kalo sudah habis mungkin iya,ini saja masih banyak",Baby Lips Love Color,Maybelline,positive,positive,negative,positive,positive,False,,,train
2937,"Biasanya kalo kuliah aku pakai lipstain habis itu ditimpa lipbalm ini. Aku sukanya itu dia mempertegas warna lipstain aku jadi lebih kereng warnanya. Tapi aku ngerasanya tiap aku pakai lipbalm ini bibir aku berasa pengap gt, aku enggak tau ini perasaan aku doang atau memang gitu. Never use itu again ever since.",Baby Lips Love Color,Maybelline,positive,no_aspect,negative,no_aspect,no_aspect,False,,,train
145,"suka BANGET sih INI LIP BALM enggak TIPE YANG MINYAKAN GITUU, ada warna merah dikit, enggak bikin kering diaku, tapi wanginya rada rada nyengat ya kalo termakan kayak gaenak saja gitu, sudah sih begitu aja.. oh iya lembab nya juga pas mantap deh Nivea",24H Melt-In Moisture,Nivea,neutral,no_aspect,positive,positive,no_aspect,False,,,train
222,"Kalo bibirnya normal enggak kering pakai ini bagus, tapi kalo bibir super kering kurang cocok. Justru di aku kalo lagi kering banget malah bikin makin ngelopek2 apalagi dia ada warnanya kan, jadi ngelopek2nya wrna merah.. tapi kalo bibir lagi enggak kering pakai ini cakep kelihatan sehat merah alami.. Lip balm ini baunya kayak lipbalm strawberry pada umumnya, ada stain warnanya juga",24H Melt-In Moisture,Nivea,positive,no_aspect,no_aspect,negative,no_aspect,False,,,train
74,"Sudah pakai lama akhirnya mereview lagi karena bagus apalagi ada harga promo auto stock, melembapkan bibir tidak terasa lengket dan menurutku baunya tidak menyengat jadi cocok banget kalau dipakai sebelum pakai lipstik dan bisa untuk di rumah saja",24H Melt-In Moisture,Nivea,no_aspect,no_aspect,positive,positive,no_aspect,False,,,train
338,"awalnya aku original karena waktu itu yang original habis jadi beli yang ini. bagus sama kayak yang ori, tapi memang aku enggak begitu suka, wlpn warnanya tipis tapi kalo di masker jadi nempel🥲 . Tapi buat daily bagus lah yaa, ya minusnya enggak suka karena produknya menempel di masker dan berminyak banget di bibir aku",24H Melt-In Moisture,Nivea,no_aspect,negative,negative,no_aspect,no_aspect,False,,,train
332,"semoga enggak ada orang yang enggak tau ini ya , bisa emoshi. siapa coba yang enggak tau ini? aku suka pakai buat dibawa tidur juga karena enggak nge-stain tapi benaran mengasih efek strawberry shine. aku kurang suka sama lip produk yang stain, kalo stain nya enggak heboh sih gpp. wanginya enak bgt, packagingnya oke pula.",24H Melt-In Moisture,Nivea,neutral,no_aspect,no_aspect,no_aspect,no_aspect,False,,,train
326,"beli ini karena pengin mencoba dan ternyata ya nyaman wkwkw, ngelembabin tapi enggak bikin yang kayak tebal di bibir, bau sama rasanya stroberi wkwkwk, dan gabikin bibirku pecah2 lagi, karena tipe bibirku gampang pecah2 gara-gara lipcream dan kadang enggak rutin minum air putih yang banyak wkkwkw, lip balm rekomended sih ini",24H Melt-In Moisture,Nivea,no_aspect,no_aspect,positive,positive,no_aspect,False,,,train
164,"Produk nivea strawberry shine ini cocok banget bikin bibir aku lembab enggak kering, wangi dan terkandung vitamin di dalemnya. Aku pribadi suka banget sama produk ini. Cocok buat kamu yang punya bibir kering. Jadi jangan ragu lagi untik pakai produk ini",24H Melt-In Moisture,Nivea,no_aspect,no_aspect,no_aspect,positive,no_aspect,False,,,train
317,"aku pakai ini sudah bertahun tahun, lipbalm ini bagus bikin bibir merah natural dan moist tapi dia bikin kering lagi setelah beberapa jam dan habis itu ngelupas gitu, tapi habis ngelupas bikin bibir jadi merah merona, cuma kalo lagi ngelupas jangan dipaksa atau dikelopek, langsung dipakein lagi saja lipbalm ini",24H Melt-In Moisture,Nivea,positive,negative,no_aspect,negative,no_aspect,False,,,train
213,"Bagiku dia mungkin produk bagus, tapi aku kurang suka feel pemakaiannya sih, dia ada glitternya, ada warna sheer kemerahannya juga, tapi berasa berat pas dipakai huhu dikasih adek sih, enggak dipakai sayang, dipakai rasanya kureng.. cuman karena sudah terbiasa jadi sudahlah agak biasa aja.. tapi tetap kalo dibanding lipice memilih lipice aku mah",24H Melt-In Moisture,Nivea,neutral,no_aspect,negative,no_aspect,no_aspect,False,,,train
122,"Wanginya enak stroberi manis gitu, sticknya berwarna merah dan ada glitternya, tapi pas dipakai enggak ada warnanya, sheer banget sampai di bibir enggak ada warnanya, paling kelihatan kalo di orang pucet doang. Melembabkannya ada tapi biasa saja sih, untuk yang bibirnya super kering ini kurang nampol. Teksturnya enggak terlalu melt jadi cocok buat yang enggak suka terlalu greasy.",24H Melt-In Moisture,Nivea,negative,no_aspect,neutral,negative,no_aspect,False,,,train
360,"Bibir ku selalu bermasalah dari dulu, kering dan pecah2 sampai berdarah2.. lalu aku coba produk ini, ternyata membantu bgt, bibir jadi enggak pecah2 lg, terus ada warnanya jg, binir jadi kelihatan merah merona dan natural bgt, kelihatan fresh.. sayang dia enggak ada UV nya.. kalo ada pasti perfect banget",24H Melt-In Moisture,Nivea,positive,no_aspect,no_aspect,positive,no_aspect,False,,,train
406,"Sekarang jadi lip-balm kesukaanku dan bakal aku beli kalau ini abis~ Kemasannya biasa saja (Tulisan nivea dengan background merah), sayang banget di bagian dalemnya warna putih, cenderung jadi kotor gitu. Ada aroma strawberry yang asem-manis, tapi enggak ngeganggu. Teksturnya buttery, suka miring ke kanan-kiri untuk isi produknya. Jadi jangan di keluarkan terlalu panjang. Dia juga kurang pakem, sewaktu di aplikasiin, kalau enggak di tahan untuk pemutar, bisa masuk ke dalam Hasilnya oily dengan warna orange yang cantik. Aku pribadi, lebih suka variant ini ke timbang yang satunya. Lembabnya dapet, ada glitter halus tapi enggak lebay~",24H Melt-In Moisture,Nivea,positive,no_aspect,positive,positive,no_aspect,False,,,train
384,"Beli ini berawal dari salah varian. Jadi pas beli sebenarnya mau yang original care tapi penjualnya mengasih yang ini karena toko lagi rame. Tapi berawal salah beli ini malah jadi kecintaan. Packaginya kayak lipbalm pada umunya begitu dan isinya 4,4gr. Produknya padat, warnanya merah kayak strawberry, dan ada shimmernya gitu. Karena ada shimmernya, jadi mengasih efek glossy begitu tapi enggak lebay. Shimmernya pun halus malah enggak kerasa. Pas dioles dibibir langsung melt dan ada kayak warna merahnya tapi super natural. Dia ampuh banget buat ngelembapin bibirku. kayak hampir 24 jam tetap lembab. Pernah pas puasa bibiku kering enggak karuan sampai berdarah dan pas pakai lipbalm ini langsung mendingan.",24H Melt-In Moisture,Nivea,positive,positive,positive,positive,no_aspect,False,,,train
2942,"Waktu sama dulu suka memakai ini, soalnya dia sheer.Melembabkan, tapi tidak tahan lama. Tapi lumayan juga, sih, bibir jadi terlihat sehat.Ada spfnya, jadi bisa melindungi bibir dari efek cahaya matahari.Wanginya enak, aku suka.Mungkin enggak mau repurchase, mau cari yang lebih melembabkan, soalnya bibirku kering.",Baby Lips Love Color,Maybelline,positive,negative,no_aspect,positive,no_aspect,False,,,train
166,"Entah sudah berapa kali repurchase lip balm ini,walaupun alasan belinya karena sudah expired saking dikitnya kalo pakai jadi enggak pernah abis.. Lip balm ini enak banget karena lembab,glossy finish dan ada warna merah merona. Jadi pakai lip balm ini saja sudah berasa kayak pakai makeup yang langsung bikin wajah jadi berasa segar seketika,meskipun ya pasti bakal hilang ketika dipakai makan/minum.. Secara tekstur sedikit lebih ringan dibanding varian original,jadi memang lebih ditujukan buat light-makeup yang sekaligus buat merawat bibir kering..",24H Melt-In Moisture,Nivea,positive,negative,positive,positive,no_aspect,False,,,train
48,"Suka banget sama lip creamnya memang teksturenya kayak cepat ngeset begitu tapi enak sih pas di pakai aku juga pakenya yang buat base next mau mencoba produk omg yang lainnya karena harganya lumayan terjangkau dan juga lumayan murah, next mau beli lagi",Oh My Glam Mattelast Lip Cream,Omg,no_aspect,no_aspect,positive,no_aspect,neutral,False,,,train
271,"penolong bibir kering dan pecah-pecah. lembabnya enggak lebay, ada gliter kecil-kecil bikin terlihat glow gitu. aromanya segar banget. cocok untuk remaja dan dewasa.. varian aromanya banyak banget, mudah dibawa-bawa juga..",24H Melt-In Moisture,Nivea,no_aspect,no_aspect,no_aspect,positive,no_aspect,False,,,train
232,sudah terkenal ya ini brand lip balm! Murah banget tapi memang enak dari segi wangi dan tekstur! jadi lembut bibir ku dan glossy gais. Terus gue pakai setiap pagi & malam tapi tetap awet dong selama 6 bulan-an?! kalau kalian mau beli yang murah tapi bagus fix cocok!,24H Melt-In Moisture,Nivea,no_aspect,positive,positive,positive,positive,False,,,train
244,"Lip balm kesukaan. Ampuh banget buat mengatasi bibir yang kering, pecah-pecah sama seperti aku. Bikin bibir jauh lebih lembab dari sebelumnya. Pakai sekali oles dibibir jadi lebih pink kemerahan. enggak kerasa berat dibibir juga. Tahan seharian.",24H Melt-In Moisture,Nivea,positive,positive,positive,positive,no_aspect,False,,,train
80,"lip balm yang cocok buat daily ya, ada warnanya tapi cuma sedikit jadi cocok buat anak sma, after tastenya enggak terlalu menyengat, bgelembabib bibirnya cuma saat dipakai aja, kalau sudah hilang bibir tetap enggak lembab si, jadi biasa saja tidak yang terlalu wow",24H Melt-In Moisture,Nivea,no_aspect,no_aspect,no_aspect,neutral,no_aspect,False,,,train
365,(Tipe bibir kering) biasa saja after use enggak bikin bibir pecah-pecah mendingan. Pros: bantu melembabkan kalau sehari berkali-kali pakenya >4x + warna hint merah dikit bikin bibir terlihat rada hidup Cons: shine=glitter bukan gloss (jujur kecewanya disitu) & no SPF . Note:oke buat mencegah bibir menambah kering saja & texturenya dia balm tipis enggak ada feeling licin samsek.,24H Melt-In Moisture,Nivea,positive,no_aspect,positive,positive,no_aspect,False,,,train
371,"lipbalm favorit aku aku paling suka aromanyaa sama rasa stoberi begitu , melembabkan bibir banget sih apalagi kalo lagi merasa bibir kering atau pecah-pecah dia sangat membantu! kalo pakai malam pagi auto mendingan bibirnya, harganya juga cukup terjangkau.",24H Melt-In Moisture,Nivea,no_aspect,no_aspect,no_aspect,positive,positive,False,,,train
206,"dapat dari freebies beli sunscreen Nivea di toko orens. di bibirku lembabnya cukup, walaupun enggak terlalu awet lembabnya, harus sering reapply kalo mau lembabnya awet. yang aku suka dia kasih warna pink alami di bibir, jadi aku sering kasih ini buat anakku juga yang sering meminta dipakein lipstik juga kalo aku lagi dandan -,- plusnya lagi ada spfnya juga buat melindungi bibir dari dampak buruk sinar matahari. aku sering pakai ini buat pagi, sebelum pakai lip cream yang matte karena lembabnya pas di bibir, enggak bikin lip cream yang kita pakai setelahnya jadi enggak menempel dibibir.",24H Melt-In Moisture,Nivea,positive,negative,no_aspect,positive,no_aspect,False,,,train
2941,suka memakai ini buat double-annya liptint atau enggak lipstick biar enggak kering bibirnya. tapi dia ngelembapin nya cuma sebentarr jadi harus memakai berulang ulang. Suka takut tutupnya hilang soalnya gampang lepas terus kecil gituu. Ku suka karena ada warnanya tapi pas dipakai dia sheer. cocok buat kesekolah sih. Repurchase? maybe..,Baby Lips Love Color,Maybelline,positive,negative,no_aspect,positive,no_aspect,False,,,train
279,ini kurang moisturizing as a lipbalm for my liking sih. kalo aku pakenya harus dilayer dulu kurang lebih 10 kali kalo mau sampai ke definisi moisturizing lip yang gue suka. terus dia juga enggak terus kelembapannya juga enggak 24 jam tahannya kalo menurut ku hehe. cuman kalo buat dipakai as a base for a lipcream sih dia nyaman,24H Melt-In Moisture,Nivea,no_aspect,negative,positive,negative,no_aspect,False,,,train
237,lipblam ini sangat membantu buat melembapkan bibir. ada pigmen warna sedikit apalagi yang warna merah. sangatt sangat baguss. lembap di bibir. tapi aku hanya pakai produk ini sekali saja karena satu dua hal.,24H Melt-In Moisture,Nivea,positive,no_aspect,no_aspect,positive,no_aspect,False,,,train
242,sebelum pakai yang 24h melt ini moistruizer spf 15 nya aku pakai ini. mengasih stain warna pink2 lembut. enggak yang kinclong banget pinknya tapi softt bgt. karena aku pakenya sebelum pakai liptint. jadi aku enggak repurchase. ini saja kemarin di kasih mbak aku kwkw. takutnya nyampur saja kalo aku pakai liptint selain warna merah ehehe. tapi ini bagus kalo misal kalian cari lipbalm yang sudah ada warna nya aku rekomen bgt.,24H Melt-In Moisture,Nivea,positive,no_aspect,no_aspect,no_aspect,no_aspect,False,,,train
95,"produk ini membuat bibir lembab sekali dan membuat bibir menampak pebih cerah dari sebelumnya bisa digunakan sebelum memakai lipstik atau liptint . lip balm nivea ini juga bisa digunakaan selain di bibir saja,membuat bibir jadi lebih lembab",24H Melt-In Moisture,Nivea,no_aspect,no_aspect,no_aspect,positive,no_aspect,False,,,train
259,"Bagus PRODUK favorit AKU!! kemarin belinya lagi promo sama facewashnya nivea. cuma ternyata enggak kepake face washnya. BUT produk ini berguna banget sih, ada efek merahmerah dikit di bibir setelah pemakaian, jadi kalo malas pakai liptint orang lipcreamy lagi produk ini sudah pas",24H Melt-In Moisture,Nivea,positive,no_aspect,no_aspect,no_aspect,no_aspect,False,,,train
3000,"suka sama lip balm ini! sudah ada spf nya & berwarna . cuman ya itu, menurutku glossy nya lumayan berlebih.. tapi aku suka sih, kadang kalo pakai suka aku akalin biar enggak terlalu glossy aku tap2 pakai tisu :) lumayan lah jadinya",Baby Lips Love Color,Maybelline,no_aspect,no_aspect,negative,no_aspect,no_aspect,False,,,train
76,"Sangat bagus dan rekomendasi karena melembabkan yang kering dan pecah pecah sehingga membuat bibir jadi ternutrisi sehat, mudah di bawa kemana mana, harganya terjangkau dan bisa di beli di minimarket/supermarket terdekat",24H Melt-In Moisture,Nivea,no_aspect,no_aspect,no_aspect,positive,positive,False,,,train
119,"Tertarik pengin mencoba lipbalm dari nivea, jadi aku beli dengan harga yang sangat terjangkau, ternyata wanginya enakk, ala-ala permen strawberry, manis-manis gitu. Tapi sayang 🥲 enggak cukup baik dalam melembabkan bibir keringku huhuhu🥺🥺 baru di pakai sebentar, harus pakai reapply lagi karena enggak tahan lama buat bikin bibir lembab. Kayaknya cukup sekali saja deh makenya.",24H Melt-In Moisture,Nivea,no_aspect,negative,no_aspect,negative,positive,False,,,train
290,"sudah pakai sejak tahun 200an hahaha iya memang sudah tua. waktu itu jaman-jaman sama kalo enggak salah, sampai pas lagi puasa suka ditanya temen: ""lo puasa enggak sih? kok bibir lo basah?"" maklum jaman itu belum banyak anak sekolan aware sama skincare apalagi makeup. cuma yang sekarang kayanya enggak selembap dulu, ataukah bibir gwe saja yang tambah kering ya? terus baunya rada2 waxy bagaimana sih menurut gwe mah",24H Melt-In Moisture,Nivea,no_aspect,no_aspect,no_aspect,negative,no_aspect,False,,,train
26,"Warnanya asli cakep cakep dan cocok di skintone wanita Indonesia. Lumayan awet untuk harga yang sangat ramah dikantong mahasiswa, enggak bikin crack juga di bibir aku, pokoknya love banget deh, buat ombre juga cakep banget, sudah pakai beberapa shade jugak.",Oh My Glam Mattelast Lip Cream,Omg,no_aspect,neutral,positive,positive,positive,False,,,train
397,"Packaging : Bentuknya seperti lipstik, warnanya merah ada tulisan Nivea cukup besar didepan produknya. Variant : Strawberry Shine Formula : melembabkan dibibir, mudah di apply dibibir, ada geliternya gitu. Aroma : Wanginya strawberry sesuai varian lah ya wkwkw Harga : aku beli di Alfamart 18k soalnya lagi diskon Overall : ini Sabi banget buat dibawa kemana-mana buat traveling dll. Kekurangan : ada geliternya aku tidak suka, tidak ada warna bening saja gtu. Kelebihan : wanginya suka bgt. Repurchase : no",24H Melt-In Moisture,Nivea,no_aspect,no_aspect,negative,positive,neutral,False,,,train
127,"nivea memang enggak pernah gagal soal product hidrasi, ini enak ngelembabin dan kerasanya memang agak berat karena ini balm, wanginya tipis, dan lama kelamaan dia nyerap ke bibir jadi perlu di reapply sesuai kebutuhan, packagingnya simple dan ofc travel friendly",24H Melt-In Moisture,Nivea,no_aspect,neutral,negative,positive,no_aspect,False,,,train
2988,"sudah kedua kalinya beli dan masih suka bawa-bawa lipbalm ini kemana-mana. Wanginya enak, bikin bibir lembab dan glossy. enggak greasy dan warnanya cocok banget dimukaku yang suka pucet. mengasih tampilan bibir yang sehat. And it's cheap!",Baby Lips Love Color,Maybelline,positive,no_aspect,positive,positive,positive,False,,,train
255,"Lipbalm terbaik sejauh ini karena benar-benar melembabkan, ada efek shine juga jadi kesannya healthy lip gitu. Terus aroma strawberry nya enak, soft dan lama-lama enggak ""tengik"" baunya if you know what I mean, karena aku pernah pakai lipbalm yang aromanya lama-lama berubah enggak enak.",24H Melt-In Moisture,Nivea,no_aspect,no_aspect,no_aspect,positive,no_aspect,False,,,train
260,"Beli ini karena kecanduan dari teman aku.. semoga enggak ada orang yang enggak tau ini ya , bisa emoshi. siapa coba yang enggak tau ini? aku suka pakai buat dibawa tidur juga karena enggak nge-stain tapi benaran mengasih efek strawberry shine. aku kurang suka sama lip produk yang stain, kalo stain nya enggak heboh sih gpp. wanginya enak bgt, packagingnya oke pula.",24H Melt-In Moisture,Nivea,no_aspect,neutral,no_aspect,no_aspect,no_aspect,False,,,train
7,"Teksturnya ringan dan cepat menyerap di kulit, bikin wajah terasa lebih lembap tanpa terasa berminyak. Setelah dipakai rutin, kulit kerasa lebih halus, cerah, dan calming. Formulanya juga gentle, jadi aman dipakai setiap hari. Overall, performanya stabil dan cocok jadi bagian dari skincare harian.""",Oh My Glam Mattelast Lip Cream,Omg,no_aspect,no_aspect,positive,positive,no_aspect,False,,,train
361,"Aku mencoba ini produk sejak 2019. Teksturnya padat tapi pas diaplikasikan ke bibir jadi kayak melting begitu dan berminyak tapi aku suka karena kelihatan sedikit glossy. Aromanya ya seperti strawberry Setelah pemakaian bibir memang lembab tapi tidak tahan lama sejam kemudian jadi kering lagi bahkan mengelupas. Termasuk tinted lip balm ada warna pink kemerahan begitu jadi bibir terlihat lebih fresh and natural finish look. Ada rasanya juga seperti strawberry. Packagingnya lumayan aku suka gampang dibawa2/travel friendly dan warnanya yang merah mencolok itu loh. Warnanya dibibir enggak tahan lama, kalo habis minum/makan sudah luntur deh. Habisnya juga agak lama sekitar 1 thn. Sekarang sudah enggak pakai ini lagi, karena kurang memuaskan dengan hasilnya. Repurchase? enggak deh, masih banyak tinted lip balm yang lebih bagus dari ini.",24H Melt-In Moisture,Nivea,positive,negative,neutral,negative,no_aspect,False,,,train
218,"its a good pruduct, but doesn't work for me. aku sudah pakai produk ini hampir satu tahun karena benar ngelembabin dan wanginya yang buat nyaman, tapi memang dengan problem bibir ku kering sampai pecah pecah dan terkelopek, akhirnya aku stop rephurchase produk ini.",24H Melt-In Moisture,Nivea,no_aspect,no_aspect,no_aspect,positive,no_aspect,False,,,train
305,Beli ini karena baru pengin skincare an lipcarean karena aku baru sampai dan akhirnya nemu lip balm ini di salah satu supermarket di freshly menurutku manis sih ngelembabin tapi teksturnya berminyak jadi kurang suka warnanya merah natural glossy begitu besok mau ganti lip balm lainnya sih,24H Melt-In Moisture,Nivea,positive,no_aspect,negative,positive,no_aspect,False,,,train
65,"Review Jujur setelah pemakaian 5bulan Nivea Strawberry Shine Lip balm ini cocok banget buat yang cari bibir lembap + warna natural. Teksturnya ringan, enggak lengket, dan langsung melt saat diaplikasikan. Ada aroma stroberi yang manis tapi enggak ganggu. Yang paling aku suka, dia kasih warna merah muda alami bikin wajah kelihatan fresh tanpa harus pakai lipstik. Cocok banget buat daily look, ke kampus, atau ngonten santai. Untuk kelembapan, cukup tahan lama kalau bibir kamu enggak terlalu kering. Tapi kalau bibir lagi pecah-pecah parah, harus reapply beberapa kali. Ukurannya kecil, jadi gampang dibawa ke mana-mana. Plusnya: 1. Melembapkan bibir 2.Ada tint alami 3. Wangi enak 4. Harga terjangkau Minusnya: 1. enggak tahan lama setelah makan/minum 2. Kurang cocok untuk bibir super kering Overall, ini lip balm yang cantik, praktis, dan bisa diandalkan untuk tampil natural setiap hari.",24H Melt-In Moisture,Nivea,positive,negative,positive,negative,positive,False,,,train
300,"sudah pasti bikin melembabkan, tapi cepat kering jadi harus di mengaplikasikan sering sering. kalo yang bibirnya lagi kering banget, enggak cocok pakai ini, warnanya jadi orange dan teksturnya aneh. warnya aslinya natural, tapi harus pakai lip care supaya hasilnya lebih maksimal. ohiya, aku sendiri kalo pakai ini bukat tidur biasanya di tambahkan lip balm repairing jelly supaya pagi pagi, bibir tetap lembab.",24H Melt-In Moisture,Nivea,neutral,negative,negative,negative,no_aspect,False,,,train
335,"LIP BALM TER-FAVORITT!Dia berhasil mengubah bibir aku yang sebelumnya kering sampai ngelopek dan agak kehitaman jadi lembab dan sekarang bibir aku sudah lumayan merah dong,aku suka banget wanginya enggak terlalu lebay,pake ini berbulan bulan enggak habis habis,repurchase?yes",24H Melt-In Moisture,Nivea,no_aspect,no_aspect,no_aspect,positive,no_aspect,False,,,train
57,"dari bibir aku yang kering jadi melembabkan karena produk nivea, nilai + nya mencerahkan 🩷 gongbangett kan?? aku pakai ini dari masih sampai enggak kena guru bk loh walaupun ada warna nya tapi kan ini merata ke bibir kita ya jadi kaya warna bibir + melembabkan! <3",24H Melt-In Moisture,Nivea,positive,no_aspect,no_aspect,positive,no_aspect,False,,,train
3007,Beli ini karena kepincut sama packagingnya. Kebetulan sudah biasa pakai brand ini juga. Suka sama warnanya yang natural di bibir dan wanginya yang enggak menohok di hidung. Rekomen buat sehari-hari aja/kegiatan casual.,Baby Lips Love Color,Maybelline,positive,no_aspect,no_aspect,no_aspect,no_aspect,False,,,train
23,"OMG enggak pernah gagal, bagus banget sih lip cream matte ini, sudah upgrade juga ingredientnya, terus enggak bikin bibir kering, warna nya juga banyak banget bestie jadi kalian wajib mencoba ya bagi yang suka lip cream matte ini, harganya murah juga yuhuu",Oh My Glam Mattelast Lip Cream,Omg,no_aspect,no_aspect,no_aspect,positive,positive,False,,,train
210,"Ini lipbalm yang menurut ku bagus, lembapnya lumayan terus ada warna merahnya dikit jadi bibir enggak terlalu pucet. Efek glossynya aku suka, terus pas dipakai bibir kelihatan plumpy begitu jadi looknya bener-bener bibir sehat. Minusnya kalo di aku liptint/lip cream jadi enggak menempel kalo dipakein lipbalm ini, entah aku doang kah yang begini? tapi inj bener-bener worth itu dipakai kalo pas lagi bibir kering",24H Melt-In Moisture,Nivea,positive,no_aspect,no_aspect,positive,no_aspect,False,,,train
313,"lipbalm ini juga enakk banget pas diaplikasiin ke bibir. pas dipakai sebelum tidur, besoknya masih lembab bgtt, jadi lipbalm ini juga tahan lama. terus ada warna pink pinknyaa yang enggak terlalu mencolok, tapi netral kayak warna bibir asli. harganya juga terjangkau & gampang dibawa ke mana-mana.",24H Melt-In Moisture,Nivea,positive,positive,no_aspect,positive,positive,False,,,train
278,"Lip Balm kecintaan dulu karena keracunan dari Idola aku terus cobain. Ternyata enak banget dia enggak terlalu bikin bibir kayak oily tapi tetap bisa melembabkan. Nah untuk beauty hack aku biasanya untuk ngangkat lip cream/lip tint yang susah dibersihin aku olesin terus ditunggu bentar habis itu bisa deh tinggal pakai tisu bisa keangkat. Nah untuk lip balmnya ada beberapa varian yang bisa disesuaikan sama selera. Personally, aku suka yang ini sama yang Watermelon karena ada bau2 seger. Selain itu, juga awet banget bisa beberapa bulan enggak habis2.",24H Melt-In Moisture,Nivea,no_aspect,no_aspect,positive,positive,no_aspect,False,,,train
247,"Lipbalm sejuta umat. Dia ada sedikit warnanya, sheer bgt. Tapi dia berminyak banget kalo di aku. Jadi kalo mau apply lip cream atau lipstick harus ditap2 pakai tissue dulu. Terus dia juga gampang meleleh, gampang lembek dan rusak. Dan enggak tau ya baunya kurang enak saja gitu. Tapi lumayan saja lah harganya murah dan mudah dicari juga.",24H Melt-In Moisture,Nivea,neutral,no_aspect,negative,no_aspect,positive,False,,,train
2991,"aku enggak cocok kalo dipakai ini sebelum apply lipstick, karena bikin bibir jadi berminyak terus gampang menempel sana sini . prefer pakai ini kalo malam saja mau tidur..",Baby Lips Love Color,Maybelline,no_aspect,no_aspect,negative,no_aspect,no_aspect,False,,,train
395,"OMG IT'S MY favorit NOW!! OKAY LET'S REVIEW first dari tekstur, jujur aku krg suka karena dia sangat lembut jadi aku krg ska. lebih suka tekstur war**h terus buat pack nya aku juga krg suka sbnrny, karena tiap di apply suka turn sendiri lip balmnya tapi yanng palingg aku suka adalahh lip balmnyaa. warnanyaa natural banget tapi kliatann segar terus aromanyaa aduh nikmat sekali bundaa. terus kelembapanny juga okee sayangnyaa warnanyaa suka transfer ke masker cuman ya ini lip balm sok ydah lah ya, terus kelembapanny juga enggak tahan lamaa banget, aku masih ok"" saja sih jadi bisa reapply overall rating 9/10 repurchase? idk, karena tmn"" pada ngrekomen yang lain hihi",24H Melt-In Moisture,Nivea,positive,negative,negative,positive,no_aspect,False,,,train
2940,"Aku pilih warna ini karena mirip sama warna bibir, melembabkan, ada spf nya. Pakai ini sebelum pakai pewarna bibir jadi tahan lama, lumayanlah. Melembabkan cuma sebentar, dibibir warna jadi sheer gitu, aku suka",Baby Lips Love Color,Maybelline,positive,negative,no_aspect,positive,no_aspect,False,,,train
281,"bikin bibir warna nya pink dan lebih sehat gitu, tapi dia kadang bikin bibir kering banget jadi aku lagi mencari merk lain yang benar benar bisa ngelembabin bibir.. kzlaieydbdnwkwodiudhfnsnskwkwjsndndndhdh",24H Melt-In Moisture,Nivea,positive,no_aspect,no_aspect,negative,no_aspect,False,,,train
156,"untuk melembabkannya sih oke banget enggak too much jadi aku suka banget pakai buat base lipstik. mengira ada warna atau stainnya tapi ternyata enggak sih, di aku warnanya enggak keluar. ada sedikit wanginya, dan yang paling penting teksturnha enggak mirip lilin🥰🤭",24H Melt-In Moisture,Nivea,negative,no_aspect,positive,positive,no_aspect,False,,,train
2950,Baby lips love color Keunggulan : hasil natural. Mudah dibawa. Kekurangan : - Kegunaan : natural makeup look. Daily use. Packaging : aman untuk dibawa2 Harga : terjangkau Kemudahan untuk memperoleh : sangat mudah. Membeli kembali : warna lain .,Baby Lips Love Color,Maybelline,no_aspect,no_aspect,no_aspect,no_aspect,positive,False,,,train
79,"sebenarnya kalo dari segi tekstur aku suka dan ini ada hint pink-red nya sedikit tapi sheer gitu. Balmy nya pas dan enggak terlalu oily yang bikin bibir kerasa ""lengket"" begitu enggaa. Menurutku ini lebih cocok dipakai sendiri atau kalo mau pakai lip produk, lebih ke arah lip gloss, tinted balm, lip tint ya, karena kalo lipstick/cream suka enggak nyatu begitu di bibir aku. Malah jadi crack and patchy gitu. tapi minusnya enggak tau kenapa ini tuh malah bikin bibir aku kering",24H Melt-In Moisture,Nivea,neutral,no_aspect,positive,negative,no_aspect,False,,,train
118,"tektur dari lipbalm ini pada awalnya memang melembabkan banget ya, tapi enggak tau kenapa lama kelamaan dia tuh enggak terlalu melembabkan begitu loh i don't know why tapi kayak tingkat hidrasinya berkurang begitu sampai aku kepikiran buat coba lip balm lain yang posisinya saat itu aku sudah cocok banget sama nih produk",24H Melt-In Moisture,Nivea,no_aspect,no_aspect,no_aspect,negative,no_aspect,False,,,train
108,"Aku baru mencoba pakai lip balm nivea yang warna pink, bagus banget buat ngelembapin bibir kering dan pecah pecah. produk ini juga awet untuk di pakai berbulan bulan, karena satu kali swact saja sudah bisa ngelembapin satu bibir. rekomen banget buat teman teman yang lagi cari pelembab bibir",24H Melt-In Moisture,Nivea,no_aspect,positive,no_aspect,positive,no_aspect,False,,,train
2978,"LipBalm Maybeline yang ini enak banget buat di bibir, buat yang suka pakai lipstick matte bisa pakai ini dulu sebelum pakai lipstick biar bibirnya lembab, jadi pas lipstick matte di mengaplikasikan di bibir lebih mudah dan enggak kelihatan kering. memang lipbalm ini cukup glossy sih pas dipake, warnanya keluar kalo di bibir aku. Bikin wajah fresh natural gitu, cocok buat remaja kayak aku gini. Packagingnya baguss!simple! ya over all sih bagus-bagus saja buat aku.",Baby Lips Love Color,Maybelline,positive,no_aspect,positive,positive,no_aspect,False,,,train
219,"Buat bibir kering yang gampang kelopek kayak aku kurang banget pakai produk ini, dia cuma sekedar melembabkan tapi beda 2 jam ya balik lagi ke kondisi bibir awal, dia enggak ada nutrient buat memperbaiki kondisi bibir walaupun pemakaian rutin. Soo aku pindah ke merek lain yang lebih oke",24H Melt-In Moisture,Nivea,no_aspect,negative,no_aspect,negative,no_aspect,False,,,train
240,"pernah coba ini karena tertarik dengan packagingnya yang compact kalo mau dibawa kemana-mana.. suka banget sama aroma wanginya yang soft. teksturnya dia lembut, untuk moisturizingnya dia harus direapply beberapa kali supaya tetap bikin lembab. ukurannya pas dan cepat abisnya. reviewnya hampir sama kayak vaseline lip yang warna merah.",24H Melt-In Moisture,Nivea,no_aspect,negative,positive,negative,no_aspect,False,,,train
126,"Tekstur : • Melted • Melembabkan Kegunaan : • Merawat bibir kering • Lip prape sebelum pakai lip product (terutama yang mate/ink) Price : • Worth tapi buy, masih terbilang murah di range harga 25-36k ajahh!! Karena awet banget *gatau deh ini sudah kemasan ke berapa, saking se bucin itu sama nivea lip balm🥲",24H Melt-In Moisture,Nivea,no_aspect,positive,positive,positive,positive,False,,,train
350,"Wangi strawberry nya enak, untuk ukuran lip balm menurutku kurang melembabkan, biasanya aku reapply terus sih kalo memang lagi kering banget bibirnya. ada warna nya sheer gtuu, kelihatannya kayak bibir sehat jadinya. cocok dipakai kalo mau keluar sebentar, oiya ini dia awet banget, masih banyak isinya walopun beli nya sudah dari kapan tau:')",24H Melt-In Moisture,Nivea,positive,negative,no_aspect,negative,no_aspect,False,,,train
24,"Punya banyak shade OMG tapi ini favoritku, warnanya deep burgundy hint purple yang cantik banget, ng-enhance skintoneku enggak bikin washed out, super blendable enggak berat dibibir paling penting super affordable! enggak kecium wangi aneh aneh sih",Oh My Glam Mattelast Lip Cream,Omg,no_aspect,no_aspect,positive,no_aspect,positive,False,,,train
2944,"First application, my lips feel hydrated, but 30 minutes after that, the sensation of hydate's gone. I love the color, it's soft and wearable for girls who want tapi wear itu for school. But the hydrating system isn't as effective as Viva brand. The price is cheap, and i'd like tapi repurchase itu",Baby Lips Love Color,Maybelline,positive,negative,no_aspect,positive,positive,False,,,train
148,ini lip balm waktu aku sma! bener-bener gampang dibawa-bawa dan sedih banget tapi pernah disita dan dikembaliin waktu razia osis </3 melembabkannya ada banget tapi entah kenapa lama kelamaan jadi kering di bibirku. ada warnanya coral sheer begitu,24H Melt-In Moisture,Nivea,neutral,no_aspect,no_aspect,negative,no_aspect,False,,,train
348,"bikin lembab banget di bibir, warna nya juga yang keluar tuh natural ya mengikuti warna bibir sih menurut aku ya walaupun memang agak merah sedikit.. cocok banget buat anak sekolahan yang mau kesekolah tapi tetap jaga bibir supaya tetap lembab hehe",24H Melt-In Moisture,Nivea,neutral,no_aspect,no_aspect,positive,no_aspect,False,,,train
181,"sok i was trying tapi find a new balmie, and i found this product, bcz banyak teman aku yang pake. lip balm ini benar benar bisa ngelembapin dan bisa ngatasin bibir yang pecahh. warnanya termasuk sheer merah, bibir jadi kelihatan sehat. a must-have product!!",24H Melt-In Moisture,Nivea,positive,no_aspect,no_aspect,positive,no_aspect,False,,,train
301,Produk lipbalm paling favorite. Setelah lama pakai ini bibir kerasa lebih lembab dan lebih terawat saja begitu dibanding sebelumnya enggak pakai lipbalm. Bikin bibir warna merah alami juga dan harganya juga pas banget buat dikantong. sudah repurchase 2x karena suka banget,24H Melt-In Moisture,Nivea,positive,no_aspect,no_aspect,positive,positive,False,,,train
69,"Aku sudah coba beberapa varian NIVEA lip balm, dan secara jujur, ini salah satu lip balm yang worth itu dengan harga terjangkau. Kelembapannya oke, terutama untuk yang punya bibir gampang kering atau pecah-pecah. Begitu dipakai, bibir langsung terasa lebih halus dan lembap. Tapi memang harus rutin dipakai, karena kalau berhenti, bibir bisa balik kering.",24H Melt-In Moisture,Nivea,no_aspect,no_aspect,no_aspect,positive,positive,False,,,train
2953,"Daya melembabkan cukup. Warna juga cukup. Tapi masih lebih baik tinted lipbalm sebelumnya, yaitu Lip Smooth Color and Care dalam hal melembabkan. Masih ingat dulu sampai pakenya dicolek jari karena sudah enggak nemu lagi.",Baby Lips Love Color,Maybelline,neutral,no_aspect,no_aspect,neutral,no_aspect,False,,,train
73,"sangat bagus dan aku rekomendasi banget buat yang bibirnya kering, karnaa ini itu melembabkan tapi lembab nya enggak bikin kayak minyakan yang lebay begitu yaa, ini baguss. apalagi ada hint pink nya meskipun sedikit, kalo buat dipakai ke sekolah okee sii, jadi kayak natural terlihat pink dan tetap lembab",24H Melt-In Moisture,Nivea,no_aspect,no_aspect,no_aspect,positive,no_aspect,False,,,train
43,"Salah satu lipmate yang cocok banget dipakai sehari hari,selain ringan harga nya juga pas banget untuk semua kalangan. Rekomend untuk di pakai untuk daily makeup maupun event event khusus. Selalu repeat order kalo sudah keabisan sangkin cintany",Oh My Glam Mattelast Lip Cream,Omg,no_aspect,no_aspect,positive,no_aspect,positive,False,,,train
114,"produk membantu mengatasi bibir kering dan menutrisi bibir agar lebih sehat, memiliki efek samping bibir jadi sedikit berwarna, kemasan mungil dan mudah dibawa kemana saja, harga dan kualitas sesuai, pas di kantong, worth tapi buy banget",24H Melt-In Moisture,Nivea,no_aspect,no_aspect,no_aspect,positive,positive,False,,,train
369,"aku beli lip balm ini itu jaman awal sampai , sering banget pakai lip balm ini , wangi nya enak , feel di bibir nya juga enak , harga nya affordable , gampang di cari nya , ukurannya pas bisa di bawa kemana mana , bentuk nya sama sih kayak lip balm stick pada umumnya , tapi ini cepat banget bikin bibir jadi kering lagi , jadi nya harus pakai berulang ulang biar lembab terus",24H Melt-In Moisture,Nivea,no_aspect,negative,positive,negative,positive,False,,,train
362,jarang punya lipbalm dan juga enggak terlalu suka makenya soalnya pernah pakai merk sebelah dan kurang worth it.. iseng mencoba karena harganya murah dan alhamdulillah cocok dan bibirku enggak kering lagi benaran sebagus ituu! harganya juga enggak mahal and i really love this lipbalm smm,24H Melt-In Moisture,Nivea,no_aspect,no_aspect,no_aspect,positive,positive,False,,,train
323,Lip balm yang bikin lembab dan ringan dipake. Cocok dipakai buat daily apalagi sekarang lagi jarang pakai lipcream karena lebih sering ketutup masker. Harganya murah juga cocok di kantong. Rajin reapply saja biar bibir tetap lembab + banyak minum air putih.,24H Melt-In Moisture,Nivea,no_aspect,negative,positive,positive,positive,False,,,train
392,"Iseng-iseng beli ini karena waktu itu lagi diskon dan free ongkir, ternyata enggak menyesal karena lumayan ngelembabin,teksturnya enggak terlalu berat, ada warnanya tipis-tipis, dan wanginya enak. Agak glossy sih tapi enggak ganggu banget",24H Melt-In Moisture,Nivea,neutral,no_aspect,positive,positive,no_aspect,False,,,train
103,"Ini moist tapi enggak moist banget. Wanginya stoberi enak. Ada warna sheer pink yang sangat sheer. Enak kalau dipakai buat base sebelum pakai matte. Kalau buat hydrating, menurutku ini sok sok aja. enggak yang terlalu bagus, tapi enggak jelek jg. Gampang ditemukan dimana mana minimarket ada. Worth tapi buy but not the best.",24H Melt-In Moisture,Nivea,neutral,no_aspect,no_aspect,neutral,no_aspect,False,,,train
187,"big no tapi this product. karena menurut ku dia malah bikin kering. kalau dipakai buat base sebelum pakai lipmatte dia malah jadi enggak menempel dan malah ngegumpal sih lipmatte nya :( selain itu menurut ku baunya enggak enak banget, kayak aneh saja baunya. harganya murah",24H Melt-In Moisture,Nivea,no_aspect,no_aspect,negative,negative,positive,False,,,train
2948,"Pros : seperti biasa, bikin bibir lembab, awet, bibir sehat, kissableCons : enggak begitu suka terlalu merah di bibirku sedangkan aku tan. jadi.. mm lebih memilih yang pink muda ya",Baby Lips Love Color,Maybelline,negative,positive,no_aspect,positive,no_aspect,False,,,train
107,"Ini juga salah satu Lip Balm pertama aku pas sekolah yang dibeliin my mom. Lip Balm dari Nivea ini aku juga suka banget dulu, karena very moisturizing dan teksturnya itu melt. Jadi, serasa bibir tuh lembab terus seharian. Lip Balmnya ada warna sesuai varian buah2an masing-masing tapi pas diapply itu sheer dan warnanya cuma muncul sedikit. Jadi, for me, aman sih buat Lip Treatment pas masih sekolah dulu. Selain itu, Lip Balmnya dari Nivea ini lebih strong di wanginya. Aku suka sama yang varian Strawberry, karena wanginya enak & fruity banget juga.",24H Melt-In Moisture,Nivea,neutral,no_aspect,positive,positive,no_aspect,False,,,train
2984,"this is my first lip treatment product. pilih ini karena packagingnya lucu. wanginya juga enak banget, enggak terlalu nyengat. aku rajin pakai waku magang, awalnya bibir kayak habis makan gorengan karena berminyak. bisa melembabkan beberapa jam, setelah makan atau minun harus pakai lagi",Baby Lips Love Color,Maybelline,no_aspect,negative,negative,positive,no_aspect,False,,,train
198,lipbalm nivea yang cocok dipakai sehari2 karena bisa melembabkan bibir. biasa aku pakai kalo mau pakai lipcream matte yang membuat bibir kelihatan kering hehe. terkadang kalau anak aku mau pakai lipstik ya aku kasih ini saja karena warnanya merah kan hehe,24H Melt-In Moisture,Nivea,no_aspect,no_aspect,no_aspect,positive,no_aspect,False,,,train
4,"Creamnya enggak nyetak di bibir,nyatu dan enggak bikin kering. Matte banget,harganya pun relatif terjangkaudan bisa diaplikasikan 2bulan an loh. Jadi makin happy karena banyaknya varian warna nya . OMG cocok banget buat ibu muda yang pengin cantik tapi enggak mahal",Oh My Glam Mattelast Lip Cream,Omg,no_aspect,no_aspect,neutral,positive,positive,False,,,train
92,"bagaimana ya jelasinnya? Ini produk dibilang bagus ya bagus, tapi enggak bagus bagus amat. Untuk aroma, the best sih. tidak terlalu menyengat. Setelah apply di bibir juga warnanya soft natural. Cuman untuk kamu yang punya bibir super kering sampai pecah-pecah, ini tidak rekomen sih. Karena bibir aku yang normal begini aja, setelah bangun tidur pakai produk ini, kayak biasa saja gitu. Tidak ada lembap""nya. Tapi untuk yang lagi low budget sih ini sudah bagus banget. Ada harga ada kualitas lah ya say~",24H Melt-In Moisture,Nivea,neutral,no_aspect,no_aspect,negative,positive,False,,,train
2927,"aku pertama kali mencoba ini gara-gara bibirku lagi kering banget dan aku butuh lipbalm, jadilah aku beli ini di convenience store terdekat. Pas aku pakai ternyata ada warnanya dikit, dan aku suka. Karena bisa dipakai buat ngelembabin bibir sekalian mengasih warna. Yang ini warnanya agak merah, jadi aku berasa kayak pakai lip tint koreaan gitu. Suka sih, apalagi disaat kepepet, bibir kering dan kondisi bibir enggak memungkinkan pakai lipstick",Baby Lips Love Color,Maybelline,positive,no_aspect,no_aspect,positive,no_aspect,False,,,train
356,"Duuh ini andalan pas jaman kuliah dulu. Ini tuh bisa banget ngejaga kelembaban bibir. Harganya murah, warnanya juga cantik banget. Merah pink yang enggak lebay begitu loh. Bibir jadi kelihatan lebih sehat. Cinta banget lah",24H Melt-In Moisture,Nivea,positive,no_aspect,no_aspect,positive,positive,False,,,train
186,"dibandingin sama yang original, yang strawberry ini malah biasa aja. enggak ngelembabin di bibir aku, malah bikin mengelupas kalo dipakai siang-siang. yang aku suka dari varian ini cuma warnanya saja yang cantik. tapi efek melembabkannya gaada.",24H Melt-In Moisture,Nivea,positive,no_aspect,no_aspect,negative,no_aspect,False,,,train
177,produk ini benar-benar melembabkan tapi ada color changing yang enggak lebay gitu. Warnanya mirip strawberry tapi bukan termasuk merah bold. wanginya juga menggoda honestly. Cuma harus terus di reapply beberapa kali dalam sehari kalau ingin dapat hasil maksimal.,24H Melt-In Moisture,Nivea,neutral,negative,no_aspect,positive,no_aspect,False,,,train
2946,"Lipbalm favorit aku tiap hari selalu pakai ini karena bagus buat melembabkan bibir ada spfnya jadi bagus buat bibir enggak hitam kalo kena sinar matahari, ada warnanya yang kalem dan baunya harum. Selalu repurchase ini awet banget padahal aku makenya tiap hari dan tiap kali bibir aku kering selalu pakai ini lagi",Baby Lips Love Color,Maybelline,positive,no_aspect,no_aspect,positive,no_aspect,False,,,train
355,"enggak suka jujurr :(( ini ngerasanya thick banget kayak tebal dibibir kentel bagaimana gitu, jadi pas di pakai rasa nya beratt di bibir begitu dehh.. biasa lipbam di pakai langsung lembut minyak gell lebih enakk.. contoh yang aku suka vsln patr jelly.",24H Melt-In Moisture,Nivea,no_aspect,no_aspect,negative,no_aspect,no_aspect,False,,,train
29,"Siapapun yang lagi cari Lip cream yang paling mantul,paling worth it, murah tapi enggak murahan cocok banget dibikin ombre kayak gimnapun.. teksturnya yang gampang banget di blend, bagus bagus banget shade nya lip cream OMG 🥰🥰 pleasee harus cobainn",Oh My Glam Mattelast Lip Cream,Omg,no_aspect,no_aspect,positive,no_aspect,positive,False,,,train
374,ini juga beli karena bibirku kering banget tapi ternyata lebih ngelembabin sih temannya wkwkwk tapi gapapa!! dia kayak glossy begitu dan sekarang masih aku pakee karena dia cukup ngelembabin dan wanginya enakk oiya dan travel size banget cocok dibawa2 apalagi kalo pergi2 kan enggak mau ya kalo pakai lipbalm yang oles-oles pakai tangan nah ini dia stick bentuknya jadi enggak usah takut kotorr apalagi kondisi pandemi kayak begini ya jadi menghindari banget menyentuh bibirr,24H Melt-In Moisture,Nivea,positive,no_aspect,no_aspect,neutral,no_aspect,False,,,train
121,"lip balm nivea yang strawberry shine ini wangi nya enak bangeett. stick nya juga glossy && merah yang cantik banget gitu, plus dia ada glitter nya. tapi kalo buat kelembaban, aku kurang suka. di bibirku malah sama aja, makin lembab engga, makin kering engga, jadi ya sama aja. tapi dia ada mengeluarkan warna nya sendiri && warna nya dia cantik!",24H Melt-In Moisture,Nivea,positive,no_aspect,no_aspect,negative,no_aspect,False,,,train
340,"PRODUK favorit AKU!! kemarin belinya lagi promo sama facewashnya nivea. cuma ternyata enggak kepake face washnya. BUT produk ini berguna banget sih, ada efek merahmerah dikit di bibir setelah pemakaian, jadi kalo malas pakai liptint orang lipcreamy lagi produk ini sudah pas",24H Melt-In Moisture,Nivea,positive,no_aspect,no_aspect,no_aspect,no_aspect,False,,,train
91,Dulu aku sering banget pakai ini waktu jaman sekolah karena enak kayak wangi permen dan bikin lembab bibir dan mengasih warna bibir yang tidak terlalu mencolok untuk anak sekolah Jadi aku rekomended banget buat para remaja pelajar yang cari harga murce ini cocok dikantong kalian para pelajar,24H Melt-In Moisture,Nivea,positive,no_aspect,no_aspect,positive,positive,False,,,train
2959,"aku lumayan suka sama produk ini. lumayan ngelembabpin bibir. wanginya juga enak terus gampang carinya. aku pernah pakai ini semaleman terus tetap stay di bibir begitu dan bibirnya pas bangun jadi lembap. tapi kalo siang hari makenya ya jangan ditanya, cepat ilang. apalagi buat makan. buat minum saja menempel di gelas. pas dipakai sih warnanya enggak begitu keliatan, pas menempel digelas ngejreng. terus juga bibir rasanya agak berat sih karena minyaknya. selain itu sih menurut aku oke",Baby Lips Love Color,Maybelline,negative,negative,negative,positive,no_aspect,False,,,train
68,"Lip balm ini enak banget dipakai, lembapin bibir seharian dan ada hint warna pink natural. Wanginya manis kayak permen stroberi Teksturnya lembut, enggak lengket, bikin bibir kelihatan sehat dan fresh. Cocok buat dibawa kemana-mana!",24H Melt-In Moisture,Nivea,no_aspect,no_aspect,positive,positive,no_aspect,False,,,train
110,jujur suka banget!! dengan harga terjangkau sudah dapat produk sebagus ini. lip balm ini bikin bibir ku yang pecah-pecah dan kering jadi smooth banget. lip balm ini juga sering aku pakai buat touch up karena ada warna pink yang juga menambah bibirku jadi cakep bgt!,24H Melt-In Moisture,Nivea,positive,no_aspect,no_aspect,positive,positive,False,,,train
2967,"Bibir gue cenderung kering. lihat teman kuliah ada yang pakai ini dan berdasarkan review teman yang bagus, jadilah gue beli ini. Harganya murah pas di kantong anak kostan ahahaha. Wanginya cherry banget. Ada warna merah tipis natural setelah pengaplikasian. Bibir lebih lembut dan enggak kering.",Baby Lips Love Color,Maybelline,positive,no_aspect,no_aspect,positive,positive,False,,,train
328,lipbalm nya cukup melembabkan bibir yang tadinya kering setelah pakai jadi enggak kering lagi sudah begitu yang bikin jadi tambah suka karena dia sudah ada warna nya begitu jadi bibir kelihatan lebih segar enggak pucet. harga nya juga pas enggak yamg terlalu mahal mahal banget,24H Melt-In Moisture,Nivea,positive,no_aspect,no_aspect,positive,positive,False,,,train
144,"Aku beli ini di indomaret karena waktu di perjalanan aku lupa bawa lip balm ku. Setelah dua hari pemakaian dia malah nimbulin bintik-bintik begitu sih sekitar bibir aku, kayak milia gitu. Ada yang sama enggak sih? Untuk efek melembabkannya oke dan warna stainnya juga cakepp, pink kemerahan gitu.Pokoknya aku stop memakai produk ini waktu dia nimbulin efek samping begitu dan syukur bisa sembuh sendiri tanpa harus konsultasi ke dokter",24H Melt-In Moisture,Nivea,positive,no_aspect,no_aspect,positive,no_aspect,False,,,train
263,Enak banget lip balm yang satu ini.. Asli enak banget sih lipbalm ini!! enggak terasa trbal di bibir. sudah begitu mengasih warna pink yang super natural banget. praktis juga pakenya. pokoknya recommended banget lah buat yang bibirnya super duper kering mengelupas tapi masih pengin dapat warna pink naturalnya,24H Melt-In Moisture,Nivea,positive,no_aspect,positive,positive,no_aspect,False,,,train
62,"Ini pembelian ke 2 aku karena di aku awet banget. Penyelamat kalau lagi enggak bawa lip tin/lip cream di luar. Lebih melembapkan dan mengasih warna yang natural biar enggak pucet. Aku suka banget dan enggak bakal ganti product, sejauh ini nivea yang punya lipbalm worth itu dan ekonomis",24H Melt-In Moisture,Nivea,positive,positive,no_aspect,positive,positive,False,,,train
314,"Lip balm ini slightly ada warna merahnya tipis gitu, jadi cocok dipakai untuk ke warung atau sekitar rumah biar terlihat segar. Yang aku enggak suka adalah lembapnya enggak tahan lama. Waktu awal beli, aku rajin banget pakai lip balm ini dan memang terasa lembap, tapi lama-kelamaan malah bikin bibirku gelap banget sampai kering mengelupas :( Kayaknya memang bibirku yang enggak cocok sama lip balm ini.",24H Melt-In Moisture,Nivea,positive,negative,no_aspect,negative,no_aspect,False,,,train
2964,"baby lips ini produk lipbalm yang pertamakali aku beli pakai uangku sendiri hehe, warnanya dibibirku enggak seberapa kelihatan pinknya, dan kurang nyaman karena wangi banget, tapi packagingnya imut bgt, cocok buat anak SMA-an. cepat hilang dibibir dan tidak ada suncreennya.",Baby Lips Love Color,Maybelline,negative,negative,no_aspect,no_aspect,no_aspect,False,,,train
208,"ini lipbalm enak banget dipakai nya praktis tinggal oles saja ke bibir, cocok banget dipakai daily melembabkan juga sama aku suka ada warna nya bikin bibir jadi kelihatan natural pink pink gitu, wanginya juga enak banget ,rekomendasi sih buat yang mencari lipbalm boleh banget nyobaa lipbalm ini",24H Melt-In Moisture,Nivea,positive,no_aspect,no_aspect,positive,no_aspect,False,,,train
307,"Beli pas flash sale, dan tidak menyesal. Dia ada sedikit hint pink tapi ya enggak too much, lembabnya pas di bibirku, enggak bikin kayak habis makan gorengan juga. Biasa ku pakai pas mau pakai lipcream yang dead matte dan benaran membantu. Pokoknya semua hal yang aku harapin dari lip balm bisa dipenuhi sama dia. Love it.",24H Melt-In Moisture,Nivea,positive,no_aspect,positive,positive,no_aspect,False,,,train
2975,"dari masa aku sekolah, pasti pakai lipbalm ini, sampai sekarang pun masih pakai lipbalm dari maybelline.. enggak bikin bibir aku kelihatan glossy banget, tapi memang sih jadi berasa tebal saja di bibir haha tapi belum mau mencoba lipbalm yang lain :( masih setia sama produknya maybelline..",Baby Lips Love Color,Maybelline,no_aspect,no_aspect,negative,no_aspect,no_aspect,False,,,train
377,"buat aku, lip care satu ini bagus. packaging mini dengan berat 4.8g, sok its travel friendly. tekstur seperti lip balm pada umumnya dengan stick yang bisa diputar. ada efek glitternya jadi membantu buat yang malas pakai lipstik tapi enggak mau kelihatan pucat kalo lagi #dirumahaja. finishing glossy. wanginya enak dan harganya juga ramah di kantong. gampang ditemui di supermarket mana aja.",24H Melt-In Moisture,Nivea,positive,no_aspect,neutral,no_aspect,positive,False,,,train
153,"Lipbalm ini bagus sih, ada warnanya juga jadi bibir enggak polos polos amat cuman kalau soal ngelembapin kayaknya kalah sama yang biru. Overall masih bagus sih, cukup ngelembapin dan enggak bikin kering, ada warnanya lagi. Cukup rekomen buat kalian yang mencari lipbalm yang mengasih warna ke bibir. Tapi kalau kalian mencari yang benar-benar ngelembapin kayaknya better yang biru.",24H Melt-In Moisture,Nivea,positive,no_aspect,no_aspect,positive,no_aspect,False,,,train
2998,"beda dengan baby lips biasa, untuk yang seri color ini aku merasa kurang sreg makenya. dari tekstur dan kelembapannya menurutku menang yang varian biasa. tapi memang sih color ini enggak selengket yang satunya. keunggulannya jelas hint warna-warnanya yang sheer bikin bibir enggak pucat seketika. masih penasaran sih mau mencoba yang pink lolita. yang cherry ini kemerahan di aku.",Baby Lips Love Color,Maybelline,positive,no_aspect,positive,neutral,no_aspect,False,,,train
203,"Lip balm ini bisa kita temukan tentunya di mana saja dan harganya juga terjangkau banget lip balm ini juga mengasih efek ke warna bibir kita itu agak Ping natural jadi untuk kalian yang mau bibir kalian tetap on poin dan lmbab walaupun cuma di rumah saja kalian bisa banget pakai produk ini karena kalau di bibir aku itu enggak bikin kering sama sekali, wanginya juga manis yang enak begitu lo guys",24H Melt-In Moisture,Nivea,positive,no_aspect,no_aspect,positive,positive,False,,,train
138,"JUJURR INI bagus BGTT, ada warnanyaa dikitt 🤏 🤏 , sukakk banget hasilnyaa glossyy gituuww, lumayann nyerahin jugaa, lumayaann ngelembabin juga, aakk, mau banget repurchasee tapi sayangnyaa nivea ZIONIS, huhuu :((",24H Melt-In Moisture,Nivea,neutral,no_aspect,no_aspect,neutral,no_aspect,False,,,train
179,"Dapat lipbalm ini dari bungkusan Nivea beauty talk. Wanginya strawberry banget dan shinny, dipakai langsung melt di bibir, apalagi aku tipe bibirnya suka keringg tanpa babibu langsung jatuh cinta dongg, bikin bibir aku lembap, shinny dan tentunyaa menyehatkann. sayang no more pakai lipstik lagi karena sudah ada lipbalm nivea ini !! REAL DEFINISI MY LIPS BUT BETTER Suka poll , Nivea enggak pernah mengecewakan sih",24H Melt-In Moisture,Nivea,no_aspect,no_aspect,positive,positive,no_aspect,False,,,train
214,"Bagus, lip balm ini cukup bikin bibir lembap selama 2 jam. Teksturnya cukup berminyak daripada lipbalm sebelumnya yang pernah aku coba, tapi ringan ketika diaplikasikan di bibir dan keluar warna merah setelah beberapa kali swatch. Aplikatornya juga lancar, bukan yang macet macet. Overall, sih, bagus menurutku. Harga juga bersahabat dan gampang ditemukan di mana mana.",24H Melt-In Moisture,Nivea,neutral,neutral,positive,positive,positive,False,,,train
273,"Aku beli nivea shine ini karena waktu itu lihat da-kyung pemain drakor di twotm pakai lips sejenis ini, nivea kasih warna dibibir cuma samar memang karena fungsinya menutrisi bibir tapi menurutku kurang melembabka. Aku biasanya gunakan ini buat daily pada siang hari dan dibawa kemana-kemana karena Nivea shine ini juga biasa ku pakai untuk membantu membersihkan lips matte yang kita pakai tapi sudah menggumpal diarea bibir dan ingin kita bersihkan dulu sebelum ditouchup lagi, jadi cukup kita oleskan lalu elap pakai tisu semacam beauty hack begitu",24H Melt-In Moisture,Nivea,neutral,no_aspect,no_aspect,negative,no_aspect,False,,,train
102,"Nivea 24H Melt-In Moisture varian strawberry paling favorit karena aroma nya segar, efek plumpy pinky natural hampir warna alami bibir sehat kita, biasa dipakai harian walopun aktifitas dirumah/indoor.",24H Melt-In Moisture,Nivea,no_aspect,no_aspect,no_aspect,positive,no_aspect,False,,,train
104,Lipbalm ini sangat cocok buat bibir saya yang kering..Dan juga mudah ditemukan di toko terdekat dengan wangi strawberry saya suka..Buat saya senang sama produk ini karena sudah jadi lip balm andalan,24H Melt-In Moisture,Nivea,no_aspect,no_aspect,no_aspect,positive,no_aspect,False,,,train
61,"vaseline tuh benar benar mindblowing banget harganya affordable tapi super duper ngefek buat ngelembapin bibir kering, harganya murah tapi gongg banget, banyak jenisnya juga bisa disesuaikan dengan preference masing-masing!!",24H Melt-In Moisture,Nivea,no_aspect,no_aspect,no_aspect,positive,positive,False,,,train
2949,"suka! sebenarnya lebih suka yang jenis electro popnya sih tapi yang ini juga bagus looh, bikin lembab dan tahan lama lembabnya cuman warnanya di aku sih enggak tahan lama. yang aku heran kalo aku pakai yang ini dan dibawa kemanamana selalu hilang :( tapi bakal beli terus kok soalnya enggak terlalu mahal juga dan gampang banget buat dicarinya",Baby Lips Love Color,Maybelline,no_aspect,negative,no_aspect,positive,positive,False,,,train
31,"Warnanya cantik banget oyy. Di bibir rasa enggak berat sih dan pas di aplikasikan juga gampang banget packingnya juga oke. Cuma saran sih kalo pakai ini kalian sebelumnya pakai lip balm dulu diamkan beberapa menit habis itu hapus baru pakai ini biar bibir enggak kering"" Banget cuma kekurangan nya dia itu ada beberapa warna yang oksidasi tapi buat ombre best banget murce lagi ehe",Oh My Glam Mattelast Lip Cream,Omg,negative,no_aspect,positive,neutral,positive,False,,,train
149,"aku agak lovehate sih sama lipbalm satu ini.. aku suka nya dia wangi strawberry nya enakk banget bikin laper, terus mengasih sedikit sheer pink on the lips. however, aku enggak merasa dia se'melembabkan' itu.. malah bibirku jadi kering dan pecah2, enggak enak saja pokoknya.. awal pakai sih melembabkan, tapi lama kelamaan malah jadi kering, beda banget hasilnya sama lipbalm lain yang aku pake.. kalo bibir kalian agak kering dan gelap, aku kurang recommend untuk pakai lip balm dari nivea..",24H Melt-In Moisture,Nivea,neutral,no_aspect,no_aspect,negative,no_aspect,False,,,train
llm_2a_HYDRATION_neutral_11,"Aku coba lip cream ini karena teman aku rekomendasinya sih, tapi nggak terlalu berharap. Menurutku, lip cream ini lembap dan nyaman di bibir, sama kayak klaimnya. Tapi nggak sampai bikin aku kagum, ya. Warna yang aku pilih mungkin sedikit terlalu intens, tapi bisa disamarkan dengan blush on. Overall, produk ini oke banget buat kamu yang cari tampilan alami, tapi nggak terlalu butuhin efek dramatis.",24H Melt-In Moisture,Nivea,no_aspect,negative,no_aspect,neutral,no_aspect,True,2A_LLM,llama3.1_fewshot,train
llm_2b_3,"Aku pikir lip gloss ini kurang pigmented sih, hasilnya agak tipis dan luntur setelah beberapa jam. Bibirku punya warna alami yang senyum-senyum, tapi kalau dipake lip gloss ini sih warnanya beda gitu. Apalagi kalau kumain minuman panas, warnanya langsung hilang aja. Bisa-bisa cuma bekasnya sih.",24H Melt-In Moisture,Nivea,negative,no_aspect,positive,positive,no_aspect,True,2B_LLM,llama3.1_fewshot,train
llm_2b_232,"Saya punya lip balm ini setahunan dan saya masih menggunakannya, tapi sepertinya warnanya sudah mulai pudar. Warna coklatnya jadi lebih pucat daripada awalnya. Aplikasi ringan dan lembut, tapi kurang pigmen, jadi setelah beberapa jam penggunaan warnanya sudah mulai hilang. Pengemasannya sederhana dan mudah dibawa.",Baby Lips Love Color,Maybelline,negative,no_aspect,no_aspect,negative,no_aspect,True,2B_LLM,llama3.1_fewshot,train
llm_2a_HYDRATION_neutral_13,"Aku baru coba lip cream ini beberapa hari lalu. Menurutku, kelembabannya normal aja sih, ngga beda banget dengan lip balm biasa yang aku pakai duluan. Tapi wajar lah, karena ini tipe lip cream hyaluronic acid, bukan yang super hydrating banget. Teksturnya soft, pas dipake ga terlalu lengket maupun lepas. Keren banget bisa digunakan sebagai lip primer juga.",Baby Lips Love Color,Maybelline,positive,no_aspect,no_aspect,neutral,positive,True,2A_LLM,llama3.1_fewshot,train
llm_2b_69,"Saya suka sama warna classic red sih lip gloss ini, tapi saya rasa warnanya agak kurang sesuai sama kulit saya. Tersedia dalam beberapa pilihan shade, ini salah satunya. Dijual secara online dan offline juga gampang ditemuin. Saya pengen cobain lainnya lagi.",24H Melt-In Moisture,Nivea,neutral,no_aspect,positive,positive,no_aspect,True,2B_LLM,llama3.1_fewshot,train
llm_2b_115,"Aku membeli warna coral ini karena sekedar mau coba warna anyar, soalnya tidak tahu pasti akan cocok atau enggak sama kulit bibirku. Ternyata warnanya cukup pas, sesuai dengan deskripsi di website. Warna coral ini tidaklah terlalu jelas atau kontras, jadi enggak membuatku terganggu. Teksturnya agak ringan dan tidak lengket pada bibir.",24H Melt-In Moisture,Nivea,neutral,no_aspect,no_aspect,positive,no_aspect,True,2B_LLM,llama3.1_fewshot,train
llm_2b_253,"Saya suka warna nude yang sesuai dengan kulit saya, lipstick ini memiliki shade warna coklat muda yang elegan, warnanya pasti tidak terlalu mencolok. Bibir saya tetap lembab setelah menggunakan lip balm selama beberapa jam, sangat memadai. Mudah dibawa-bawa dan tidak sulit untuk didapatkan.",24H Melt-In Moisture,Nivea,neutral,no_aspect,no_aspect,positive,no_aspect,True,2B_LLM,llama3.1_fewshot,train
llm_2b_419,"Saya beli lip balm ini harapan karena ada sale, tapi ternyata teksturnya cakey banget! Saat pertama kali aplikasikan, warnanya bagus kayak biasa, tapi selepas itu mulai menggumpal dan berantakan. Saya harus pake kuas untuk membiasanya lagi. Aroma juga nggak sedap kayak yang lainnya. Tidak nyaman dipakai lama-lama, rada kering juga. Masih ada garis-garis di bibir pas udah bersihin. Mungkin lebih baik saya beli lip balm lainnya.",24H Melt-In Moisture,Nivea,no_aspect,no_aspect,negative,positive,no_aspect,True,2B_LLM,llama3.1_fewshot,train
llm_2b_138,"Saya cukup puas dengan lip gloss ini! Aplikasinya sangat mudah dan teksturnya lembut, membuat saya merasa nyaman menggunakan lip gloss ini setiap hari. Warna yang saya pilih, warna merah muda, sangat cocok untuk saya dan memuaskan mata. Bibir saya terlihat lebih cerah dan cantik dengan lip gloss ini, karena formulanya tidak berminyak dan tidak lengket. Saya akan beli lagi lip gloss ini!",Oh My Glam Mattelast Lip Cream,Omg,no_aspect,no_aspect,positive,positive,no_aspect,True,2B_LLM,llama3.1_fewshot,train
llm_2b_472,"Aku suka banget lip cream dari draya ini! Warna yang dipilih ini tepat banget sama bibirku yang gelap, hasilnya cantik alami dan tidak terlalu bold sehingga cocok untuk sehari-hari. Pigmentasi yang baik jadi bibirku kelihatan segar dan fresh. Tidak ada masalah dengan warna yang tidak rata, everything looks perfect! Aplikasi yang mudah dan efisien membuatku jatuh cinta dengan produk ini.",24H Melt-In Moisture,Nivea,positive,positive,no_aspect,positive,no_aspect,True,2B_LLM,llama3.1_fewshot,train
llm_2b_312,"Saya suka banget lip cream ini! Warna yang saya pilih sangat sesuai dengan gambar di kemasannnya, tidak terlalu dark atau terlalu light. Pigmentasinya juga super bagus, membuat bibir saya terlihat cerah dan vibrant. Finish yang lembut dan tidak lengket membuat saya nyaman memakainya setiap hari.",24H Melt-In Moisture,Nivea,positive,negative,no_aspect,positive,no_aspect,True,2B_LLM,llama3.1_fewshot,train
llm_2b_403,"Saya suka warna nude dari lipstik ini, sangat cocok untuk sehari-hari. Shade yang dipilih oleh saya adalah 'Caramel', terlihat natural pada kulitku. Lipstiknya tidak terlalu tebal atau tipis, sesuai dengan apa yang saya cari. Bisa dipakai sehari-hari tanpa perlu repainting. Tersedia dalam ukuran mini, yang membuatnya mudah dibawa-bawa.",24H Melt-In Moisture,Nivea,neutral,no_aspect,no_aspect,neutral,positive,True,2B_LLM,llama3.1_fewshot,train
llm_2a_TEXTURE_neutral_2,"Aku suka lip cream ini karena teksturnya lembut sekali saat diaplikasikan ke bibir, hampir tidak perlu digosok-gosok. Finishnya satin, bukan benar-benar glossy tapi juga tidak sepenuhnya matte. Bibirku terasa nyaman dan tidak terlalu ringan atau berat. Cocok untuk dipake sehari-hari!",24H Melt-In Moisture,Nivea,no_aspect,negative,neutral,negative,no_aspect,True,2A_LLM,llama3.1_fewshot,train
llm_2b_355,"Saya benar-benar suka dengan lipstik ini! Warna coklat muda yang cerah membuat saya tampil percaya diri setiap hari. Yang paling penting, lipstik ini tahan lama banget! Saya bisa menggunakan selama seharian tanpa harus repack, dan tidak ada transfer pada makanan atau minuman. Aplikator yang empuk juga membuatnya nyaman digunakan. Saya pasti akan membelinya lagi!",24H Melt-In Moisture,Nivea,no_aspect,positive,no_aspect,positive,no_aspect,True,2B_LLM,llama3.1_fewshot,train
llm_2b_76,"Saya suka pakai lip balm ini karena efeknya natural pada bibir. Warnanya tidak terlalu kilap, tapi tidak terlalu biasa juga. Shade yang saya gunakan, nude beige, cocok buat saya yang memiliki kulit sensitif. Tersedia dalam beberapa varian warna, tapi saya lebih suka warna-warna netral. Aromanya lembut dan tidak membuat saya tidak nyaman.",24H Melt-In Moisture,Nivea,neutral,positive,no_aspect,positive,no_aspect,True,2B_LLM,llama3.1_fewshot,train
llm_2b_140,Aku suka lip balm ini karena warnanya mudah didapat. Teksturnya lembut tapi masih ringan di bibir. Finishnya glossy dan membuat bibirku terlihat segar. Warna pinknya klasik dan cocok untuk saya. Bisa digunakan setiap hari tanpa perlu repack. Lebih baik daripada lip gloss karena tidak terlalu berminyak. Aplikatornya gampang digunakan dan tahan lama.,24H Melt-In Moisture,Nivea,no_aspect,no_aspect,neutral,positive,no_aspect,True,2B_LLM,llama3.1_fewshot,train
llm_2b_97,"Ah, aku nyaman menggunakan lip balm ini setiap hari! Karena bibirku terasa lembab dan segar. Teksturnya matte dan tidak terlalu berminyak. Saya suka karena warna-warna yang luarpun ada! Sangat sesuai untuk saya yang suka outdoor. Selain itu, harga cukup murah dibandingkan dengan kualitasnya.",24H Melt-In Moisture,Nivea,no_aspect,no_aspect,no_aspect,positive,positive,True,2B_LLM,llama3.1_fewshot,train
llm_2b_424,"Hai, aku coba review lip cream ini yang aku beli beberapa hari lalu. Warna originalnya nude, seperti warna alami bibirku. Cocok banget buat aku sih, tapi mungkin nggak cocok buat yang mau tampil bold. Shade-nya rada samar, tidak terlalu kaya pigmen. Bisa dipilih buat kamu yang suka natural look. Harganya juga relatif murah, jadi sayang kalau nggak ada di dompet kamu.",Baby Lips Love Color,Maybelline,neutral,no_aspect,positive,positive,no_aspect,True,2B_LLM,llama3.1_fewshot,train
llm_2b_154,"Baru coba lip tint ini, warnanya ada warna peach, shade biasa aja, sih. Rasanya manis, gitu. Kok beneran ada aroma kayu manisnya. Bisa membuat bibir jadi sedikit kilap aja, tapi enggak terlalu bold. Kira-kira cocok buat daily use. Harganya pas banget, tidak mahal. Ini varian yang biasa, sih.",Baby Lips Love Color,Maybelline,neutral,negative,negative,no_aspect,no_aspect,True,2B_LLM,llama3.1_fewshot,train
llm_2b_117,"aku suka banget produk lip balm ini! selain warna yang cantik, dia juga benar-benar melembapkan bibirku. kulit bibirku jadi lembut dan seimbang, tidak kering kayak biasanya. wanginya manis dan gurih, jadi aku rasa senang pakai setiap hari. teksturnya tidak terlalu berminyak, cocok banget sebagai lip primer sebelum apply lipstik!",24H Melt-In Moisture,Nivea,no_aspect,no_aspect,no_aspect,positive,no_aspect,True,2B_LLM,llama3.1_fewshot,train
llm_2b_44,"Saya suka banget lip cream ini! Saat diaplikasikan, teksturnya lembut dan creamy, membuat saya merasa nyaman dan tidak ada rasa lengket sama sekali. Finishingnya satin, jadi tidak terlalu matte atau mengkilap. Bibir saya terlihat lembut dan terawat setelah menggunakan produk ini.",Oh My Glam Mattelast Lip Cream,Omg,no_aspect,no_aspect,positive,no_aspect,no_aspect,True,2B_LLM,llama3.1_fewshot,train
llm_2a_PIGMENTATION_negative_15,"Jujur, aku kecewa dengan hasil lip cream ini. Warna yang seharusnya cerah abu-abu menjadi pucat dan tipis di bibir. Aku rasa kurang pigmented, seperti tidak ada perubahan warna sama sekali. Saya menggunakannya setelah melumuri muka dan bibir, tapi hasilnya tetap sama, yaitu warna alami saya yang agak gelap saja.",24H Melt-In Moisture,Nivea,negative,negative,positive,no_aspect,no_aspect,True,2A_LLM,llama3.1_fewshot,train
llm_2b_2,"Saya suka banget dengan warna lipstik ini, benar-benar vibrant dan bold! Bibirku jadi kelihatan cerah dan merah muda alami setelah saya gunakan. Pigmentasinya sangat baik, tidak terlalu lemah atau terlalu tebal. Warna ini juga sesuai dengan deskripsi di foto, sehingga saya tidak kecewa saat melihat hasilnya. Saya rasa cocok untuk digunakan sehari-hari, membuat bibirku tetap terlihat sehat dan natural.",24H Melt-In Moisture,Nivea,positive,no_aspect,no_aspect,negative,no_aspect,True,2B_LLM,llama3.1_fewshot,train
llm_2b_247,"Aku jatuh cinta sama lip gloss ini! Teksturnya sangat lembut dan nyaman dipakai sehari-hari. Kalau dipake, lip gloss ini gak lengket atau berminyak. Finishingnya juga super glossy cantik! Saya pakai setiap pagi sebelum makeup dan malam sebelum tidur. Rasa manisnya juga enggak terlalu kuat, jadi enggak bikin deg-degan. Lip gloss ini benar-benar hidrasi bibirku!",Oh My Glam Mattelast Lip Cream,Omg,no_aspect,no_aspect,positive,no_aspect,no_aspect,True,2B_LLM,llama3.1_fewshot,train
llm_2b_317,Saya benar-benar suka dengan lipstik ini! Warnanya cantik dan tahan lama di bibir saya. Enggak perlu sering-sering reapply karena tetap kelihatan cantik meski sepanjang hari. Saya memakainya untuk acara-acara formal maupun kasual dan senyum saya selalu terlihat imut. Harganya juga murah tapi performanya luar biasa!,24H Melt-In Moisture,Nivea,no_aspect,positive,no_aspect,positive,no_aspect,True,2B_LLM,llama3.1_fewshot,train
llm_2a_PRICE_negative_14,"Saya pikir ini lipstik yang mahal banget, nggak worth it sama harga Rp 120k-nya! Kualitasnya sih biasa aja, teksturnya agak kasik dan susah dicet. Pilihannya juga sedikit, hanya dua-dua warna aja. Dipakai sehari-hari bikin kulit bibirku kekeringan. Tidak direkomendasikan deh kalau mau belanja yang harganya murah-murahan.",24H Melt-In Moisture,Nivea,no_aspect,no_aspect,no_aspect,positive,negative,True,2A_LLM,llama3.1_fewshot,train
llm_2b_67,"Saya suka banget lipcream ini karena warnanya yang bold dan vibrant! Bibirku terlihat lebih cerah dan hidup setelah menggunakan lipcream ini. Warna merah muda yang uniknya sangat cocok untuk saya. Tidak terlalu shiny atau matte, jadi sangat nyaman digunakan sehari-hari. Saya tidak pernah bosan dengan warnanya dan hasil akhir yang alami. Lipcream ini memang agak lembab jadi harus diperbaiki beberapa kali sehari, tapi itu tidak menjadi masalah bagi saya. Saya senang menggunakan lipcream ini untuk meningkatkan kecantikan alami bibirku!",Oh My Glam Mattelast Lip Cream,Omg,positive,no_aspect,positive,negative,positive,True,2B_LLM,llama3.1_fewshot,train
llm_2a_TEXTURE_neutral_6,"Aku suka lipstick ini karena warnanya yang sesuai dengan saya. Teksturnya satin, bukan matte ataupun glossy. Setelah digunakan, hasilnya tetap stabil dan tidak cepat kering. Aplikasinya mudah dan tidak lengket. Tapi, perlu disimpan di tempat teduh karena agak peka terhadap sinar matahari langsung.",24H Melt-In Moisture,Nivea,neutral,positive,neutral,neutral,positive,True,2A_LLM,llama3.1_fewshot,train
llm_2b_382,"Waaa, aku suka banget lipcream ini! Warna pink pastelnya sangat cocok untuk saya, apalagi karena bentuk bibirku agak gepeng. Teksturnya juga ringan sekali sehingga tidak membuat bibirku terasa berat. Bibirku tampak lebih cerah dan segar dengan adanya pigmen yang baik. Hasilnya juga tahan lama dan tidak cepat hilang walaupun digigit-gigit oleh makanan atau minuman. Sungguh sangat recommended! 💄💅",Oh My Glam Mattelast Lip Cream,Omg,positive,positive,positive,no_aspect,positive,True,2B_LLM,llama3.1_fewshot,train
llm_2a_HYDRATION_neutral_9,"Pernah coba Nuxe Reve de Miel Lip Balm? Aku beli satu karena temen aku merekomendasinya. Memang, kulit bibir aku agak kering, so saya ngga tahu kalau bisa dipake buat bibir kering kayak aku. Ternyata, produk ini ngga salah! Bibirku terus lembab pas saya pake dia. Kalau sih, tidak semua bahan pelembab cocok sama kulit aku, tapi ini kayaknya oke banget! Bibirku tetep terlihat alami walaupun saya pakai lip liner. Siapa tahu, mungkin kamu pun bisa coba!",24H Melt-In Moisture,Nivea,negative,no_aspect,neutral,neutral,no_aspect,True,2A_LLM,llama3.1_fewshot,train
llm_2b_104,"Saya suka banget lipstik Fenty Beauty yang saya punya! Warnanya Matte dengan nuansa nude, shade yang sesuai dengan kulit saya, tidak terlalu terang atau terlalu gelap. Tersedia dalam beberapa varian, tapi aku suka warnanya yang sederhana. Bisa dipakai sehari-hari dan cocok buat traveling juga karena ukurannya kecil. Bibirku tetap lembab dan terawat, plus warnanya tahan lama. Ini benar-benar favoritku!",24H Melt-In Moisture,Nivea,neutral,negative,no_aspect,positive,no_aspect,True,2B_LLM,llama3.1_fewshot,train
llm_2b_490,Aku beli lip tint ini karena suka warnanya cantik. Tapi sayangnya warnanya terlalu tipis sehingga kulit bibirku masih kelihatan setelah dicoret. Aku pikir warna lip tint harus cukup tebal agar bisa melindungi bibir dan membuatnya terlihat lebih cerah. Ini cuma berfungsi sebagai lip moisturizer aja.,24H Melt-In Moisture,Nivea,negative,no_aspect,neutral,negative,no_aspect,True,2B_LLM,llama3.1_fewshot,train
llm_2b_78,"Aku cukup kecewa sama lip cream ini. Warnanya gitu-gitu aja, ngga kuat kayak dulu, warnanya hilang pas beberapa jam kemudian. Efek glossy-nya enggak nyampe, sampe harus aplikasikan lagi dua kali untuk terlihat sedikit. Cuma enak deh kan? Harganya juga agak mahal dibandingin produk lain.",Baby Lips Love Color,Maybelline,negative,negative,no_aspect,no_aspect,no_aspect,True,2B_LLM,llama3.1_fewshot,train
llm_2b_223,"Aku nemuin lip balm ini pas cari lip care buat diriku sendiri. Harganya murah dan mudah ditemuin, ga cuma itu aja lip balm ini punya aroma yang enak banget! Warna coklatnya sesuai sama apa yang aku cari, tapi tipis banget kalau diaplikasikan. Aku masih butuh sedikit latihan agar lip balm ini tetep ada di bibir tanpa harus sering-sering aplikasi.",24H Melt-In Moisture,Nivea,neutral,no_aspect,no_aspect,positive,no_aspect,True,2B_LLM,llama3.1_fewshot,train
llm_2b_452,"Aku mencoba lip cream satu ini beberapa hari lalu, tapi sayangnya hasilnya tidak memuaskan. Warna bibirku tetap gelap kayak semula, dan efek lip cream cuma tampak selama 30 menit aja sebelum langsung pudar. Bibirmu akan terasa lengket dan berminyak setelahnya, tapi rasanya tak enak juga. Aroma lip cream ini manis banget, tapi ngga cocok buat aku. Harganya terlalu mahal buat sesuatu yang bisa hilang begitu saja.",24H Melt-In Moisture,Nivea,no_aspect,negative,no_aspect,positive,no_aspect,True,2B_LLM,llama3.1_fewshot,train
llm_2b_244,"Saya suka banget dengan hasilnya! Lipstick ini benar-benar memberikan warna yang cerah dan vibrant pada bibirku. Warna merah intensnya sangat sesuai dengan apa yang saya cari. Pigmentasinya sangat baik, tidak mudah hilang setelah beberapa jam. Finishingnya juga matte, sehingga tidak terlalu berkilau. Overall, produk ini sangat worth try! Bibirku terlihat lebih cerah dan segar dengan menggunakan lipstick ini. Saya akan repurchase lagi deh!",24H Melt-In Moisture,Nivea,positive,no_aspect,no_aspect,neutral,positive,True,2B_LLM,llama3.1_fewshot,train
llm_2b_6,Saya sangat suka dengan lip balm ini! Warna merah muda yang dipilih sangat sesuai dengan warna kulit saya. Bibirku yang tadinya agak pecah-pecah dan kering menjadi lebih halus dan cerah setelah menggunakan lip balm ini. Pigmentasi warnanya benar-benar bagus dan tahan lama. Saya bisa memakainya untuk touch-up selama seharian tanpa perlu repot-repot melakukan aplikasi lagi.,24H Melt-In Moisture,Nivea,positive,neutral,no_aspect,positive,no_aspect,True,2B_LLM,llama3.1_fewshot,train
llm_2b_459,"Wah, lipstick ini memang benar-benar pigmented! Warnanya sangat cerah dan sesuai dengan gambar di packaging. Saya suka betapa tebalnya warna merah ini, sangat bold dan vivid di bibir saya. Saya bisa melihat hasilnya langsung setelah aplikasi, tidak perlu repot-repot layering lagi. Teksturnya ringan dan tidak terlalu oily, membuat saya nyaman menggunakan sepanjang hari.",24H Melt-In Moisture,Nivea,positive,no_aspect,no_aspect,positive,no_aspect,True,2B_LLM,llama3.1_fewshot,train
llm_2b_493,"Saya pakai lip cream ini beberapa hari lalu, warnanya cakep gitu, seperti warna coral yang alami. Tersedia dalam shade 'Mango Splash', jadi sangat sesuai dengan preferensi saya. Aroma mangga-nya ku suka banget, lembabnya biasa aja sih, tidak terlalu lama ataupun terlalu singkat. Overall, lip cream ini cukup oke, bisa kul pake ke mana-mana!",24H Melt-In Moisture,Nivea,neutral,positive,no_aspect,neutral,positive,True,2B_LLM,llama3.1_fewshot,train
llm_2b_276,"Saya suka dengan warna shade klasik ini karena cocok buat saya sih. Warna peach yang lembut kayaknya ada di bibir, tapi nggak terlalu menonjol. Bibirku masih tetep normal aja, nggak kering atau lembap. Saya gunakan sebelum kerja, setelah jam pulang malam, warnanya masih bisa ketahan sampe pagi. Enggak perlu banyak repot-repot refreshin aja deh. Sayangnya, nggak ada perlindungan UV, tapi itu ganti dengan lipstik yang lain aja.",24H Melt-In Moisture,Nivea,neutral,no_aspect,no_aspect,negative,no_aspect,True,2B_LLM,llama3.1_fewshot,train
llm_2a_LONGEVITY_neutral_2,"Saya membeli lip cream ini karena warnanya unik, kayak hitam muda gitu. Warna ini cocok buat aku yang bibirku gelap. Tintnya ringan, jadi enggak ngeremehin riasan wajah aku. Ketahanannya sih cukup lama, tapi enggak tahan sampai full hari kalau kamu ngaku aktivitas banyak. Pas digunakan setiap hari, dan saya suka wangi buah jeruknya. Tidak ada masalahnya soal transfer pada gigi atau baju. Ini cocok buat kamu yang suka lip cream dengan tekstur lembut.",24H Melt-In Moisture,Nivea,no_aspect,neutral,no_aspect,negative,no_aspect,True,2A_LLM,llama3.1_fewshot,train
llm_2b_188,"Aku pikir lipstik ini memang bagus, warnanya unik dan membuat bibirku tampak lebih ceria. Tapi sayangnya, ini super cepat luntur, aku harus reapply setiap 2-3 jam sekali. Waktu saya makan atau beraktivitas, lipstik ini langsung pudar dan perlu direfresh. Belum lagi, teksturnya agak lengket, jadi bikin bibirku merasa tidak nyaman.",24H Melt-In Moisture,Nivea,no_aspect,negative,positive,positive,positive,True,2B_LLM,llama3.1_fewshot,train
llm_2b_269,"Saya suka lip gloss ini karena warnanya super cerah dan pigmented! Dia punya nuansa merah muda yang pasti membuat saya rileks setiap hari. Selain itu, teksturnya lembut dan tidak terlalu berminyak sehingga tidak bikin bibir saya pecah. Saya cukup puas dengan hasilnya, bibir saya tampak lebih tebal dan bercahaya.",24H Melt-In Moisture,Nivea,positive,no_aspect,no_aspect,negative,no_aspect,True,2B_LLM,llama3.1_fewshot,train
llm_2b_275,"Saya suka lipstik ini karena warnanya yang cerah dan sesuai dengan apa yang ditunjukkan pada kemasannya. Warna merah muda yang soft ini cocok untuk digunakan sehari-hari. Lipstik ini tidak terlalu intens, jadi bisa dipadukan dengan banyak pilihan makeup lainnya. Saya cukup puas dengan hasilnya.",24H Melt-In Moisture,Nivea,neutral,positive,no_aspect,positive,no_aspect,True,2B_LLM,llama3.1_fewshot,train
llm_2b_147,"Baru aja saya mencoba lip balm ini dan gue nggak sabar nanti bisa jadi kebiasaan! Lip balmnya benar-benar hydrating, bikin bibirku terasa lembab dan tidak kering sama sekali. Aroma kayu manisnya juga enak banget, membuat saya ingin lagi dan lagi! Bibirku jadi lebih sehat dan tampaknya juga lebih cerah. Sangat recommended untuk kamu yang cari lip balm yang baik buat melembapkan bibir!",24H Melt-In Moisture,Nivea,no_aspect,no_aspect,no_aspect,positive,positive,True,2B_LLM,llama3.1_fewshot,train
llm_2b_172,"Waaa aku suka banget lip gloss ini! Warna pinknya cerah dan nyaris tidak pernah pudar di bibirku, bikin saya terlihat lebih muda dan segar. Lapisan tipis aja udah cukup membuat bibirku tampak lebih tebal dan berwarna alami. Cocok banget untuk digunakan sehari-hari, hasilnya awet juga!",Baby Lips Love Color,Maybelline,positive,no_aspect,positive,neutral,no_aspect,True,2B_LLM,llama3.1_fewshot,train
llm_2a_LONGEVITY_neutral_7,"Saya suka lip gloss ini karena warna yang alami dan tekstur lembutnya. Tidak membuat bibir saya kering meski digunakan sepanjang hari. Daya tahan lip gloss ini biasa saja, sekitar beberapa jam saja. Cukup untuk lip gloss yang harganya murah seperti ini. Bisa direapply kapan saja kalau perlu. Saya rasa cocok untuk digunakan sehari-hari.",Oh My Glam Mattelast Lip Cream,Omg,no_aspect,neutral,no_aspect,no_aspect,positive,True,2A_LLM,llama3.1_fewshot,train
llm_2b_45,"Wah aku suka banget dengan warna cerah yang dipunya lip gloss ini! Seperti yang aku lihat di gambar, warnanya benar-benar merah muda yang pasti cocok buat aku. Ketika aku aplikasikan lip gloss ini, teksturnya pun terasa lembab dan enak. Warna yang keluar juga sangat pigmented, membuat aku terlihat lebih percaya diri. Finishnya juga sangat glossy, membuatku terlihat fresh semua hari!",24H Melt-In Moisture,Nivea,positive,negative,no_aspect,no_aspect,no_aspect,True,2B_LLM,llama3.1_fewshot,train
llm_2b_327,"Aku ngga suka dengan hasilnya, lip cream ini bikin bibirku semakin kering dan pecah-pecah. Rasanya kayak lipstik biasa aja, ga ada efek melembabkan sama sekali. Udah coba beberapa kali pakai tapi masih kering banget. Bahkan saat aku olesin banyak, dekat waktunya juga kering lagi. Nggak recomended untuk orang dengan bibir kering kayak aku.",24H Melt-In Moisture,Nivea,no_aspect,no_aspect,no_aspect,negative,no_aspect,True,2B_LLM,llama3.1_fewshot,train
llm_2b_260,"Wah, saya suka banget lip gloss ini! Bibirku terlihat lebih cerah dan lembut setelah diolesi. Saya pakai setiap hari dan masih belum perlu reapply selama 8 jam! Tidak ada masalah transfer pada makanan atau minuman, kok. Teksturnya lembut dan ringan, tidak membuat kulit bibirku terasa berat. Bintik-bintik pecah-pecah pun hilang begitu saja. Lip gloss ini benar-benar awet!",24H Melt-In Moisture,Nivea,no_aspect,positive,no_aspect,no_aspect,neutral,True,2B_LLM,llama3.1_fewshot,train
llm_2b_364,"aku suka banget lipstick ini! Aplikasinya enak dan lembut, nggak bikin kulit bibirku terasa kasar atau keras setelahnya. Teksturnya matte tapi masih ada sedikit sheen, jadi wajahku tetap terlihat fresh. Nyaman banget digunakan setiap hari!",Oh My Glam Mattelast Lip Cream,Omg,no_aspect,no_aspect,positive,no_aspect,neutral,True,2B_LLM,llama3.1_fewshot,train
llm_2a_TEXTURE_neutral_19,"Aku cuma ngumpulin lip cream ini beberapa bulan lalu. Teksturnya cenderung lembut gitu, aplikasinya mudah dan gak perlu repot-repot. Finishnya satin aja, bukan terlalu glossy atau matte. Pas saya gunakan bibir jadi terlihat halus dan natural. Sayangnya, hasilnya nggak tahan lama sehingga perlu di-reapply. Mudah dibawa-bawa karena ukurannya compact dan praktis.",24H Melt-In Moisture,Nivea,no_aspect,no_aspect,neutral,positive,no_aspect,True,2A_LLM,llama3.1_fewshot,train
llm_2a_PIGMENTATION_negative_2,"Saya pikir warna pink ini agak kurang sesuai dengan warna kulit saya. Bibir saya memang cenderung gelap, jadi lipstik ini terkesan beda-beda. Apalagi kalau sudah dipakai, warna lipstik ini tipis-tipis aja, kayak enggak ada pigmentasi apa-apa. Saya seneng aja dengan teksturnya yang lembut, tapi sayangnya lipstik ini tidak tahan lama, cepat luntur.",24H Melt-In Moisture,Nivea,negative,negative,no_aspect,negative,no_aspect,True,2A_LLM,llama3.1_fewshot,train
llm_2a_TEXTURE_neutral_3,"Aku suka cara cairnya lip cream ini, rasanya enak ketika diaplikasikan ke bibir. Finishingnya satin, tak terlalu glossy maupun matte. Setelah dipakai beberapa jam, kulit bibirku tetap lembab, tapi tidak terlalu berminyak. Teksturnya tidak terlalu ringan atau berat, pas-pas aja. Aku punya beberapa varian warna dari brand ini, semua senyum.",24H Melt-In Moisture,Nivea,no_aspect,no_aspect,neutral,positive,no_aspect,True,2A_LLM,llama3.1_fewshot,train
llm_2a_PIGMENTATION_negative_16,"Saya tidak suka lipstik ini karena warnanya tidak sesuai dengan bibir saya. Bibir saya gelap, tapi lipstik ini membuat saya terlihat seperti memiliki bibir pucat. Warna yang ditunjukkan di wadah juga tidak sama dengan hasil akhir setelah digunakan. Lebih baik memilih lipstik dengan warna yang sesuai dengan jenis bibir saya agar terlihat alami.",24H Melt-In Moisture,Nivea,negative,no_aspect,no_aspect,positive,no_aspect,True,2A_LLM,llama3.1_fewshot,train
llm_2b_411,"Saya nggak bisa pindah dari warna coral ini! Warnanya cakep banget dan pasti menonjol di bibirku. Bibirku terlihat sehat dan cerah, bahkan kalau sedang tidak menggunakan concealer. Pigmentasinya tebal, sehingga warnanya nggak mudah luntur. Aku suka sekali! Lebih dari itu, teksturnya lembut sehingga nyaman digunakan sepanjang hari.",Oh My Glam Mattelast Lip Cream,Omg,positive,neutral,positive,no_aspect,no_aspect,True,2B_LLM,llama3.1_fewshot,train
llm_2a_PRICE_negative_1,"Aduh saya kecewa dengan lipstik ini, harganya terlalu mahal untuk kualitasnya! Waktu saya beli lipstik ini saya pikir bakal bisa tahan lama dan hasilnya bagus-bagus. Tapi setelah beberapa minggu menggunakan, kulit bibir saya mulai menciut dan warnanya juga mulai pudar. Padahal harganya lebih dari 100 ribu rupiah, saya harap lebih baik dari ini.",Baby Lips Love Color,Maybelline,positive,negative,no_aspect,positive,negative,True,2A_LLM,llama3.1_fewshot,train
llm_2b_123,"Saya suka banget warna lipstik ini! Pigmentasinya kuat, warnanya vibrant dan cerah di bibirku. Tidak ada masalah saat saya menggunakan lipstik ini untuk ombre lips, hasilnya sangat rapi dan nyaman. Warna mauve yang saya pilih sangat cocok dengan warna kulitku. Bibirku tidak terlihat kering meski setelah beberapa jam. Lipstik ini memang tahan lama!",24H Melt-In Moisture,Nivea,positive,no_aspect,no_aspect,positive,no_aspect,True,2B_LLM,llama3.1_fewshot,train
llm_2b_263,"Saya suka sekali sama lip cream ini! Karena teksturnya lembut membuatnya enggak bikin kulit bibir terasa kering. Saya pakai di pagi hari sebelum makeup, jadi bibir jadi terawat dan terlihat sehat. Warna yang saya pilih pun natural, tidak terlalu terang atau terlalu gelap. Saya suka deh! Bibir jadi lembap dan warnanya tetep stabil seharian.",24H Melt-In Moisture,Nivea,no_aspect,no_aspect,no_aspect,positive,no_aspect,True,2B_LLM,llama3.1_fewshot,train
llm_2b_215,"Aku beli lipstick ini karena suka warnanya ungu muda. Tapi sayangnya teksturnya cakey banget, seperti membentuk lapisan tipis di atas bibirku. Setelah dipakai beberapa jam, lipstik itu mulai menggumpal dan terlihat tidak rapi. Warna ungu muda itu tetap bagus, tapi teksturnya benar-benar membuat aku tidak nyaman.",24H Melt-In Moisture,Nivea,no_aspect,no_aspect,negative,no_aspect,no_aspect,True,2B_LLM,llama3.1_fewshot,train
llm_2a_PIGMENTATION_negative_14,"Emang sih saya suka warna merah dari lipstik ini, tapi kalau dipakai, warnanya ga ada apa-apanya, kayak cuma gelap aja. Saya pikir bisa karena bibir saya agak gelap juga ya. Lebih baiknya lagi kalau bisa memberikan hasil warna yang lebih intens kayak gambar di kemasannya. Lagipula, rasa greaseynya ga terlalu enak buat saya.",24H Melt-In Moisture,Nivea,negative,no_aspect,no_aspect,positive,no_aspect,True,2A_LLM,llama3.1_fewshot,train
llm_2b_187,"aku nyaman banget menggunakan lipcream satu ini, teksturnya lembut dan creamy, sangat ringan dipakaian sehingga membuatku merasa nyaman sepanjang hari. warna lip creamnya juga natural, tidak terlalu bold atau mencolok, tetapi masih bisa menambahkan kesegaran pada wajahku. plusnya lagi, harga lipcream ini terjangkau dan mudah didapatkan di mana-mana.",24H Melt-In Moisture,Nivea,no_aspect,no_aspect,positive,positive,no_aspect,True,2B_LLM,llama3.1_fewshot,train
llm_2b_112,"Saya punya lip gloss satu ini abis dicintai karena warnanya persis pas banget dengan kulitku, shade medium brown. Tersedia dalam beberapa ukuran, saya pilih 0,8ml. Warna yang lembut ini membuat kulit bibir jadi terlihat alami, teksturnya light dan tidak terlalu berat saat digunakan. Mengandung SPF, jadi cocok buat pengguna harian!",24H Melt-In Moisture,Nivea,neutral,negative,negative,negative,positive,True,2B_LLM,llama3.1_fewshot,train
llm_2b_465,"Saya suka sekali dengan lip balm ini! Aromanya wangi, warnanya cantik, dan teksturnya lembut membuat saya jatuh cinta. Tapi yang paling nggak bisa ditolak adalah kenyamanan dan keawetannya. Saya gunakan setiap hari dan hasilnya selalu bagus, tidak perlu reapply terus-terus. Bibirku tetap lembab dan terlihat menarik.",24H Melt-In Moisture,Nivea,no_aspect,positive,no_aspect,positive,no_aspect,True,2B_LLM,llama3.1_fewshot,train
llm_2b_354,"Saya suka deh sama lip balm ini, tapi warnanya paling tipis gitu! Sempurna nggak sih kayak lipstik biasa. Bikin bibir tetep lembab, tapi warnanya enggak kelihatan. Enggak perlu khawatir karena harganya murah banget. Pokoknya, cocok buat kamu yang sibuk dan enggak mau repack lipstik.",Baby Lips Love Color,Maybelline,negative,no_aspect,positive,positive,positive,True,2B_LLM,llama3.1_fewshot,train
llm_2b_101,"Saya suka lipstik ini karena warnanya super cerah dan pigmented! Lipstik ini cocok buat saya yang ingin tampil bold dan vibrant setiap hari. Teksturnya lembut, membuatnya mudah diolesi dan tidak mengeringkan bibir. Warna yang dihasilkan juga natural, sehingga cocok dipakai ke mana-mana. Saya rasa lipstik ini sangat worth dengan harganya!",Baby Lips Love Color,Maybelline,positive,negative,no_aspect,positive,no_aspect,True,2B_LLM,llama3.1_fewshot,train
llm_2b_308,"aku suka lipstick ini karena warnanya cerah banget! bibirku terlihat lebih hidup dan berwarna setelah menggunakan lipstick ini, tidak terlalu kusam kayak biasanya. teksturnya lembut dan mudah dioleh, hasilnya rata dan tidak menonjolkan kerutan wajahku.",24H Melt-In Moisture,Nivea,positive,no_aspect,no_aspect,positive,no_aspect,True,2B_LLM,llama3.1_fewshot,train
llm_2b_151,"Aku suka lipcream ini! Warna merah muda cantiknya pas banget untuk aku. Bibirku yang sebelumnya pucat jadi terlihat cerah dan glowing. Teksturnya ringan, jadi enggak terasa berat di bibirku. Warnanya juga tahan lama, tak kusam sepanjang hari. Aku biasanya pakai lipcream ini sebelum keluar rumah, hasilnya bibirku selalu terlihat sehat dan cerah",24H Melt-In Moisture,Nivea,positive,no_aspect,no_aspect,positive,no_aspect,True,2B_LLM,llama3.1_fewshot,train
llm_2b_157,"Lipstick ini aku pake sebenernya cukup suka-suka aja karena warnanya gitu-gitu aja kayaknya, dan rahasia itu juga oke. Tapi sayangnya, dia sangat cepat hilang! Sekali aku aplikasikan, mungkin 30 menit udah habis, warnanya udah mulai luntur. Aku harus sabar-sabar reapply terus. Bisa-bisa aja kalau aku ga sengaja reapply, lipstik ini malah berantakan disepanjang bibirku. Hmm, belum ada lipstik lain yang membuat aku sedih begitu.",24H Melt-In Moisture,Nivea,no_aspect,negative,no_aspect,negative,no_aspect,True,2B_LLM,llama3.1_fewshot,train
llm_2a_PRICE_negative_19,"Saya pikir lipstik ini sedikit... tidak worth it untuk harga Rp. 120.000-an. Soal kualitasnya sih oke aja, teksturnya lembut dan pilihan shadenya banyak. Tapi, saya rasa harganya sedikit mencekik kantong. Bisa-bisa ada lipstik lain dengan kualitas sama atau bahkan lebih baik dengan harga yang lebih rendah. Saya nggak terlalu puas dengan pembelian ini.",24H Melt-In Moisture,Nivea,no_aspect,no_aspect,no_aspect,positive,negative,True,2A_LLM,llama3.1_fewshot,train
llm_2b_414,"Aku nggak bisa pindah dari lipstik favoritku ini! Warna merah muda cantiknya membuatku selalu tampil percaya diri. Pigmentasinya kuat, sehingga tahan lama tanpa perlu repot-repot top-up. Bibirmu akan terlihat cerah dan alami dengan lipstik ini. Cocok digunakan sehari-hari, termasuk saat kamu ingin keluar rumah.",24H Melt-In Moisture,Nivea,positive,negative,positive,negative,no_aspect,True,2B_LLM,llama3.1_fewshot,train
llm_2b_21,"Baru beli lipstik ini dan rasanya kecewa, teksturnya kalah nyaman dibanding lipstik lain. Lengket dan cakey gitu, membuatku enggak suka. Padahal warnanya bagus, namun tidak pantang menunggu kulit bibirku ngilangin kenyamanannya. Harus sering-sering aplikasi supaya tidak cakey. Mungkin pilih lipstik lain deh.",Baby Lips Love Color,Maybelline,no_aspect,no_aspect,negative,no_aspect,no_aspect,True,2B_LLM,llama3.1_fewshot,train
llm_2b_127,"Baru aja saya pakai lip balm ini hari ini, dan saya langsung jatuh cinta! Warnanya super cerah dan vibrant, benar-benar membuat bibir saya terlihat lebih hidup. Pigmentasi yang baik, tidak terlalu tipis atau terlalu tebal, jadi cocok buat saya. Wanginya juga manis dan segar, membuat saya ingin selalu membawa lip balm ini ke mana-mana!",24H Melt-In Moisture,Nivea,positive,no_aspect,no_aspect,negative,positive,True,2B_LLM,llama3.1_fewshot,train
llm_2b_340,"Saya mencintai lip tinta ini karena teksturnya sangat halus dan lembut di bibirku! Tidak lengket dan membuat kulit bibirku tetap lembab. Warna-warnanya sangat banyak dan aku bisa menemukan shade yang sesuai dengan preferensi saya. Lip tinta ini juga tahan lama dan tidak mudah hilang, sehingga aku bisa menggunakannya sepanjang hari. Saya benar-benar menyukai lip tinta ini!",Oh My Glam Mattelast Lip Cream,Omg,no_aspect,no_aspect,positive,positive,no_aspect,True,2B_LLM,llama3.1_fewshot,train
llm_2b_185,"Saya suka sama lip cream ini! Warna merah muda cantiknya sangat sesuai dengan kulit saya. Tidak terlalu bold atau tidak terlalu subtle, jadi saya bisa pakainya untuk kegiatan sehari-hari maupun acara formal. Bibir saya tetap lembab dan kenyal, karena memiliki SPF 12 yang melindungi dari UV. Selain itu, teksturnya juga cukup lembut dan mudah dibaurkan. Saya menggunakan warna rose seperti ini beberapa kali sehari.",24H Melt-In Moisture,Nivea,neutral,no_aspect,positive,positive,no_aspect,True,2B_LLM,llama3.1_fewshot,train
llm_2b_35,"Saya jatuh cinta dengan warna ini! Bibirku jadi semakin cerah dan merah muda alami, plus teksturnya soft dan tidak terlalu berminyak. Warna yang seimbang, enggak terlalu intens atau pudar. Sama seperti gambar di kemasan, serasa wajahku lebih fresh dan siap sedia untuk segala momen!",24H Melt-In Moisture,Nivea,positive,no_aspect,no_aspect,positive,no_aspect,True,2B_LLM,llama3.1_fewshot,train
llm_2b_183,"Aku suka banget dengan lip balm ini karena lembabin bibir ku, tapi sayangnya warnanya enggak sesuai sama kulit bibir ku. Cuma tahu pas lihat di gambar, tapi pas aku pakain, warnanya jadi beda dan nggak pigmented. Makanya aku butuh reapply beberapa kali supaya warnanya kelihatan. Gue rasa sih kalau warnanya kurang pigmented, jadi kayak tipis aja di bibir.",24H Melt-In Moisture,Nivea,negative,no_aspect,positive,positive,positive,True,2B_LLM,llama3.1_fewshot,train
llm_2b_431,"Saya suka warna ini karena sesuai dengan kulit saya. Shade'soft coral' yang sangat mudah digunakan. Ketika saya menggunakannya, warnanya tidak terlalu terang atau gelap. Tersedia dalam beberapa pilihan warna yang dapat dipilih. Bibir saya tetap lembab setelah menggunakan produk ini.",24H Melt-In Moisture,Nivea,neutral,no_aspect,no_aspect,negative,positive,True,2B_LLM,llama3.1_fewshot,train
llm_2b_353,"Saya akhirnya menemukan lipstik favorit saya! Warna 'Sunset' ini sungguh sesuai banget dengan warna bibirmu alami. Pigmentasinya cukup tebal, sehingga hasilnya masih terlihat wangi dan cerah setelah beberapa jam. Saya bisa memilih lipstik ini untuk kegiatan sehari-hari maupun acara spesial karena warnanya stable dan tidak mudah pudar. Sungguh recomend untuk kamu yang cari lipstik natural dan pigmented!",24H Melt-In Moisture,Nivea,positive,no_aspect,no_aspect,positive,no_aspect,True,2B_LLM,llama3.1_fewshot,train
llm_2b_204,"Aku suka sekali lipcream ini! Bibirku terasa lembab dan segar setelah penggunaannya. Teksturnya creamy dan tidak lengket, sehingga sangat nyaman digunakan. Warna merah muda alami membuatku tampil percaya diri. Kualitas hidratisasi lipcream ini memang membuatku tidak perlu khawatir tentang kelembaban bibir. Worth untuk harga yang ditawarkannya!",24H Melt-In Moisture,Nivea,no_aspect,no_aspect,no_aspect,positive,no_aspect,True,2B_LLM,llama3.1_fewshot,train
llm_2b_174,"Aku suka banget warna lip balm ini! Pigmentasinya sangat baik dan membuat bibirku terlihat cerah dan seimbang. Warna merah yang ditampilkan juga sangat natural dan tidak terlalu keras. Aku bisa menggunakan lip balm ini sebagai finishing touch setelah skincare routine aku. Teksturnya lembut dan tidak lengket, sehingga aku bisa menikmatinya sepanjang hari.",24H Melt-In Moisture,Nivea,positive,no_aspect,positive,neutral,positive,True,2B_LLM,llama3.1_fewshot,train
llm_2b_102,"Saya mencoba produk lipstik terbaru dari brand lokal yang punya reputasi baik. Warna saya pilih yang nude beige, sesuai dengan kulitku. Saya suka banget hasilnya, warna yang natural tetap tahan lama hingga beberapa jam. Saya tidak perlu reapply apa pun, lipstiknya tetap awet dan tidak mudah hilang. Bisa dipastikan bahwa lipstik ini akan menjadi favorit saya karena kemewahan yang ia berikan.",Oh My Glam Mattelast Lip Cream,Omg,no_aspect,positive,positive,no_aspect,positive,True,2B_LLM,llama3.1_fewshot,train
llm_2b_203,"Saya suka banget dengan warna lip balm ini! Saat saya membukanya, warnanya seimbang dan tidak terlalu mencolok, cocok untuk digunakan sehari-hari. Bibirku terlihat lebih cerah dan vibrant setelah menggunakan lip balm ini. Aroma yang wangi juga membuat saya ingin memakainya lagi. Lip balm ini benar-benar sesuai dengan harapan saya, dengan hasil yang baik dan tahan lama.",24H Melt-In Moisture,Nivea,positive,negative,positive,positive,no_aspect,True,2B_LLM,llama3.1_fewshot,train
llm_2b_201,"Saya suka warnanya yang unik, shade peachy pink-nya terlihat cantik. Teksturnya ringan dan lembab, cocok untuk saya karena bibir saya agak kering. Saya pakai sebelum lipstik agar warnanya tetap terlihat baik. Packagingnya sederhana tapi mudah ditemukan.",24H Melt-In Moisture,Nivea,neutral,no_aspect,no_aspect,positive,no_aspect,True,2B_LLM,llama3.1_fewshot,train
llm_2b_162,"Aku suka banget lipstick ini! Warna merah muda yang vibrant dan sesuai sama yang di foto, bikin bibirku terlihat fresh dan cantik. Pigmentasi yang bagus juga membuat warnanya tidak cepat pudar. Bisa dipakai sehari-hari tanpa perlu direapply terlalu sering. Cuma sedikit lengket tapi bukan masalah besar buat aku. Worth beli dan recommended untuk temen-temen yang cari lipstick dengan warna klasik!",Baby Lips Love Color,Maybelline,positive,no_aspect,negative,no_aspect,no_aspect,True,2B_LLM,llama3.1_fewshot,train
llm_2b_442,"Saya suka banget dengan lipstik ini! Warna merah muda yang ada di dalamnya super cerah dan sesuai dengan foto yang ditunjukkan. Bibir saya terlihat lebih vibrant dan fresh saat menggunakan lipstik ini. Teksturnya juga lembut dan mudah diaplikasikan, membuat saya bisa memiliki bibir yang merah muda cantik selama seharian.",24H Melt-In Moisture,Nivea,positive,no_aspect,positive,no_aspect,no_aspect,True,2B_LLM,llama3.1_fewshot,train
llm_2b_341,"Ga begitu suka dengan lip balm ini, warnanya pucat banget sehingga enggak bisa ngecover hitamnya bibirku. Meski punya tekstur yang lembut dan wanginya enak, tapi efeknya cuma sebentar aja. Setelah beberapa jam, lip balm ini mulai kering dan warnanya semakin tipis. Ga cocok buat saya sih, karena mau pilih lip balm yang lebih pigmented.",24H Melt-In Moisture,Nivea,negative,no_aspect,no_aspect,positive,no_aspect,True,2B_LLM,llama3.1_fewshot,train
llm_2b_5,"Saya suka sekali dengan warna yang ada di produk lipstick ini! Warna hitam manis dan glossynya membuat bibirku tampak lebih cerah dan bercahaya. Pigmentasi sangat baik, sehingga tidak perlu repot-repot memakaikan beberapa kali untuk mendapatkan hasil yang diinginkan. Saya suka warna yang kuat dan tebal, serta teksturnya yang halus. Lipstick ini tidak hanya membuat bibirku terlihat cantik, tapi juga memberikan perlindungan ekstra bagi bibirku.",24H Melt-In Moisture,Nivea,positive,negative,negative,positive,no_aspect,True,2B_LLM,llama3.1_fewshot,train
llm_2b_0,"Saya sih suka lip gloss yang satu ini karena bibirku terasa lembab banget setelah dipakainya, meski saya punya kulit bibir sensitif. Warnanya juga oke, bisa dipilih sesuai selera. Teksturnya lembut, ga bikin lengket. Bisa dipakai harian tanpa harus khawatir bibir kering. Saya rasa sudah cukup puas dengan hasilnya!",24H Melt-In Moisture,Nivea,no_aspect,no_aspect,no_aspect,positive,positive,True,2B_LLM,llama3.1_fewshot,train
llm_2b_468,"Saya kurang suka dengan lip balm ini karena warnanya terlalu pucat, tidak ada pigmentasi yang kuat. Ketika saya pakainya, warna bibir saya masih terlihat normal kayak biasa. Jadi, bukan solusi bagus kalau ingin menutupi warna bibir gelap. Plus, teksturnya pun tipis banget, enggak lembabin kayak yang lain. Gagal deh, enggak bakal repurchase lagi.",Baby Lips Love Color,Maybelline,negative,no_aspect,negative,positive,positive,True,2B_LLM,llama3.1_fewshot,train
llm_2b_311,"aku suka sekali lipstik ini, warnanya cerah dan merah intens tapi masih natural kayaknya ngga overdo itu! Pigmentasi awet banget, sampe setelah beberapa jam warnanya tetep bagus. Aku pakai sehari-hari dan hasilnya bibirku jadi lebih halus dan glowing",24H Melt-In Moisture,Nivea,positive,negative,no_aspect,negative,no_aspect,True,2B_LLM,llama3.1_fewshot,train
llm_2b_168,"Saya suka sekali dengan lip balm ini! Bibir saya menjadi lembap dan sehat setelah digunakan. Saya tidak perlu khawatir akan kelebihan minyak atau tekstur tebal yang membuat saya merasa tidak nyaman. Warna stroberinya sangat cantik dan sesuai dengan selera saya. Produk ini juga tidak membuat saya alergi atau iritasi, sehingga saya dapat menggunakannya secara rutin. Sangat recommended untuk kamu yang ingin memiliki bibir yang sehat dan lembut!",Baby Lips Love Color,Maybelline,no_aspect,no_aspect,no_aspect,positive,no_aspect,True,2B_LLM,llama3.1_fewshot,train
llm_2b_343,"Aku pengen tahu apa sih bedanya lip cream ini dan lip balm biasa. Pada awalnya aku pikir enak banget, tapi setelah beberapa hari pakai rasanya malah makin nggak nyaman. Teksturnya kayak lemak gitu, berat dan lengket di bibir. Setiap kali makan atau minum, aku harus retak2 bibir biar ga sampe gosong. Sedih deh sih mau pakain, tapi akhirnya lebih baik pake lip gloss aja, lebih ringan dan nyaman.",24H Melt-In Moisture,Nivea,no_aspect,no_aspect,negative,positive,no_aspect,True,2B_LLM,llama3.1_fewshot,train
llm_2b_245,"Saya akhirnya menemukan lipstik yang tepat untuk saya! Bibir saya selalu lembab dan sehat setelah memakainya, tidak pernah kering atau pecah-pecah. Warna cerah dan tidak mudah pudar. Aroma stroberinya manis dan tidak terlalu kuat. Bisa dipakai sehari-hari tanpa khawatir membuat kulit bibir sensitif menjadi lebih buruk. Harga juga terjangkau dan mudah ditemukan di toko-toko kecil. Overall, lipstik ini benar-benar recommended untuk siapa saja yang ingin memiliki bibir lembab dan sehat!",24H Melt-In Moisture,Nivea,no_aspect,no_aspect,no_aspect,positive,no_aspect,True,2B_LLM,llama3.1_fewshot,train
llm_2b_363,"Oke deh aku suka lip cream ini karena warnanya yang super cerah dan pigmented! Pas aplikasikan di bibir, warnanya langsung terlihat merata dan tidak ada spot-spot yang gelap. Warna ini juga sesuai sama foto di kemasannya, tidak ada beda loh. Aku cukup puas dengan hasilnya!",24H Melt-In Moisture,Nivea,positive,positive,no_aspect,positive,positive,True,2B_LLM,llama3.1_fewshot,train
llm_2a_TEXTURE_neutral_11,"Baru aja beli lip cream ini, masih belum tau bagaimana proses penggunaannya. Teksturnya kental, finishnya satin. Kalau saya lihatnya agak menarik karena ada efek gliter pada produknya. Aplikatornya nyaman digunakan. Warna cenderung untuk orang berkulit gelap, kalau saya sih agak susah ngasosiasi dengan warna kulit saya, tetapi apakah itu salah saya atau tidak.",24H Melt-In Moisture,Nivea,no_aspect,negative,neutral,positive,no_aspect,True,2A_LLM,llama3.1_fewshot,train
llm_2b_166,"Saya suka banget lip balm ini! Teksturnya sangat lembut dan tidak lengket, membuat saya merasa nyaman dan tidak sakit hati saat menggunakan. Warna merahnya juga cukup cantik dan matik, tidak terlalu terang atau mengkilap. Produk ini mudah dioles dan tidak perlu waktu lama untuk kering. Bibir saya menjadi lebih seimbang dan hidratis setelah digunakan selama beberapa jam. Saya rasa ini cocok banget buat harian sehari-sehari.",Oh My Glam Mattelast Lip Cream,Omg,no_aspect,no_aspect,positive,positive,positive,True,2B_LLM,llama3.1_fewshot,train
llm_2b_346,"Oke, saya suka banget sama lipstick ini! Warna bibirku jadi lebih cerah dan pigmented setelah menggunakan lipstick ini. Saya pilih warna nude yang sesuai dengan kulit saya, sehingga hasilnya terlihat sangat alami. Lipstick ini juga tidak mengenai mata dan tidak membuat bibirku terasa lengket atau kusam. Saya suka banget karena dapat memberikan efek bibir yang seimbang dan membuat saya siap untuk melawan hari!",Baby Lips Love Color,Maybelline,positive,no_aspect,no_aspect,no_aspect,no_aspect,True,2B_LLM,llama3.1_fewshot,train
llm_2a_PRICE_negative_16,"Saya cuma bisa bilang kalau lipstick ini overpriced banget! Harganya udah sekitaran Rp100k, saya rasa tidak seimbang sama kualitasnya. Teksturnya agak kasar juga, kadang-kadang ngeretak di bibir, dan pilihan warnanya juga kurang banyak. Tidak worth it untuk harga seperti ini, kan? Lebih baik cari yang lain aja sih...",24H Melt-In Moisture,Nivea,neutral,no_aspect,no_aspect,positive,negative,True,2A_LLM,llama3.1_fewshot,train
llm_2b_470,"Saya puas banget dengan lipstik ini! Warna merah muda cantiknya sangat sesuai dengan foto di internet dan pigmentasinya sangat baik, jadi hasilnya tampilan bibir saya jadi lebih cerah dan fresh. Teksturnya lembut dan tidak terlalu berminyak, sehingga cocok untuk digunakan sehari-hari. Selain itu, lipstik ini tahan lama dan tidak cepat pudar. Saya rasa lipstik ini sangat worth untuk dibeli!",24H Melt-In Moisture,Nivea,positive,no_aspect,no_aspect,positive,no_aspect,True,2B_LLM,llama3.1_fewshot,train
llm_2a_PRICE_negative_13,"Aku benar-benar kecewa sama harganya yang terlalu mahal! Lipstick ini seharusnya nggak boleh overprice kayak gini. Teksturnya sih lembut dan warnanya cantik, tapi apakah worth itu? Tapi sayangnya, kulit bibirku masih terasa nyaman setelah beberapa jam pakai, ya. Harga 70rb-an kayak gini memang kurang seimbang dengan kualitasnya.",Baby Lips Love Color,Maybelline,positive,no_aspect,no_aspect,positive,negative,True,2A_LLM,llama3.1_fewshot,train
llm_2b_480,"Ah, lip balm favorit aku! Setelah menggunakan lip balm ini selama beberapa minggu, kulihat perubahan besar pada kondisi bibirku. Bibir jadi lembut dan tidak pernah kering lagi. Saya pikir hal itu karena lapisan pelumas yang kuat membuat bibir tetap hidrasi. Warna bibirku pun makin cerah dan lembut. Saya sangat merekomendasikan untuk kamu yang punya masalah bibir kering!",24H Melt-In Moisture,Nivea,no_aspect,no_aspect,no_aspect,positive,no_aspect,True,2B_LLM,llama3.1_fewshot,train
llm_2b_323,"gue udah coba produk ini sebanyak dua kali, tapi hasilnya sama aja, bibirmu masih kering kayak kulit kaki pas musim hujan! Setiap paginya, bibirmu pasti kering dan pecah-pecah, bahkan kalau kamu pakainya sebelum tidur. Warnanya sih bagus, tapi itu enggak punya apa-apa waktu dibandingkan dengan efeknya yang bikin bibirmu lebih kering, jadinya lebih baik enggak pakai deh!",Baby Lips Love Color,Maybelline,no_aspect,no_aspect,no_aspect,negative,no_aspect,True,2B_LLM,llama3.1_fewshot,train
llm_2b_62,"Saya sangat suka lipstik ini! Pigmentasi warnanya sangat kuat, hasilnya vibrant dan membuat bibirku terlihat sehat dan cerah. Warna yang saya pilih sangat sesuai dengan kombinasi kulitku dan mataku, membuat aku terlihat percaya diri. Finishnya matte namun tidak terlalu keras, jadi tetap lembut dan nyaman digunakan sepanjang hari. Saya rasa ini akan menjadi favorit saya selamanya!",24H Melt-In Moisture,Nivea,positive,no_aspect,no_aspect,negative,no_aspect,True,2B_LLM,llama3.1_fewshot,train
llm_2a_TEXTURE_neutral_18,"Saya suka memiliki beberapa lip cream untuk koleksi karena warna-warna unik dan teksturnya yang lembut. Saat saya gunakan lip cream ini, teksturnya lembut dan mudah diolesi ke bibir. Finishnya satin dan menambah kelembaban pada bibir. Karena sifatnya yang lembut, lip cream ini cocok digunakan sebagai primer sebelum menggunakan lipstik atau lip gloss lainnya.",24H Melt-In Moisture,Nivea,positive,no_aspect,neutral,positive,no_aspect,True,2A_LLM,llama3.1_fewshot,train
llm_2a_PIGMENTATION_negative_17,"Aku pakenya sebentar doang sih, cuma beberapa kali aja. Warnanya pucat abis, kayak gigitan semut! Tidak ada pigmen kayaknya, bibirmu udah hitam pun masih keliatan kayak biasa-biasa. Bukan coklat gelap kayak warna wadahnya, melainkan... apaan ya? Bibirku masih kering, tapi lip balm ini ga bisa tolong banget. Lebih enak pake lip balm lain deh.",24H Melt-In Moisture,Nivea,negative,no_aspect,no_aspect,positive,no_aspect,True,2A_LLM,llama3.1_fewshot,train
llm_2b_338,"Saya suka banget lip cream ini! Warna merah marunnya super cerah dan sesuai dengan gambar di kotak. Bibirku yang biasanya gelap menjadi terlihat lebih vibrant dengan menggunakan lip cream ini. Teksturnya lembut dan tidak terlalu berminyak, sehingga bisa digunakan setiap hari. Dengan harganya yang affordable, saya pikir lip cream ini sangat layak untuk dicoba!",24H Melt-In Moisture,Nivea,positive,no_aspect,no_aspect,negative,no_aspect,True,2B_LLM,llama3.1_fewshot,train
llm_2b_141,"Saya suka dengan lipstik ini karena warnanya sangat alami dan sesuai untuk hari-hari biasa. Tersedia dalam beberapa shade yang saya pilih warna nude. Bibir tetap terlihat rapi meski setelah makan atau minum. Mengandung SPF sehingga melindungi bibir dari sinar UV. Meskipun harganya agak mahal, namun produk ini worth beli karena memberi manfaat lama.",24H Melt-In Moisture,Nivea,neutral,positive,negative,positive,no_aspect,True,2B_LLM,llama3.1_fewshot,train
llm_2b_184,"Aku suka teksturnya yang lembut dan tidak terlalu keras. Warnanya juga pas, shade nude-nya cukup sesuai dengan kulitku. Tersedia dalam beberapa pilihan warna, aku pilih shade peach yang netral. Lipstick ini tidak membuat bibirku terlihat terlalu berkilau, tetapi masih ada sedikit glaze yang membuatnya terlihat lebih cerah.",Baby Lips Love Color,Maybelline,neutral,no_aspect,positive,positive,positive,True,2B_LLM,llama3.1_fewshot,train
llm_2b_372,"Saya suka banget sama lip cream ini! Warna merah muda alaminya sangat cantik dan sesuai dengan gambar di kotak. Bibirku terlihat lebih cerah dan seimbang setelah digunakan. Teksturnya lembut dan mudah dioles, tidak lengket sama sekali. Aroma manisnya juga enak banget! Saya pakai setiap hari untuk mendapatkan hasil yang memuaskan. Recommended banget!",24H Melt-In Moisture,Nivea,positive,no_aspect,positive,positive,positive,True,2B_LLM,llama3.1_fewshot,train
llm_2a_TEXTURE_neutral_8,"Saya memiliki koleksi lip product yang banyak, salah satunya ini lip balm. Teksturnya creamy, finishnya satin. Kalau diaplikasikan langsung ke bibir, bikin lembut dan nyaman. Tapi kalau dipakai lama, makin cepat kering. Bisa ditambahin lip gloss untuk perawatan ekstra. Kemasannya sederhana, cukup praktis dibawa-bawa. Warna dan teksturnya cocok buat saya.",24H Melt-In Moisture,Nivea,neutral,no_aspect,neutral,neutral,no_aspect,True,2A_LLM,llama3.1_fewshot,train
llm_2b_160,"Saya akhir-akhir ini nyari lip cream yang baik buat kulit bibirku. Sama dekat aja udah lupa soal lip cream ini. Bener-bener kalah hydrate sih lip cream ini. Setelah beberapa jam pake lip cream, bibir saya jadi kering lagi. Kayaknya produk ini cuma tutup sementara saja keretakan di bibir. Lalu saya harus reapply beberapa kali, habis juga bisa. Bikin saya sedih. Aku bakal cari lip cream lain nanti.",24H Melt-In Moisture,Nivea,no_aspect,no_aspect,no_aspect,negative,no_aspect,True,2B_LLM,llama3.1_fewshot,train
llm_2b_116,"Aku suka banget lipstik ini karena warnanya yang cerah dan vibrant! Saya memilih warna merah muda yang sesuai dengan kulit saya. Warna ini tidak terlalu bold atau kaku, tapi masih terlihat natural dan cantik. Saat dipakai, lipstik ini tidak terlalu lembut atau tipis, tetapi justru membuat bibir saya terlihat lebih cerah dan segar. Aku suka karena lipstik ini tahan lama dan tidak mudah hilang warna.",24H Melt-In Moisture,Nivea,positive,negative,no_aspect,negative,no_aspect,True,2B_LLM,llama3.1_fewshot,train
llm_2b_314,"Saya coba lipstik ini sebanyak dua kali, tapi rasanya sudah mulai pudar setelah beberapa jam. Warna masih ok, tapi intensitasnya sudah turun drastis. Saya memakainya setelah sarapan dan makan siang, tapi setelah itu warna lipstiknya langsung menghilang. Harus reapply lagi segera. Sudah coba penuhi air juga, tapi hasilnya tetap sama. Mungkin lebih baik beli lipstik lainnya yang lebih tahan lama.",24H Melt-In Moisture,Nivea,no_aspect,negative,no_aspect,neutral,no_aspect,True,2B_LLM,llama3.1_fewshot,train
llm_2b_360,"aku sempet coba produk ini beberapa kali dan rasanya memadai udah ngga bakalan saya repurchase. warnanya pun ga keliatan sama kayak gambar di packaging, hasilnya tipis-tipis gitu, tidak ada efek glossy apa2. waktu dipake pasti bikin rada lewat dari normal karena terlalu ringan. soal melembabkan sih oke lah, tapi rasanya ga nyamukin dibibir. jadi bisa aja untuk kulit bibir yang kurang pecah-pecah.",24H Melt-In Moisture,Nivea,negative,positive,no_aspect,positive,positive,True,2B_LLM,llama3.1_fewshot,train
llm_2a_HYDRATION_neutral_19,"Emang aku pernah coba lip cream ini beberapa waktu lalu, tapi aku tidak sempet mereviewnya. Aku pikir, sebenernya lip cream ini cuma ok aja deh. Tapi kayaknya cocok buat hari-hari biasa, krn mengandung hyaluronic acid biar kulit bibirmu tetep lembab. Warna tipenya paling senyum. Teksturnya agak lengket, tapi enggak bikin gerah. Kok bisa dipake nggak? Aku sih, cuma sekali-sekali mesti.",24H Melt-In Moisture,Nivea,no_aspect,no_aspect,no_aspect,neutral,no_aspect,True,2A_LLM,llama3.1_fewshot,train
llm_2b_37,"Aku suka lip cream ini karena bisa melembabkan bibirmu selama seharian! Bibirmu akan tetap lembut dan halus, enggak pernah kering. Warna lip cream ini soft pastel pink yang cocok untuk gaya sehari-hari. Penggunaan yang mudah, cukup oleskan pada bibir dan simpan dengan baik. Kualitas produk bagus, harganya juga kompetitif. Bibirmu akan menjadi lebih sehat dan cantik dengan menggunakan lip cream ini!",24H Melt-In Moisture,Nivea,no_aspect,no_aspect,no_aspect,positive,no_aspect,True,2B_LLM,llama3.1_fewshot,train
llm_2b_246,"Saya suka lipstick ini karena warnanya super pigmented! Bibirku jadi lebih cerah dan vibrate setelah dipakainya. Teksturnya tidak terlalu berminyak, sehingga bisa digunakan untuk hari-hari normal. Warna merahnya sangat sesuai dengan gambar pada botolnya, membuatku percaya diri menggunakan lipstik ini setiap hari. Kesan alami dan mudah dioptimalkan.",24H Melt-In Moisture,Nivea,positive,no_aspect,neutral,negative,positive,True,2B_LLM,llama3.1_fewshot,train
llm_2a_TEXTURE_neutral_12,"Aku suka dengan lip cream ini karena teksturnya lembut dan gampang diaplikasikan. Finishing-nya satin, bukan benar-benar matte atau glossy. Bisa dipakai sehari-hari tanpa membuat bibir terlalu berminyak. Pilih warna favorit kamu aja, krn banyak varian pilihan.",24H Melt-In Moisture,Nivea,neutral,no_aspect,neutral,positive,no_aspect,True,2A_LLM,llama3.1_fewshot,train
llm_2b_376,"saya suka sekali sama warna lip balm ini, tidak norak dan tetap natural warnanya. Sama seperti apa yang saya harapkan dari produk ini, bibirku kelihat lebih cerah dan memiliki warna merah yang pasti. Aku suka sekali hasilnya, membuatku ingin membeli lagi lip balm ini!",Baby Lips Love Color,Maybelline,positive,no_aspect,negative,no_aspect,no_aspect,True,2B_LLM,llama3.1_fewshot,train
llm_2a_TEXTURE_neutral_5,"Aku punya lip cream ini dari beberapa bulan lalu, karena emang udah pernah saya lihat di social media. Awalnya saya pikir teksturnya keras gitu, tapi pas diaplikasikan ke bibir jadi soft dan creamy. Finishnya satin aja, gak terlalu glossy atau matte. Saya cukup suka teksturnya karena gak bikin kulit bibir jadi lemak, dan bisa tetap lembab sepanjang hari. Ini juga gampang diaplikasikan dan nggak butuh waktu lama untuk menyesuaikan warnanya.",24H Melt-In Moisture,Nivea,no_aspect,negative,neutral,positive,no_aspect,True,2A_LLM,llama3.1_fewshot,train
llm_2b_29,"Wah, aku suka banget lipstik ini! Bibirku jadi lembut dan lembab setelah digunakan. Aroma coklat kacangnya sedap, kayak makanan kekinian. Saya pakai sehari-hari sih, tidak pernah bikin kering sama sekali. Bisa dibawa-bawa karena ukurannya compact dan desainnya simpel. Cocok untuk daily use!",24H Melt-In Moisture,Nivea,no_aspect,no_aspect,no_aspect,positive,no_aspect,True,2B_LLM,llama3.1_fewshot,train
llm_2b_161,"Aku sempet coba produk ini pas waktu musim kemarau, rasa-rasa cuaca panas bikin bibir aku kering gitu. Setelah pakai lipstik ini, aku pikir udah baik, karena warnanya cantik dan wanginya manis. Tapi, ternyata tidaknya kayaknya bikin bibir aku makin kering. Saya rasanya perlu pake moisturizer lagi setelah itu supaya tidak terjadi dehidrasi di bibir.",24H Melt-In Moisture,Nivea,no_aspect,no_aspect,no_aspect,negative,no_aspect,True,2B_LLM,llama3.1_fewshot,train
llm_2b_313,"Baru-baru ini aku coba lip balm Maybelline Baby Lips Cherry Blossom ini dan pokoknya aku suka banget! Saat diaplikasikan, teksturnya lembut dan tidak lengket, seperti melicinkan bibirku secara alami. Hasilnya glossy cantik dan membuat kulit bibirku terlihat lebih seimbang. Aroma cherry blossomnya juga manis dan menghibur. Ini lip balm favoritku sekarang, sangat praktis dan mudah digunakan. Cocok banget buat daily look!",24H Melt-In Moisture,Nivea,no_aspect,no_aspect,positive,positive,positive,True,2B_LLM,llama3.1_fewshot,train
llm_2b_108,"Saya sudah mencoba lip cream dari merek X ini beberapa kali dan warnanya senyum cerah itu cocok buat saya. Shade yang saya pilih adalah warna coklat muda dan memang warnanya sedikit kecokelatan pada bagian tepi bibirku. Tersedia dalam ukuran mini, medium dan besar. Dengan teksturnya yang ringan, lip cream ini memudahkan saya saat aplikasi dan tidak lengket. Saya bisa gunakan secara langsung tanpa perlu diolesi duluan. Overall, lip cream ini oke aja!",24H Melt-In Moisture,Nivea,neutral,no_aspect,no_aspect,no_aspect,no_aspect,True,2B_LLM,llama3.1_fewshot,train
llm_2b_302,"Aku udah lama mencari lip balm yang bisa membuat bibirmu tetap cerah dan lembab sepanjang hari! Lalu aku menemukan product ini dan... wow! Warna bibirku sekarang menjadi lebih vibrant dan rich, seperti sedang dipadukan dengan swatch warna alami. Bibirku pun terlihat lebih berkilau, tidak kering dan kusam lagi! Aku sangat puas dengan hasilnya",24H Melt-In Moisture,Nivea,positive,negative,no_aspect,negative,positive,True,2B_LLM,llama3.1_fewshot,train
llm_2b_283,"Oleh karena itu aku memilih lip cream ini sebagai favorit! Aku memakainya secara rutin setiap hari dan masih merasa nyaman dan lembut di bibirku. Bibirku terlihat lebih cerah dan warnanya tetap terjaga selama seharian. Meski digigit air atau bersentuhan dengan benda-benda lain, lip cream ini tetap bertahan di tempatnya. Saya senang sekali bisa menemukan produk yang dapat membuat bibirku terlihat lebih baik tanpa perlu banyak repainting!",24H Melt-In Moisture,Nivea,no_aspect,positive,no_aspect,positive,no_aspect,True,2B_LLM,llama3.1_fewshot,train
llm_2b_332,"Saya suka sekali dengan lipcream ini karena teksturnya sangat lembut dan nyaman di bibir. Bisa dipilih warna apa aja sesuai mood saya, lho! Bibirku terlihat lebih halus setelah digunakan, tanpa perlu aplikasi yang ribet. Finishingnya matte tapi nggak kusam, jadi cocok buat sehari-hariku. Recommended banget!",Oh My Glam Mattelast Lip Cream,Omg,no_aspect,no_aspect,positive,no_aspect,positive,True,2B_LLM,llama3.1_fewshot,train
llm_2b_93,"Baru saja aku nemuin lipcream ini! Ciamik banget dech warnanya, merah intens tapi tidak terlalu bold, membuatku langsung jatuh cinta sama product ini! Bener-bener pigmented dan bisa menambah kesan warna bibir yang alami. Sesuai banget sama foto yang di display. Saya suka kombinasi warna merah ini karena sangat cocok buat saya yang memiliki kulit sensitif. Tidak terlalu menyakitkan dan hasilnya natural banget! Overall, lipcream ini memuaskan!",24H Melt-In Moisture,Nivea,positive,negative,positive,positive,positive,True,2B_LLM,llama3.1_fewshot,train
llm_2b_113,"Aku beli lipstick ini karena warnanya unik dan menarik. Tapi, aku agak bingung soal daya tahannya. Aku pakai sebanyak dua kali hari itu, dan hasilnya masih tetap ok kayak gatel. Bertahan sampai 6 jam aja sih, setelah itu kulit bibirku mulai kering. Tapi karena aku suka lipstiknya, aku mau terus pakai!",Oh My Glam Mattelast Lip Cream,Omg,no_aspect,neutral,positive,positive,positive,True,2B_LLM,llama3.1_fewshot,train
llm_2b_400,"Aku suka lip cream ini karena warnanya pastel pink yang sesuai dengan kulit aku. Shade ini soft dan tidak terlalu mencolok. Tersedia dalam beberapa pilihan, termasuk warna klasik classic red dan warna nude yang lembut. Teksturnya lembut dan tidak lengket di bibir, membuatnya nyaman untuk digunakan setiap hari.",24H Melt-In Moisture,Nivea,neutral,no_aspect,negative,no_aspect,no_aspect,True,2B_LLM,llama3.1_fewshot,train
llm_2b_58,"Saya benar-benar jatuh cinta sama lip tint ini! Warna pastelnya benar-benar vibrant dan natural, seperti lipstik favoritku sewaktu SMA. Bibirmu akan terlihat cerah dan segar dengan finish yang sedikit matte. Pigmentasinya tidak terlalu kuat, sehingga cocok digunakan secara sehari-hari tanpa perlu khawatir mengenai tampilan bibir yang terlalu intens. Saya menggunakan setiap hari dan sangat puas!",24H Melt-In Moisture,Nivea,positive,no_aspect,positive,negative,no_aspect,True,2B_LLM,llama3.1_fewshot,train
llm_2b_23,"Pokoknya produk ini udah saya gunain sekian kali sih. Cuma, menurut saya sendiri, enggak terlalu melembabkan, tapi tidak apa-apa deh. Formula hydratingnya emang ada, tapi saya gak pernah merasakan itu terlalu ekstrim. Saya masih bisa pakai di sehari-hari tanpa masalah. Warna juga oke, warna pink pastelnya, soalnya cocok buat saya.",24H Melt-In Moisture,Nivea,no_aspect,no_aspect,no_aspect,neutral,no_aspect,True,2B_LLM,llama3.1_fewshot,train
llm_2b_309,"Waaa, aku suka banget dech dengan lip cream ini! Warnanya cerah dan pigmented banget, bibirku jadi lebih menarik dengan warna yang ratarata dan tidak norak. Teksturnya lembut sehingga tidak menyiksa bibirku. Aku bisa gunakan secara sehari-hari karena harganya murah dan tidak boros. Hasilnya memuaskan, bibirku tetap lembab dan terawat selama hari.",24H Melt-In Moisture,Nivea,positive,no_aspect,no_aspect,negative,no_aspect,True,2B_LLM,llama3.1_fewshot,train
llm_2b_156,"aku suka lip cream ini karena rasanya halus dan nyaman di bibir. Teksturnya satin, jadi tidak terlalu matte atau glossy. Warna warninya juga cukup tebal, tetapi tidak terlalu berat di bibir. Finishingnya lembut, sehingga tidak membuat bibirku terkesan kering. Dengan harga yang relatif murah, aku pikir lip cream ini sudah cukup untuk digunakan setiap hari.",Oh My Glam Mattelast Lip Cream,Omg,no_aspect,no_aspect,neutral,positive,positive,True,2B_LLM,llama3.1_fewshot,train
llm_2b_66,"Saya cuma bisa pakai lip balm ini sebentar-sedantera karena warnanya gaada hasil. Bibir saya memang gampang kering tapi seharusnya lip balm bisa menyelesaikan masalah itu, bukannya membuat semakin parah. Warna pinknya tipis banget, kalau saya pakai lip balm ini malah suka-nye warnanya kayak ada sedetik aja, lalu hilang. Saya masih mau nyobain deh, mungkin saya salah cara pakainya.",Baby Lips Love Color,Maybelline,negative,no_aspect,positive,negative,no_aspect,True,2B_LLM,llama3.1_fewshot,train
llm_2b_266,"Aku sempet beli lip cream ini karena harganya murah dan promonya menarik. Tapi sayangnya, hasilnya kecewa banget. Warna lip cremini terlalu pucat, kayak ngga ada sama sekali. Bibirmu bakal terlihat garing pas kamu pakai. Aku pikir lip creminya bisa membantu melembabkan, eh malah membuat kulit bibirmu semakin kering. Bukan rekomendasi ku.",Baby Lips Love Color,Maybelline,negative,negative,negative,neutral,positive,True,2B_LLM,llama3.1_fewshot,train
llm_2b_438,"Saya suka sekali dengan lipstick Revlon yang satu ini! Tahan lama banget, tidak perlu direapply sering-sering. Warnanya masih tampak bagus setelah beberapa jam. Aromanya enak-enak, bukan aroma chemically kayak lipstick lain. Kelembaban juga pas, tidak membuat kulit bibir saya menjadi berminyak. Sangat recommended untuk siapa pun yang cari lipstik tahan lama!",Oh My Glam Mattelast Lip Cream,Omg,no_aspect,positive,no_aspect,positive,no_aspect,True,2B_LLM,llama3.1_fewshot,train
llm_2a_TEXTURE_neutral_9,"Baru beli lip cream ini, warnanya pas dengan favorit saya. Teksturnya cenderung gel. Aplikatornya mudah digunakan, tidak lengket di bibir. Finishing-nya glossy, bikin bibir terlihat lebih cerah. Aroma lip cream ini manis, seperti vanilla. Penggunaan lip cream ini cukup nyaman, tetapi perlu dilakukan perawatan secara teratur agar tahan lama. Sudah menggunakan selama dua minggu, belum menemukan masalah apa-apa.",24H Melt-In Moisture,Nivea,negative,no_aspect,neutral,negative,no_aspect,True,2A_LLM,llama3.1_fewshot,train
llm_2a_PIGMENTATION_negative_4,"Saya coba lip balm ini karena suka warna peach-nya. Sayangnya, setelah dipakai, bibir saya jadi terkesan... abu-abu? Bukan hasil yang aku inginkan! Bibirku hitam, jadi warna lip balm ini cuma bikin saya terkesan perpaduan antara warna kulit bibir dan warna lip balm. Saya kurang pigmented, sih. Meski begitu, formula moisturizing-nya oke aja. Lebih baik daripada lipstik matte yang biasanya membuat bibir saya kerasa kering.",24H Melt-In Moisture,Nivea,negative,no_aspect,positive,positive,no_aspect,True,2A_LLM,llama3.1_fewshot,train
llm_2b_163,"Lip cream favorit aku sekarang ini benar-benar tahan lama! Aku membelinya seminggu yang lalu dan masih menggunakan sampai hari ini. Warna coklat alami sangat sesuai dengan kulitku. Bibirmu tidak akan cepat kering atau pecah-pecah karena adanya SPF 15 yang membantu melindungi dari sinar UV. Tidak perlu reapply setiap saat, cukup satu kali saja sudah bisa bertahan beberapa jam. Lebih baik dari itu, lip cream ini tidak menimbulkan residu pada baju, sangat transfer proof!",Oh My Glam Mattelast Lip Cream,Omg,no_aspect,positive,positive,no_aspect,no_aspect,True,2B_LLM,llama3.1_fewshot,train
llm_2b_473,"Saya jatuh cinta dengan lip balm miliki ini! Teksturnya lembut, creamy, dan tidak lengket saat dipakai. Bibir jadi terasa halus dan terawat, dengan kilau kecil yang membuat wajah terlihat lebih cerah. Lebih baik dari itu, produk ini mudah digunakan dan tidak membuat bibir terasa berat. Saya suka sekali dengan hasil akhir yang matte, tidak terlalu terlihat tetapi masih mengkilap secara alami. Saya pasti akan membelinya lagi!",24H Melt-In Moisture,Nivea,no_aspect,no_aspect,positive,negative,no_aspect,True,2B_LLM,llama3.1_fewshot,train
llm_2b_270,"Saya akhirnya menemukan lipstik favoritku! Warna merah marunnya sangat cerah dan pigmented, benar-benar membuat bibir saya tampak lebih hidup. Finishingnya matte, jadi tidak licin seperti lipstik lainnya. Saya suka bahwa warna tidak terlalu keras, tetapi masih terlihat dramatis. Harga juga terbilang murah untuk kualitasnya. Saya sudah menggunakan beberapa kali dan tidak menemukan masalah apa pun!",24H Melt-In Moisture,Nivea,positive,no_aspect,positive,negative,no_aspect,True,2B_LLM,llama3.1_fewshot,train
llm_2b_214,"Saya suka banget sama warna bibir setelah menggunakan lip balm ini! Bibirku menjadi cerah dan pigmented secara alami, tidak terlalu bold tapi cukup vibrant untuk menambahkan kesan fresh pada wajahku. Warna merahnya sedikit subtle tapi tetap mengkilap dan cantik. Saya tidak perlu memakai banyak layer untuk mendapatkan hasil yang diinginkan. Overall, produk ini sangat recommended!",24H Melt-In Moisture,Nivea,positive,neutral,positive,no_aspect,no_aspect,True,2B_LLM,llama3.1_fewshot,train
llm_2b_107,"Saya akhirnya menemukan lip balm yang sempurna! Warna biru ungu yang lembut pada NARS Velvet Matte Lip Balm ini membuatku takjub. Pigmentasinya kuat, tetapi tidak mencolok, dan hasilnya sangat natural. Bibirku terlihat lebih cerah dan seimbang. Teksturnya lembut dan menyegarkan, serta long-lasting. Saya puas dengan performanya!",24H Melt-In Moisture,Nivea,positive,positive,no_aspect,positive,no_aspect,True,2B_LLM,llama3.1_fewshot,train
llm_2b_131,"Saya sangat suka lip balm ini! Bibir saya terasa lembut dan lembap setelah menggunakan, wangi vanilla-nya membuat saya betah. Cocok untuk digunakan sehari-hari, tidak membuat kulit bibir saya menjadi kering atau pecah-pecah. Warna coklatnya juga pas untuk tampilan kasual. Sudah pernah repurchased beberapa kali, bakalan lanjut deh!",24H Melt-In Moisture,Nivea,no_aspect,no_aspect,no_aspect,positive,positive,True,2B_LLM,llama3.1_fewshot,train
llm_2b_467,"aku nyobain lipstik ini untuk pertama kali, dan aku benar-benar kagum dengan hasilnya! warnanya super cerah dan pigmented, tidak seperti foto biasa-biasa. lipstik ini membuat bibirmu terlihat lebih seimbang dan hidup. Aku suka bahwa warnanya tidak terlalu terang, sehingga cocok untuk digunakan sehari-hari. Overall, lipstik ini sangat worthed! saya akan beli lagi!",24H Melt-In Moisture,Nivea,positive,negative,no_aspect,negative,no_aspect,True,2B_LLM,llama3.1_fewshot,train
llm_2b_460,"Saya suka dengan warnanya yang soft pink dari lip balm ini. Shade-nya cukup sesuai untuk aku dan tidak membuat kulit bibir ku terlihat terlalu mencolok. Lip balm ini tersedia dalam beberapa varian warna, tapi saya memilih warna pastel pink yang cantik. Saya menggunakannya setiap hari dan tidak merasa masalah apa-apa. Aroma-nya manis dan tidak menyengat.",24H Melt-In Moisture,Nivea,neutral,no_aspect,no_aspect,positive,no_aspect,True,2B_LLM,llama3.1_fewshot,train
llm_2b_334,"Saya pikir warnanya kurang pigmented sih, setelah dipakaikan beberapa kali masih gelap di bagian tengah bibir. Bibirmu mungkin lebih tebal atau saya enggak tau. Tapi, ya, wajar sih karena harganya terjangkau. Mungkin bisa diperbaiki dengan lip liner, tapi sebenernya mahal juga. Lagipula, warna yang didapat cuma tipis-tipis aja. Maunya sih lipstik yang pigmented dan tahan lama!",24H Melt-In Moisture,Nivea,negative,positive,no_aspect,positive,no_aspect,True,2B_LLM,llama3.1_fewshot,train
llm_2a_TEXTURE_neutral_15,"Aku suka lip cream ini karena teksturnya lembut dan ringan. Finishnya glossy kayak lip gloss namun tidak terlalu berkilau. Ketika dipake, rasa manis alami kayak vanila. Bibirku terasa lembab sebentar tapi udah langsung setelah itu. Belum pernah ada masalah kulit, cocok buat aku yang suka praktis.",24H Melt-In Moisture,Nivea,positive,negative,neutral,no_aspect,no_aspect,True,2A_LLM,llama3.1_fewshot,train
llm_2a_PIGMENTATION_negative_9,"Maaf deh, saya kurang suka warna pink pastel dari lip balm ini. Bisa-bisa seperti tidak ada perbedaan warna dari awal dan setelah dipakai. Bibirku biasanya lebih gelap, jadi warnanya terkesan tipis aja. Kalau bibirku kering, malah makin kusam sih. Saya cuma bisa menggunakan sebentar-sebentar aja.",24H Melt-In Moisture,Nivea,negative,no_aspect,neutral,negative,no_aspect,True,2A_LLM,llama3.1_fewshot,train
llm_2a_HYDRATION_neutral_1,"Saya baru coba lip balm ini beberapa hari lalu dan belum punya kesan mendalam tentang efek kelembabannya. Dengan formulanya yang mengandung shea butter dan vitamin E, lip balm ini memang mengklaim dapat melembabkan bibir. Namun, saya masih perlu waktu lebih lama untuk melihat hasilnya secara langsung. Warna warna yang dipilih juga cocok untuk saya, sehingga saya tidak memiliki masalah tentang itu.",Baby Lips Love Color,Maybelline,positive,negative,no_aspect,neutral,positive,True,2A_LLM,llama3.1_fewshot,train
llm_2b_425,"Saya senang banget dengan warna bold ini! Saat dipakai, bibir saya terlihat lebih cerah dan kuat, seperti sedang memakai kontilinium warna merah karat. Pigmentasi sangat baik, sehingga tidak perlu banyak aplikasi untuk mendapatkan hasil yang diinginkan. Warna ini juga sesuai dengan warna kulit saya, membuat saya terlihat lebih menawan dan percaya diri.",24H Melt-In Moisture,Nivea,positive,no_aspect,no_aspect,positive,no_aspect,True,2B_LLM,llama3.1_fewshot,train
llm_2b_83,"Saya suka banget dengan lip balm ini! Setelah menggunakan lip balm ini, bibir saya jadi terasa lembap dan kenyal. Aroma strawberry-nya juga enak banget dan nggak membuat saya terganggu. Warnanya natural dan tidak norak, cocok banget untuk sehari-hari. Saya gunakan setiap pagi sebelum makeup dan hasilnya bibir saya terlihat sehat dan berwarna alami. Lip balm ini juga tahan lama sehingga saya nggak perlu repot-repot repotnya lagi!",24H Melt-In Moisture,Nivea,no_aspect,no_aspect,no_aspect,positive,no_aspect,True,2B_LLM,llama3.1_fewshot,train
llm_2a_LONGEVITY_neutral_0,"Saya suka lipstick ini karena warnanya cantik dan teksturnya lembut. Kebetulan saya mempunyai kulit sensitif, jadi saya harus hati-hati saat menggunakan makeup. Lipstick ini tahan sekitar 4 jam dan tidak membuat saya merasa tidak nyaman. Belum pernah saya mencium masalah pada lipstick ini, wangi yang manis dan tidak berlebihan. Cocok banget untuk digunakan sehari-hari.",24H Melt-In Moisture,Nivea,neutral,neutral,no_aspect,neutral,no_aspect,True,2A_LLM,llama3.1_fewshot,train
llm_2a_LONGEVITY_neutral_16,"Saya suka dengan lip balm ini karena warnanya yang alami dan teksturnya lembut. Saya bisa gunakan setiap hari tanpa merasa repot-repot reapply. Tapi, saya rasa lip balm ini cuma tahan sampai beberapa jam aja. Belum pernah saya pakai lebih lama dari itu, jadi ga bisa pastiin deh. Btw, wangi strawberry-nya makin manis pas udah 5 jam pasca apply!",24H Melt-In Moisture,Nivea,neutral,neutral,no_aspect,positive,no_aspect,True,2A_LLM,llama3.1_fewshot,train
llm_2b_261,"Aku tertarik dengan lipstik dari NYX, warnanya cantik, hijau muda kayak perpaduan abadian dan musim semi! Tapi sayangnya, lipstik ini hampir langsung luntur pas aku pakainya di bibir, kayaknya enggak tahan lama, paling lama beberapa jam aja. Sekarang aku harus rajin reapply setiap beberapa jam agar wangi tetap ada, padahal aku ingin lipstik yang bisa dipakai semalaman tanpa perlu repack! 😐",24H Melt-In Moisture,Nivea,no_aspect,negative,positive,positive,no_aspect,True,2B_LLM,llama3.1_fewshot,train
llm_2a_PIGMENTATION_negative_7,"Aku cuma bisa menggunakan lipstik ini sebentar-senyar aja karena warnanya benar-benar pucat! Bener-bener tidak pigmented, kurang dari apa yang ditampilkan di botolnya. Bibirmu harus warna alami agak gelap biar kayaknya warna lipstik ini keliatan. Sekadar moisturizer sih oke, tapi kalau lipstiknya begitu pucat ya sayang belanja lagi.",Oh My Glam Mattelast Lip Cream,Omg,negative,no_aspect,no_aspect,no_aspect,positive,True,2A_LLM,llama3.1_fewshot,train
llm_2b_456,"Saya cukup kecewa sama lip cream ini. Warna yang murni putihnya bikin saya terlihat macam nggak ada make-up apa-apa di wajah. Paling-paling bisa ngasih sedikit kilauan gitu aja. Tapi sayangnya, warnanya cuma tipis-tipis dan nggak bisa tahan lama di kulitku.",Baby Lips Love Color,Maybelline,negative,no_aspect,negative,negative,positive,True,2B_LLM,llama3.1_fewshot,train
llm_2b_285,"Saya suka sekali dengan warna lip gloss ini! Mereka berhasil membuat warna yang sangat cerah dan pigmented di bibir saya, cocok banget dengan foto yang ditampilkan. Saya suka menggunakan shade ini untuk memilih warna yang bold dan vibrant. Bibir saya terlihat lebih baik karena warnanya rata dan tidak ada spot hitam. Overall, saya sangat puas dengan hasilnya!",Baby Lips Love Color,Maybelline,positive,negative,negative,positive,no_aspect,True,2B_LLM,llama3.1_fewshot,train
llm_2b_404,Saya akhirnya nemu lip cream yang tepat untuk saya! Warna merah marunnya sungguh-sungguh cocok banget sama kulit bibirku. Pigmentasinya sangat kuat sehingga tampilan warna bibir tetap merah dan tidak pudar sehari-hari. Bibirku terlihat lebih cerah dan sihat. Saya suka banget dengan hasilnya!,Baby Lips Love Color,Maybelline,positive,negative,positive,negative,no_aspect,True,2B_LLM,llama3.1_fewshot,train
llm_2b_32,"aku membeli lipcream ini sebenernya suka-suka aja krna temen bilang emang bagus, tp ternyata... lipcreamy gini kayaknya ga kuat abis 2 jam wkk,, apalagi kalau aku bepergian di luar dr rumah. warnanya gitu warna pastel pink aja, lucu kayaknya tp hasilnya gue bisa lihat udah mulai luntur. aku punya lip balm lain yang lebih tahan lama kok, so saya rasa ini cukup menyebalkan untuk dibeli lg.",Baby Lips Love Color,Maybelline,no_aspect,negative,no_aspect,positive,positive,True,2B_LLM,llama3.1_fewshot,train
llm_2b_105,"Saya lagi nyasar lihat warna lipstick ini. Merah muda yang gokil banget! Bibir saya langsung kelihatan lebih cerah saat saya pakai ini. Warna lipstiknya sangat vibrant, membuat saya ingin menunjukkan ke sembarang tempat. Saya suka cara pengemasan dan warna yang unik, plus harga yang terjangkau. Kualitasnya juga bagus, tidak perlu diulangi beberapa kali untuk mendapatkan hasil yang diinginkan. Lipstick ini benar-benar worth it!",24H Melt-In Moisture,Nivea,positive,no_aspect,no_aspect,positive,no_aspect,True,2B_LLM,llama3.1_fewshot,train
llm_2b_254,"Saya kurang suka sama lip gloss ini karena sering membuat bibir saya terasa kering dan pecah-pecah. Warna warninya cantik sih, tapi sehabis beberapa jam, lip glossnya langsung menghilang dan perlu dilapis lagi. Saya pikir cukup ribet untuk memakainya setiap hari, jadi lebih baik saya cari lip gloss lain yang tahan lama.",24H Melt-In Moisture,Nivea,no_aspect,negative,no_aspect,positive,no_aspect,True,2B_LLM,llama3.1_fewshot,train
llm_2b_257,"Gue suka banget lip cream ini! Aplikasinnya mudah dan enggak bikin gerah. Warna bibir jadi lebih cerah dan merah muda alami. Gue cukup suka detail warnanya, sangat pigmented dan tidak terlalu tipis. Cocok untuk hari biasa maupun acara formal, karena bisa bikin mata tertawa dengan pilihan warnanya.",24H Melt-In Moisture,Nivea,positive,no_aspect,negative,no_aspect,positive,True,2B_LLM,llama3.1_fewshot,train
llm_2b_153,"Saya paken lipstik ini karena warnanya cantik banget, warna merah muda pastel yang sesuai sama kulit saya. Sayangnya, lipstik ini malah bikin bibir saya jadi kering kayak garing. Setiap hari saya harus olesin pelembab lagi supaya bibir saya ngga jadi pecah-pecah. Itu bikin saya sedikit kecewa dengan produk ini, karena hasil yang ditawarkan bukan sesuai sama apa yang saya harapkan.",Oh My Glam Mattelast Lip Cream,Omg,no_aspect,no_aspect,no_aspect,negative,no_aspect,True,2B_LLM,llama3.1_fewshot,train
llm_2a_HYDRATION_neutral_16,"Saya coba lip cream satu ini karena teman saya bilang enak banget. Bibirmu jadi lembab dan tidak terasa kering setelah dipakai. Mengandung shea butter dan vitamin E, so maybe itu penyebabnya. Tapi buat saya sendiri, efek lembaban kayak biasa aja, enggak lebih atau kurang. Warna warni dan bisa dipilih banyak pilihan, sih.",24H Melt-In Moisture,Nivea,neutral,no_aspect,no_aspect,neutral,no_aspect,True,2A_LLM,llama3.1_fewshot,train
llm_2b_202,"Saya beli lip cream ini secara acak karena promo, ternyata warnanya sih udah pernah saya coba sebelumnya, warnanya yang soft peach ini kayaknya pas buat pemakaian harian biasa, rahasia tidak terlalu keras atau lembut banget, ada efek glowing gitu. Tapi sayangnya cuma nggak bisa bertahan lama di bibir saya, waktunya gampang banget hilang aja. Bisa dipake sebagai layering sebelum lipstick.",24H Melt-In Moisture,Nivea,neutral,no_aspect,negative,positive,no_aspect,True,2B_LLM,llama3.1_fewshot,train
llm_2b_306,"Aku suka banget dengan lip cream ini! Warna merahnya super cerah dan pigmented, pas banget untuk saya. Bibirku terlihat lebih kuat dan segar setelah menggunakan produk ini. Lebih baik daripada lip balm lainnya, lip cream ini membuat warnaku tetap stabil sepanjang hari. Sangat rekomended!",24H Melt-In Moisture,Nivea,positive,no_aspect,no_aspect,no_aspect,no_aspect,True,2B_LLM,llama3.1_fewshot,train
llm_2b_80,"Saya membeli lip cream ini karena harga terjangkau, namun ternyata tidak sesuai ekspektasi saya. Teksturnya terlalu kaku dan keras di bibir, bikin sakit rada. Warna nya juga tidak kuat, jadi lebih banyak transparan daripada matte yang saya harapkan. Rasanya juga berat dan lembek. Saya ngga tahu apa penyebabnya, mungkin karena kualitas minyak alamnya? Maaf deh, cuma bisa bilang lip cream ini ngga cocok buat kulit bibir saya.",24H Melt-In Moisture,Nivea,no_aspect,no_aspect,negative,positive,no_aspect,True,2B_LLM,llama3.1_fewshot,train
llm_2b_71,"Enggak, warnanya paling tipis sih. Maknyuuu gitu. Ketika aku menggunakannya, warnanya luntur nggak sampe setengah jam. Saya rasa cukup menyebalkan. Tapi, kelembaban di bibir kuudah memadai, jadi bisa bilang nggak kecewa banget deh, tapi mungkin aja kamu nggak butuhin lipstik tebal kayak aku. Buat saya, ini cuma lip balm aja, jadi kurang value untuk harga",24H Melt-In Moisture,Nivea,negative,no_aspect,no_aspect,neutral,positive,True,2B_LLM,llama3.1_fewshot,train
llm_2b_373,"Saya jatuh cinta sama lipstik ini dari pertama kali melihatnya. Warna yang dipilih sangat sesuai dengan kulit bibirku, tidak terlalu terang atau terlalu gelap. Finishingnya pun rapi dan smooth, bikin bibirku terlihat lebih cerah. Saya suka banget aroma buah jeruknya yang manis dan segar, nggak bikin sakit hidung juga. Lipstik ini sangat moisturizing juga, jadi saya nggak perlu khawatir bibirku kering saat menggunakan. Sangat recommend untuk digunakan sehari-hari!",24H Melt-In Moisture,Nivea,positive,no_aspect,positive,positive,no_aspect,True,2B_LLM,llama3.1_fewshot,train
llm_2b_189,"Ahah, saya jatuh cinta sama lipstik ini! Warna yang dipilih pas banget untuk kulitku, vibrant dan bold tapi masih bisa digunakan sehari-hari. Bibirku terlihat lebih cerah dan sihat dengan pigmennya yang rata. Saya suka banget hasil akhirnya, sangat merata dan tidak ada yang tidak sengaja.",24H Melt-In Moisture,Nivea,positive,negative,no_aspect,positive,no_aspect,True,2B_LLM,llama3.1_fewshot,train
llm_2a_LONGEVITY_neutral_4,"Saya suka pakai lip cream ini karena warnanya yang cantik. Tahan sampe 5 jam di bibir, belum memburuk walaupun makan dan minum. Cuma setelah saya keramas bibir, warnanya agak pudar, tapi tidak apa-apa. Packagingnya juga nyaman dijadikan dompet, jadi bisa bawa kemana-mana. Wanginya lembut, enggak bikin ngidam. Cocok banget buat pemilik bibir tipis seperti saya.",24H Melt-In Moisture,Nivea,neutral,neutral,positive,positive,no_aspect,True,2A_LLM,llama3.1_fewshot,train
llm_2a_PIGMENTATION_negative_13,"Aku coba warna coral, tapi kan hasilnya cuma pucat aja. Kalau mau lihat warna, harus lihat manual di wadahnya, kalau udah dipakai sih cuma abu-abuan kayak enggak ada warna apa-apa. Bibirmu juga harus sempurna kalau mau lihat hasilnya, trus aku ga sabar nyesel karena pembatasnya sih empuk dan moisturizing banget.",Baby Lips Love Color,Maybelline,negative,no_aspect,no_aspect,positive,positive,True,2A_LLM,llama3.1_fewshot,train
llm_2b_469,"Saya suka banget lip cream ini! Warna coklatnya sangat cocok dengan saya, tidak terlalu terang atau terlalu gelap. Bibir saya jadi terlihat lebih segar dengan efek shimmer yang membuatnya tampak lebih cerah. Lip cream ini juga lembabkan bibir saya dengan baik, sehingga saya bisa menggunakannya setiap hari tanpa khawatir tentang kekeringan. Saya sangat merekomendasikan produk ini!",24H Melt-In Moisture,Nivea,positive,no_aspect,no_aspect,positive,no_aspect,True,2B_LLM,llama3.1_fewshot,train
llm_2b_445,"Saya jatuh cinta dengan lipstik ini! Warna merah muda yang uniknya sangat sesuai dengan kulitku, tidak terlalu kontras atau terlalu polos. Pigmentasi lipstiknya kuat sehingga tetap cerah selama beberapa jam. Bibirku terlihat lebih bercahaya dan menarik dengan hasil akhir yang halus dan tidak berminyak. Saya merekomendasikan lipstik ini bagi kamu yang ingin memiliki warna bibir yang cantik dan tahan lama.",Baby Lips Love Color,Maybelline,positive,no_aspect,no_aspect,no_aspect,no_aspect,True,2B_LLM,llama3.1_fewshot,train
llm_2b_30,"Saya kurang suka menggunakan lipstik ini karena harus sering-sering diolesi, kalau tidak ingin warna luntur. Ketika saya gunakan, warnanya tetap elastis dan cerah selama beberapa jam saja. Setelah itu, mulai pudar dan perlu direfresh. Menurut saya, efektivitasnya rasa-rasanya tidak setinggi lipstik lain yang saya punya.",Baby Lips Love Color,Maybelline,no_aspect,negative,negative,positive,no_aspect,True,2B_LLM,llama3.1_fewshot,train
llm_2b_358,"Punya warna peach yang alami sih, gampang di apply dan enggak bikin bibir terlalu tebal atau tipis. Suka banget kenyaman waktu menggunakan, karena teksturnya empuk dan enggak lengket. Cuma satu kelemahan, warnanya agak pudar setelah beberapa jam. Tersedia dalam berbagai shade, aku pilih warna yang soft peach untuk bisa dipadukan dengan outfit apa pun.",24H Melt-In Moisture,Nivea,neutral,neutral,positive,positive,positive,True,2B_LLM,llama3.1_fewshot,train
llm_2b_267,"Saya suka gunain lip care ini, warnanya cukup tipis dan sesuai untuk kombinasi kulitku yang sensitif. Saya pilih warna nude yang simpel, biasanya kupake ini setiap harinya. Memang teksturnya lembut banget, jadi gampang disimpan di tas atau dompet. Harganya terbilang murah juga!",24H Melt-In Moisture,Nivea,neutral,no_aspect,no_aspect,positive,no_aspect,True,2B_LLM,llama3.1_fewshot,train
llm_2b_22,"Wah, aku suka banget lipstik ini! Warna yang dipilih aku sangat cocok sama warna kulit aku, tidak terlalu gelap ataupun terlalu terang. Pigmentasinya kuat, hasilnya tetep sampai 5 jam. Bibirku terlihat cerah dan segar! Ini memang salah satu favoritku, saya akan beli lagi jika ini habis!",24H Melt-In Moisture,Nivea,positive,no_aspect,no_aspect,negative,no_aspect,True,2B_LLM,llama3.1_fewshot,train
llm_2b_98,"Aku suka belanja lip balm liputan yang murah dan efektif. Lately, aku mulai menggunakan lip balm Nivea ini yang punya warna ungu cerah. Warna ungu cerahnya tidak terlalu mencolok, tetapi masih sesuai banget dengan suasana santai hari biasa. Saat aku oleskan, warna liputannya agak sheer, jadi tidak terlalu berlebihan. Cocok banget buat aku yang suka tampil natural.",Baby Lips Love Color,Maybelline,neutral,negative,no_aspect,positive,no_aspect,True,2B_LLM,llama3.1_fewshot,train
llm_2b_18,"Aku suka banget lip cream ini! Warna nude-nya sangat sesuai dengan kulit aku, tidak terlalu bold tapi cukup cerah. Pigmentasinya bagus dan merata, tidak ada noda atau belang. Teksturnya ringan dan mudah dibawa kemana-mana. Aroma manisnya membuat aku selalu ingin menggunakannya lagi dan lagi. Bibirku selalu terlihat seimbang dan segar setelah digunakan.",24H Melt-In Moisture,Nivea,positive,negative,no_aspect,negative,no_aspect,True,2B_LLM,llama3.1_fewshot,train
llm_2b_239,Saya jatuh cinta sama lipstik ini karena warnanya yang cerah dan pigmented banget! Warna merahnya sangat cocok buatku dan tidak terlalu kemerah-rendam. Bibirku terlihat segar dan tetap lembut meski sudah beberapa jam dipakai. Saya suka banget detail packagingnya yang elegan dan harga yang terjangkau! Pasti akan saya beli lagi kalau habis.,24H Melt-In Moisture,Nivea,positive,positive,no_aspect,positive,no_aspect,True,2B_LLM,llama3.1_fewshot,train
llm_2b_281,"Aku cuma pakai satu kali lip cream ini untuk pesta malam, tapi ternyata setelahnya bibirku langsung luntur dan kusam. Warna awalnya cantik sih, tapi tidak mengecehkan aku karena mau mengulangi lagi. Kebetulan aku punya lip liner, so aku pakai lip liner aja biar tetap cantik wkwk",24H Melt-In Moisture,Nivea,no_aspect,negative,no_aspect,negative,no_aspect,True,2B_LLM,llama3.1_fewshot,train
llm_2b_89,"Lipstick ini memang cantik, warnanya ungu alami dan aromanya wangi. Tapi sayangnya lipstik ini tidak tahan lama, mulusnya hilang setelah beberapa jam. Perlu saya reapply sebanyak-banyaknya, kalau tidak ingin terlihat kusam. Selain itu, warna lipstick ini mudah transfer ke baju, bikin saya harus membersihkan lagi bibir setiap kali. Overall, lipstik ini kurang cocok untuk hari biasa, mending gunakan kalau mau tampil dress-up aja.",24H Melt-In Moisture,Nivea,no_aspect,negative,positive,negative,no_aspect,True,2B_LLM,llama3.1_fewshot,train
llm_2b_68,"Saya suka lip balm ini karena wanginya manis dan lembut, tapi sayangnya sangat cepat luntur setelah beberapa jam. Setiap kali saya makan atau minum, warna lip balm ini langsung pudar. Harus selalu reapply untuk menghindari keadaan bibir kering. Sayangnya, lip balm ini tidak tahan lama sehingga harus dibawa ke mana-mana untuk memastikan kelembaban tetap terjaga.",24H Melt-In Moisture,Nivea,no_aspect,negative,no_aspect,positive,no_aspect,True,2B_LLM,llama3.1_fewshot,train
llm_2b_222,"Saya gak bisa cukup bahagia dengan hasilnya. Lipstick ini memang awalnya terlihat polos, tapi begitu dipake makin hari makin bagus! Warnanya cerah, tidak pudar. Bisa nyamukin bibirku tanpa perlu banyak tekanan. Teksturnya lembut dan nyaman, bikin kulit bibirku tetap lembab. Apakah kamu ingin bibir yang selalu cerah dan sihat? Ini dia jawabannya!",Oh My Glam Mattelast Lip Cream,Omg,positive,positive,positive,no_aspect,positive,True,2B_LLM,llama3.1_fewshot,train
llm_2a_TEXTURE_neutral_7,"Barang ini masuk dalam favorit saya karena mudah dibawa ke mana-mana. Teksturnya matte, tidak berminyak. Aplikasinya juga enak. Warna-warnanya juga banyak pilihan. Finishnya satin. Padahal warnanya tidak terlalu berubah, tetapi tetap terlihat menarik. Aku punya beberapa produk warna lain dari brand ini, semoga ada warna baru yang bisa bikin aku makin suka.",Oh My Glam Mattelast Lip Cream,Omg,no_aspect,no_aspect,neutral,no_aspect,positive,True,2A_LLM,llama3.1_fewshot,train
llm_2b_415,Saya suka sekali dengan lip cream ini! Warna merahnya sangat cerah dan pigmented sehingga membuat bibirku tampak lebih hidup. Menggunakan lip cream ini membuat bibirku tidak pernah terlihat kering meski saya berada di luar ruangan panas. Bibirku tetap lembab dan seimbang karena formula yang baik pada produk ini. Saya akan menggunakan ini lagi dan lagi karena hasilnya memuaskan!,24H Melt-In Moisture,Nivea,positive,no_aspect,positive,positive,no_aspect,True,2B_LLM,llama3.1_fewshot,train
llm_2b_352,"Saya sangat menyukai lip balm ini karena warnanya benar-benar sesuai dengan fotonya di kemasan. Bibir saya jadi lebih cerah dan natural setelah dipakai. Warna yang tidak terlalu keras, membuat saya nyaman menggunakan lip balm ini setiap hari. Selain itu, teksturnya juga lembut dan tidak lengket pada bibir. Overall, lip balm ini benar-benar sesuai dengan harapan saya!",Oh My Glam Mattelast Lip Cream,Omg,positive,positive,neutral,no_aspect,no_aspect,True,2B_LLM,llama3.1_fewshot,train
llm_2b_412,"Saya nggak sabar-sabar membicarain tentang lip balm ini! Saya membelinya pas liburan kemarin dan langsung nyobain sama bibir saya yang kering abis karena cuaca panas. Asal pake, bibir saya langsung terlembab dan tidak kering lagi! Warna juga tahan lama dan natural banget, sehingga saya bisa gunakan sehari-hari. Saya sangat merekomendasikan produk ini untuk siapa pun yang memiliki masalah dengan keseimbangan lemak pada bibir",24H Melt-In Moisture,Nivea,no_aspect,no_aspect,no_aspect,positive,no_aspect,True,2B_LLM,llama3.1_fewshot,train
llm_2b_155,"Lipstik ini bikin aku kecewa, warnanya pucat banget di bibir, kurang pigmented sehingga enggak kelihatan. Maklum aja, saya pilih warna merah muda, tp hasilnya warna putih kekuning-kuningan gitu. Warna bibir saya agak gelap jadi lipstik ini ngelirat makin pucat. Kalau mau lipstik tipis-tipis juga enggak masalah, tapi enggak boleh pucat-pucat gitu kan?",24H Melt-In Moisture,Nivea,negative,no_aspect,no_aspect,positive,no_aspect,True,2B_LLM,llama3.1_fewshot,train
llm_2a_PRICE_negative_4,"Gue kecewa sama lipstick ini! Gue pikir harga 70 ribu rupiah terlalu mahal untuk kualitas yang ga beda jauh dengan lipstik biasa. Teksturnya cenderung keras dan nggak nyaman dipakai panjang waktu, plus warnanya agak susah dipadukan sama kulit bibir gue. Dibandingin dengan lipstik lain yang harganya lebih miring, gue rasa ini ga worth it deh...",24H Melt-In Moisture,Nivea,neutral,no_aspect,positive,positive,negative,True,2A_LLM,llama3.1_fewshot,train
llm_2b_417,"aku mencoba lip cream maybelline ini, tapi rasanya terlalu berat dan lengket di bibir. Setelah beberapa jam, kulit bibirku jadi kering dan pecah-pecah, kayak gigitan kutu. Aroma yang biasa aja, tidak menyenangkan. Kualitasnya murahan juga, cuma bisa bertahan beberapa jam saja. Belum pernah mencoba lip cream lain, tapi lip cream ini bakal aku hindari ke depan.",24H Melt-In Moisture,Nivea,no_aspect,no_aspect,negative,positive,no_aspect,True,2B_LLM,llama3.1_fewshot,train
llm_2b_420,"Saya akhirnya menemukan lip gloss yang tepat untuk saya! Warna merah muda cantiknya benar-benar vibrant dan pigmented, cocok banget untuk digunakan sehari-hari. Aplikasinya mudah dan tidak lengket, membuat saya merasa nyaman menggunakan selama hari panas. Bibir saya pun terlihat lebih segar dan cerah setelah diolesi lip gloss ini. Benar-benar merekam produk favorit saya!",Oh My Glam Mattelast Lip Cream,Omg,positive,no_aspect,no_aspect,no_aspect,no_aspect,True,2B_LLM,llama3.1_fewshot,train
llm_2b_17,"Aku akhirnya bisa menemukan lip balm yang sesuai dengan selera aku, tapi sayangnya nggak untuk warna ini. Lip balm ini mempunyai aroma strawberry yang enak banget, tapi soal warnanya? Tipis banget! Kalau aku pakai, warnanya nggak kelihatan apa2 di bibir aku. Bisa diibaratkan seperti cat biasa gitu, cuma tipis-tipis aja. Jadi, aku enggak bisa kasih rekomendasi yang maksimal. Tapi, kalau kamu mau nyari lip balm yang lembut dan aromatik, mungkin kamu bisa coba produk ini!",Oh My Glam Mattelast Lip Cream,Omg,negative,no_aspect,positive,neutral,positive,True,2B_LLM,llama3.1_fewshot,train
llm_2a_LONGEVITY_neutral_11,"Saya suka lip balm ini karena teksturnya lembut dan ringan. Warnanya senada dengan bibirku juga. Tapi saya rasa daya tahan lip balm ini cukup biasa saja, bisa bertahan hingga beberapa jam tapi setelah itu sudah mulai pudar. Kalo saya ingin look yang tetep, bisa di-reapply lagi. Wangi yang manis dan enak banget!",24H Melt-In Moisture,Nivea,no_aspect,neutral,no_aspect,positive,no_aspect,True,2A_LLM,llama3.1_fewshot,train
llm_2b_451,"Pemakaian ini sungguh-sungguh awet! Saya nggak perlu reapply lipstik setelah makan atau minum. Warna lipstiknya tidak mudah tumpul atau terpindah ke atas gigi atau kulit wajah. Teksturnya lembut dan gampang dibawa kemana-mana. Harganya juga oke, cuma 30rb aja. Belanjaannya pun gampang di online shop. Cocok untuk saya yang sibuk dan suka lipstik yang awet.",Oh My Glam Mattelast Lip Cream,Omg,no_aspect,positive,positive,no_aspect,positive,True,2B_LLM,llama3.1_fewshot,train
llm_2b_14,"Wah, aku suka banget sama lipstick ini! Warna merah muda cantiknya membuat bibirmu terlihat lebih cerah dan segar. Pigmentasi warnanya super bagus, jadi tidak ada hasilnya hilang atau kusam. Teksturnya lembut dan mudah diolesi, jadi kamu bisa mendapatkan hasil yang maksimal. Bibirku yang biasanya kurang pigmen sekarang terlihat lebih vivid dan hidup dengan lipstick ini. Aroma wangi alaminya juga membuatku nyaman menggunakan produk ini. Kualitasnya memang mahal, tapi worth it untuk hasilnya yang benar-benar memukis!",24H Melt-In Moisture,Nivea,positive,no_aspect,positive,positive,no_aspect,True,2B_LLM,llama3.1_fewshot,train
llm_2b_227,"Aku tertarik dengan lip cream ini karena designnya yang unik, ada logo cantik di tengah-tengahnya. Tapi sayangnya, hasilnya kurang sesuai dengan apa yang aku harapkan. Warna lembut putihnya membuat bibirmu terlihat kusam, gaada pigmen yang cukup untuk menutup garis bibirku. Bener-bener enggak ada efek tipisnya, jadi terkesan gatel dan kurang dramatis.",Baby Lips Love Color,Maybelline,negative,positive,no_aspect,positive,no_aspect,True,2B_LLM,llama3.1_fewshot,train
llm_2a_PRICE_negative_6,"Aku kurang puas dengan lipstik ini karena harganya terlalu mahal untuk apa yang ditawarkan. Tapi sayangnya, teksturnya agak keras dan susah dimengerti oleh kulit bibirku. Warna yang aku beli juga tidak sesuai sama dengan foto di online store. Bisa dibilang ini lipstik biasa aja sih, nggak ada keistimewaannya, tapi harga lumayan membuatku terkecewa",24H Melt-In Moisture,Nivea,neutral,positive,no_aspect,neutral,negative,True,2A_LLM,llama3.1_fewshot,train
llm_2b_384,"Saya suka sekali dengan lip balm ini! Warna merah naturalnya pas banget buat saya, tidak terlalu kuat tapi tidak terlalu lembut juga. Bibir saya terlihat cerah dan sehat saat mengenakannya, dan efeknya bertahan cukup lama. Saya pikir saya akan repurchase jika produk ini habis!",Baby Lips Love Color,Maybelline,positive,negative,negative,positive,positive,True,2B_LLM,llama3.1_fewshot,train
llm_2b_119,"Aku suka lipstik ini karena teksturnya yang lembut dan ringan di bibir. Warna merah muda cantik membuat aku tampil percaya diri. Bibirku tetap lembab dan lembut setelah memakainya, dan enggak perlu repot-repot diolesi lagi. Saya suka bahwa lipstik ini tidak lengket dan membuat kulit bibirku terlihat lebih sehat.",Oh My Glam Mattelast Lip Cream,Omg,no_aspect,no_aspect,positive,no_aspect,positive,True,2B_LLM,llama3.1_fewshot,train
llm_2b_426,"Lipstick favoritku dari sekarang ini sih lipstik yang satu ini! Warna merah muda cantiknya sangat sesuai dengan kulitku, tidak terlalu terang atau terlalu gelap. Bibirku jadi lebih cerah dan segar dengan menggunakan lipstick ini. Bisa dijadikan sebagai warna harian untuk membuat saya terlihat percaya diri.",24H Melt-In Moisture,Nivea,positive,negative,no_aspect,positive,no_aspect,True,2B_LLM,llama3.1_fewshot,train
llm_2a_PIGMENTATION_negative_1,"Saya beli lip cream ini berharap bisa membuat bibirku tampak cerah tapi hasilnya malah kebalik! Warna yang diwarnai pada wadah merah anggun sih tapi ketika dipakai warna lip creamnya kayak enggak ada apa-apa. Bibirku abis dipake langsung gelap lagi. Selain itu, texturenya agak keras. Saya suka ada sedikit shimmer tetapi kayaknya efeknya terlalu tipis. Lalu, apakah saya mau membeli lagi? Wah, enggak ada keraguan!",Baby Lips Love Color,Maybelline,negative,negative,no_aspect,positive,positive,True,2A_LLM,llama3.1_fewshot,train
llm_2b_277,"Wah, aku suka banget lip cream ini! Lip cream ini bikin bibirku jadi lembab dan sehat, enggak pernah terasa kering atau pecah. Aromanya manis dan segar, membuat aku ingin selalu menggunakannya. Biji-bijinya halus dan mudah diserap, sehingga tidak meninggalkan residu atau kesan greasiness pada bibir. Bibirku tampak lebih berwarna dan seimbang, cocok untuk digunakan sehari-hari!",24H Melt-In Moisture,Nivea,no_aspect,no_aspect,no_aspect,positive,no_aspect,True,2B_LLM,llama3.1_fewshot,train
llm_2a_LONGEVITY_neutral_13,Saya suka dengan lipstick ini karena warna yang cantik dan mudah digunakan. Kita bisa menggunakannya sebagai dasar atau topcoat. Lipstick ini tahan sampai 6 jam di bibir saya dan tidak meninggalkan bekas. Saya lebih suka karena formulanya ringan dan tidak membuat bibir saya kering. Harganya terjangkau juga.,Baby Lips Love Color,Maybelline,positive,neutral,no_aspect,positive,positive,True,2A_LLM,llama3.1_fewshot,train
llm_2b_248,"Saya suka sekali dengan lip cream ini karena teksturnya sangat nyaman dan lembut di bibir saya. Ketika saya mengaplikasikannya, tidak ada rasa lengket atau geli-geli. Finishingnya juga matte bagus, sehingga tidak membuat kulit bibir saya terlihat terlalu kilap. Ukuran wadahnya sedikit besar juga, jadi lebih mudah untuk digunakan. Lip cream ini cocok untuk saya gunakan setiap hari!",24H Melt-In Moisture,Nivea,no_aspect,no_aspect,positive,positive,no_aspect,True,2B_LLM,llama3.1_fewshot,train
llm_2b_379,"Warnanya rose gold, shade yang cantik. Saya suka karena tidak terlalu bold dan tidak terlalu tipis. Produk ini memiliki tekstur halus, sedikit lembut di permukaan bibir. Warna rose gold itu nyaris bisa menyesuaikan dengan jenis kulit muka saya. Aplikasinya mudah dan rata.",24H Melt-In Moisture,Nivea,neutral,no_aspect,positive,neutral,no_aspect,True,2B_LLM,llama3.1_fewshot,train
llm_2a_HYDRATION_neutral_8,"Saya coba coba lip balm satu ini karena sering-sering dilihat orang-orang kebingungan saat membuka tutup kulitnya. Sederhana, mudah digunakan, dan tidak terlalu mahal. Mengandung beberapa bahan pelembab alami yang baik. Di kutub bibir saya, rasa lembapannya lumayan oke, tidak terlalu wangi dan tidak terlalu tidak lembab. Tapi ya, itu sudah cukup untuk saya.",24H Melt-In Moisture,Nivea,neutral,no_aspect,no_aspect,neutral,no_aspect,True,2A_LLM,llama3.1_fewshot,train
llm_2b_408,"aku sukaaaa banget lip cream ini! warnanya cantik, rona tipis-tipis yang bikin aku kelihatan alami, serta tidak akan terhapus setelah makan atau minum. aku bisa memilih warna apa aja sesuai selera aku, dari nude hingga bold, semua ada di sini! lip cream ini tahan lama, aku bisa pakai hingga 5 jam dan masih tetep ok. tidak perlu repackaging atau aplikasi lagi dan lagi. sangat worth beli!",24H Melt-In Moisture,Nivea,no_aspect,positive,no_aspect,positive,no_aspect,True,2B_LLM,llama3.1_fewshot,train
llm_2b_15,"Aku beli lipstik ini karena pengen punya warna unik. Tapi saat digunakan, aku rasa warnanya terlalu tipis dan kurang pigmented. Bibirmu kan pasti masih terlihat ada latar depan bibir. Apalagi kalau kamu suka makan atau minum segala, warnanya akan luntur dan enggak sesuai sama kulit bibirmu. Belum pernah nemuin lipstik yang membuat bibirmu tetep cantik selama berjam-jam.",24H Melt-In Moisture,Nivea,negative,no_aspect,no_aspect,negative,no_aspect,True,2B_LLM,llama3.1_fewshot,train
llm_2b_337,"Warnanya sheer peach, saya suka banget karena tidak terlalu bold tapi masih dapat memberikan tampilan alami pada bibir. Lip balm ini mudah digunakan dan tidak meninggalkan residu berlebih. Teksturnya lembut dan nyaman di bibir. Cocok buat kamu yang ingin memiliki bibir yang lembab dan segar. Kesan awetan juga cukup baik, hanya perlu reapply setelah makan atau minum.",24H Melt-In Moisture,Nivea,neutral,no_aspect,positive,neutral,no_aspect,True,2B_LLM,llama3.1_fewshot,train
llm_2b_463,"Saya suka lip balm ini karena gampang membawa kemana-mana! Warna merah muda alurnya persis pas untuk saya. Tersedia dalam satu size yang gampang dibawa dan harganya murah. Bukan tipis-tipis jadinya, tapi cukup tebal supaya tetep awet. Mudah dioles dan tidak terlalu lembut sehingga aman digunakan sehari-hari.",24H Melt-In Moisture,Nivea,neutral,positive,positive,positive,positive,True,2B_LLM,llama3.1_fewshot,train
llm_2a_TEXTURE_neutral_10,"Baru belanja lip cream ini pas weekend lalu. Teksturnya matte, finishingnya satin. Saya suka kenyamannya, enggak terlalu lembut atau keras. Cocok dipake setiap hari. Banyak warna yang bisa dipilih, saya pilih warna merah muda. Aplikasinya cukup mudah, hanya perlu satu kali aplikasi aja sudah cukup. Bibir tetap lembab walaupun beberapa jam kemudian.",Baby Lips Love Color,Maybelline,no_aspect,no_aspect,neutral,no_aspect,no_aspect,True,2A_LLM,llama3.1_fewshot,train
llm_2b_455,"Saya suka coba lipstik macam-macam, tapi kali ini saya mencoba lipstik matte dengan warna nude pink. Ternyata lipstik ini nyaman digunakan, tidak terlalu berat atau lengket. Warna shades-nya sesuai dengan deskripsi di kotak, tidak terlalu gelap atau terang. Tersedia dalam beberapa pilihan ukuran, mulai dari mini sampai besar. Saya suka karena harganya kompetitif, sehingga cocok untuk penggunaan sehari-hari.",24H Melt-In Moisture,Nivea,neutral,no_aspect,no_aspect,negative,no_aspect,True,2B_LLM,llama3.1_fewshot,train
llm_2b_321,"Baru aja pakai lip tint ini sehari, warnanya pas abis gak sampe beberapa jam. Bener-bener ga kelihatan apaan tuh warna merahnya. Apalagi setelah makan dan minum, langsung luntur kayak main air. Gagal nge-lock warna sih. Paling baik deh pake lip liner dulu biar warnanya lebih tahan.",Baby Lips Love Color,Maybelline,negative,no_aspect,no_aspect,no_aspect,no_aspect,True,2B_LLM,llama3.1_fewshot,train
llm_2b_495,"Aku punya lip balm ini warnanya nude pink, shade yang pas untuk aku. Teksturnya lembut banget, bikin bibirku terasa nyaman. Warna itu tidak terlalu tebal atau terlalu tipis, hasilnya matte. Aroma vanila-enak banget! Lip balm ini cocok dipake siapa aja, dari remaja hingga dewasa. Mesti repurchase deh!",24H Melt-In Moisture,Nivea,neutral,no_aspect,positive,positive,no_aspect,True,2B_LLM,llama3.1_fewshot,train
llm_2b_496,"Woah, saya sih suka banget sama lip balm ini! Setelah menggunakan selama 8 jam, bibir saya masih terlihat lembap dan segar. Saya bisa langsung lanjut ke lipstik tanpa perlu top-up lagi. Cita rasa manis strawberry-nya juga nyaman banget. Bibir saya jadi terlihat lebih sehat dan bersih. Sangat recommended untuk kamu yang suka melembapkan bibir!",24H Melt-In Moisture,Nivea,no_aspect,no_aspect,no_aspect,positive,no_aspect,True,2B_LLM,llama3.1_fewshot,train
llm_2b_96,"Suka banget sama lipstik ini, warnanya super cerah dan pigmented, bikin bibirku terlihat sehat dan cantik! Bisa dipilih dari beberapa warna, aku suka warna coral-nya, jadi bikin kulit wajahku terlihat lebih cerah. Bibirku juga jadi lebih lembab dan halus setelah dipakai, rekomended banget!",24H Melt-In Moisture,Nivea,positive,no_aspect,no_aspect,positive,no_aspect,True,2B_LLM,llama3.1_fewshot,train
llm_2b_57,"Saya suka banget lip gloss ini! Warnanya sangat cerah dan pigmented, mirip dengan gambar di kotaknya. Bibirku terlihat lebih vibrant dan alami. Warna merahnya juga tidak terlalu kuat, sehingga sesuai dengan preferensi saya. Saat dipakai, teksturnya ringan dan tidak lengket, membuatnya nyaman digunakan sepanjang hari. Overall, lip gloss ini cocok banget untuk saya!",Oh My Glam Mattelast Lip Cream,Omg,positive,no_aspect,positive,no_aspect,no_aspect,True,2B_LLM,llama3.1_fewshot,train
llm_2a_PIGMENTATION_negative_5,"Saya sih senangnya dengan teksturnya yang lembut dan tidak kerasa berminyak. Tapi, warnanya emang kurang pigmented ya, membuatku rasa tidak cocok dengan bibirku yang gelap. Bibirku gelap banget, dan lipstik ini mungkin agak terlihat seperti...tipis aja. Warna wadahnya bagus-bagus, tapi kalau saya pakainya, hasilnya pucat-pucat aja.",24H Melt-In Moisture,Nivea,negative,negative,positive,positive,no_aspect,True,2A_LLM,llama3.1_fewshot,train
llm_2a_TEXTURE_neutral_14,"Aku biasanya suka lipstick yang matte, tapi ini lip cream teksturnya cukup unik. Finishnya satin, tidak terlalu keras, tidak terlalu lembut. Aplikasinya mudah, hanya perlu satu kali saja. Kalau saya gunakan, hasilnya tetap lembab selama beberapa jam. Tidak usah repot-repot top-up.",24H Melt-In Moisture,Nivea,no_aspect,no_aspect,neutral,positive,no_aspect,True,2A_LLM,llama3.1_fewshot,train
llm_2b_318,"Saya suka banget dengan lip balm ini! Setiap hari saya menggunakan di pagi dan malam supaya bibir tetep lembap dan sehat. Teksturnya lembut dan mudah diaplikasikan, tak bikin gerah atau lengket. Bibir saya jadi merah alami dan tidak kering setelah menggunakan lip balm ini. Senyum pun terlihat lebih ceria dan segar!",24H Melt-In Moisture,Nivea,no_aspect,no_aspect,no_aspect,positive,positive,True,2B_LLM,llama3.1_fewshot,train
llm_2b_268,"Saya punya lip balm dari Innisfree yang warnanya Strawberry Kiss. Shade-nya sesuai dengan foto di packaging, tidak ada perbedaan. Bibirku rada kecil, warnanya agak tipis-tipis, tapi cukup. Sama kayak warna bibir aslinya, nggak terlalu intens. Tersedia dalam beberapa pilihan warna, termasuk warna classic. Cocok utk mereka yang suka warna netral.",24H Melt-In Moisture,Nivea,neutral,no_aspect,no_aspect,neutral,positive,True,2B_LLM,llama3.1_fewshot,train
llm_2b_135,"Ah, produk ini cukup memuaskan. Formula hidratisasi pada lip balm ini tidak terlalu ekstrim, tetapi masih mampu memberikan sensasi lembab pada kulit bibir. Warna coral pastel yang unik juga berhasil menarik perhatian saya. Cocok untuk digunakan sebagai pemutih alami sebelum menggunakan lipstik lainnya. Sudah saya gunakan beberapa kali, hasilnya relatif baik dan lama. Worth belanjutin pembeliannya.",24H Melt-In Moisture,Nivea,no_aspect,no_aspect,no_aspect,neutral,no_aspect,True,2B_LLM,llama3.1_fewshot,train
llm_2b_165,"Saya suka banget produk lip balm ini karena teksturnya lembut dan wanginya manis. Namun, sayangnya warnanya terlalu pucat sehingga enggak terlalu kelihatan setelah diterapkan. Sepertinya bisa dipadukan dengan lipstik matte supaya enggak terlalu kering di bibir. Untuk harga, sepertinya agak mahal untuk ukuran lip balm biasa.",Baby Lips Love Color,Maybelline,negative,no_aspect,no_aspect,positive,positive,True,2B_LLM,llama3.1_fewshot,train
llm_2b_458,Ga kerasa sih menggunakan lip balm ini sehabis kulit bibirmu masih perlu waktu sebentar supaya warnanya kelihatan. Warna lip balm ini sendiri agak gelap soalnya. Aplikasi juga agak sulit sehingga ga enak lihatnya. Ga bisa digunakan sebagai lip tiner karena warnanya ga cukup pigmented. Bisa dikatakan cuma lip balm biasa aja.,Baby Lips Love Color,Maybelline,negative,no_aspect,negative,negative,no_aspect,True,2B_LLM,llama3.1_fewshot,train
llm_2b_462,"Saya nemu lip cream ini sama sekali enggak mengecewain aku! Warnanya super cerah dan pigmented, bikin bibirku terlihat lebih muda dan seimbang. Pas saya pake di pagi hari, bibirku tetep lembab sampai siang hari, hehe. Warna pinknya juga tidak terlalu mencolok, jadi cocok untuk digunakan sehari-hari. Saya suka banget deh!",Oh My Glam Mattelast Lip Cream,Omg,positive,no_aspect,positive,positive,no_aspect,True,2B_LLM,llama3.1_fewshot,train
llm_2b_198,"Saya lagi suka banget dengan lip cream ini karena warnanya sangat pigmented dan tampilan yang cerah membuat bibirku terlihat lebih segar. Merahnya tidak terlalu tua atau gonjreng, melainkan terlihat alami dan membuat saya ingin mengecatkannya setiap hari. Bibirku juga menjadi lebih lembab dan sihat dengan menggunakan produk ini.",24H Melt-In Moisture,Nivea,positive,no_aspect,no_aspect,positive,no_aspect,True,2B_LLM,llama3.1_fewshot,train
llm_2a_LONGEVITY_neutral_8,"Saya suka belanja lip product murah-murah di pasaran, ini kali saya nemuin lip cream favoritku. Waktu saya pakai lumayan lama, mungkin sekitar 5 jam. Setelah itu warnanya tetap sampe kecil sedikit, tetep ngkilap aja gitu. Bisa jadi, mungkin wajah saya suhu lembab. Wanginya enak, cocok buat pemakaian sehari-hari. Harga terjangkau, jadi siap deh untuk repurchase!",24H Melt-In Moisture,Nivea,neutral,neutral,no_aspect,neutral,no_aspect,True,2A_LLM,llama3.1_fewshot,train
llm_2b_441,"aku suka deh sama lip cream dr swarovski ini! warna merah muda alaminya sesuai banget sama warna kulitku. tidak bikin bibir kering walaupun dipakai lama-lama. teksturnya lembut dan rada lembab, sehingga membuat bibirku tetap sehat dan terawat. bahkan bisa ngilangin kekeringan pada musim dingin.",24H Melt-In Moisture,Nivea,no_aspect,no_aspect,no_aspect,positive,no_aspect,True,2B_LLM,llama3.1_fewshot,train
llm_2b_447,"Saya sangat menyukai lip cream ini! Warna rose goldnya benar-benar cerah dan membuat bibir saya terlihat lebih muda. Pigmentasi yang baik serta kelembaban alami membuat bibir saya tidak pernah kering selama seharian. Tintnya juga sangat rata dan tidak gonjong, cocok untuk digunakan sehari-hari. Saya sangat senang memiliki lip cream ini sebagai andalan untuk melindungi dan menambah warna pada bibir saya!",24H Melt-In Moisture,Nivea,positive,no_aspect,positive,positive,no_aspect,True,2B_LLM,llama3.1_fewshot,train
llm_2b_367,"aku suka banget lipcream ini! warnanya vibrant dan pigmented, jadi bibirmu akan terlihat lebih cerah dan hidup. saya gunakan setiap hari dan hasilnya memuaskan. tidak ada masalah dengan perpaduan warna, cocok banget dengan kulitku yang senyum gelap. bibirku juga terlihat rapi dan lembut, tak ada garis-garis tipis. sangat recommended!",24H Melt-In Moisture,Nivea,positive,no_aspect,no_aspect,positive,positive,True,2B_LLM,llama3.1_fewshot,train
llm_2b_236,"Saya suka lipstik ini karena warnanya cocok untuk kulitku. Warna merahnya tidak terlalu intens atau tidak terlalu tipis, tetapi pas-pasan. Shade ini juga mudah didapatkan di berbagai tempat. Saya menggunakan lipstik ini setiap hari karena hasilnya tidak berubah-buruk dan cocok untuk digunakan sehari-hari. Lipstik ini rasa manis alami, jadi enggak bikin gatal bibirku.",24H Melt-In Moisture,Nivea,neutral,no_aspect,no_aspect,positive,no_aspect,True,2B_LLM,llama3.1_fewshot,train
llm_2b_190,"Saya suka sekali dengan lip balm ini, warnanya yang cerah membuat bibir saya terlihat lebih indah! Pigmentasi warnanya sangat baik, tidak terlalu tipis atau terlalu tebal. Glossy-nya juga membuat bibir saya terlihat plumpy dan sehat. Selain itu, balm ini juga lembabkan bibir saya dengan baik, sehingga tidak terasa kering atau pucat. Ini benar-benar lip balm yang sempurna untuk hari-hari normal!",Baby Lips Love Color,Maybelline,positive,positive,no_aspect,positive,no_aspect,True,2B_LLM,llama3.1_fewshot,train
llm_2a_PRICE_negative_7,"Maaf ya aku kecewa sama lip gloss ini karena mahal banget! Tapi hasilnya gak sesuai dengan harganya sih. Teksturnya keras gitu, ga nyaman dipakai sehari-hari. Warna pun ga stable, setelah beberapa jam udah mulai pudar. Gak worth it lah untuk harganya yang Rp120 ribu. Lagipula, kualitasnya ga beda jauh dengan lip gloss Rp30 ribu.",Oh My Glam Mattelast Lip Cream,Omg,no_aspect,no_aspect,no_aspect,no_aspect,negative,True,2A_LLM,llama3.1_fewshot,train
llm_2b_499,"Saya suka menggunakan lipcream ini karena memberikan kesan alami pada bibir. Warna aslinya natural, tapi kadang-kadang ngecewain aja deh karena warnanya kurang sesuai sama kulit. Saya pilih warna'soft coral' dan rada2 cocok. Bibirku masih bisa terlihat sehat meski saya gunakan lipcream ini tiap hari.",24H Melt-In Moisture,Nivea,neutral,no_aspect,no_aspect,neutral,no_aspect,True,2B_LLM,llama3.1_fewshot,train
llm_2b_304,"Aku beli lip cream ini karena warnanya yang ungu tua, tapi ternyata pas di bibir sih lebih muda lagi. Warnanya masih kuat, enggak langsung ilang, soalnya enggak memiliki warna yang sangat mendalam. Tersedia dalam beberapa shade, tapi aku cuma punya satu warna ini aja. Dijual dengan harga yang wajar.",24H Melt-In Moisture,Nivea,neutral,no_aspect,no_aspect,positive,no_aspect,True,2B_LLM,llama3.1_fewshot,train
llm_2b_19,"Saya akhirnya nemuin lipstik favorit! Warna padamnya bagus, cerah, dan sesuai sama aku, vibes bibirku menjadi lebih vibrant dan fresh gitu. Teksturnya pun pas diaplikasiin ke bibir, tidak terlalu tebal atau tipis. Aroma stoberinya manis dan menyegarkan, nggak bikin aku bingung. Selama beberapa jam, lipstik tetep kuat dan warnanya nggak pudar, saya suka banget deh!",24H Melt-In Moisture,Nivea,positive,negative,negative,positive,no_aspect,True,2B_LLM,llama3.1_fewshot,train
llm_2b_319,"Baru aja beli lipcream ini dan langsung suka banget! Aplikasin gampang banget, cukup dengan satu kali swipe aja sudah warna bibirku tampil cantik. Teksturnya lembut, tidak lengket dan rasanya nyaman di bibir. Saya suka lipcream ini karena bisa membuat kulit bibirku tetap lembab tapi tidak berminyak. Warna shademya juga cocok buat saya, shades peach yang aduuuhh cantik!",24H Melt-In Moisture,Nivea,no_aspect,no_aspect,positive,positive,no_aspect,True,2B_LLM,llama3.1_fewshot,train
llm_2a_PIGMENTATION_negative_18,"Saya tidak suka dengan warna lipstik ini, terlalu pucat dan tidak sesuai dengan warna bibir saya. Ketika saya pakai, warnanya tipis-tipis aja, bukan seperti warna yang terlihat di foto wadah. Bisa-bisa karena warna bibir saya agak gelap ya. Penggunaan moisturizingnya oke, tapi lipstiknya tidak tetap seharian, mulus-mulus luntur.",24H Melt-In Moisture,Nivea,negative,no_aspect,no_aspect,positive,no_aspect,True,2A_LLM,llama3.1_fewshot,train
llm_2b_284,"Enggak tau apa yang salah sama produk ini, tapi lipstik favorit ku ini kayaknya ngelupakan warnanya setelah beberapa jam aja! Bisa-bisa harus sering-sering di-reapply supaya tetap ada. Apalagi kalau sedang musim kemarau atau cuaca panas, lipstik ini langsung luntur gitu. Saya suka warnanya yang bold, tapi sayangnya nggak tahan lama di bibir saya. Warna lunturnya juga membandel banget, membuatnya makin terlihat sembrono!",24H Melt-In Moisture,Nivea,no_aspect,negative,no_aspect,negative,no_aspect,True,2B_LLM,llama3.1_fewshot,train
llm_2b_50,"Saya sangat menyukai lip balm ini, karena itu benar-benar membuat bibir saya terasa lembut dan lembab. Saya memiliki bibir yang sensitif dan rentan terhadap kondisi cuaca, namun setelah menggunakan lip balm ini saya tidak pernah merasa kering atau pecah-pecah lagi. Warna yang dipilih juga cocok dengan preferensi saya, tidak terlalu terang atau gelap. Ini menjadi favorit saya untuk harian!",24H Melt-In Moisture,Nivea,no_aspect,no_aspect,no_aspect,positive,no_aspect,True,2B_LLM,llama3.1_fewshot,train
llm_2b_264,"Baru aja coba lip gloss ini dan aku betah banget! Warna hijau ombre-nya membuat bibirmu keliatan lebih segar dan cerah. Pigmentasinya cukup kuat, tidak pudar setelah beberapa jam. Bibirku terlihat lebih seimbang dan warnanya tetap terjaga. Cocok dipakai sehari-hari, harga juga terbilang murah. Aku sangat puas dengan hasilnya!",24H Melt-In Moisture,Nivea,positive,no_aspect,no_aspect,positive,no_aspect,True,2B_LLM,llama3.1_fewshot,train
llm_2a_PIGMENTATION_negative_11,"Saya kurang puas dengan lip balm ini. Warnanya terlalu tipis dan tidak sesuai dengan bibirku. Ketika saya aplikasikan, rona bibir saya tetaplah putih. Warna pada packaging benar-benar menipu. Saya pikir akan mendapatkan hasil yang cerah, tapi ternyata tidak. Bibir saya masih terlihat kering dan kusam setelah menggunakan lip balm ini.",24H Melt-In Moisture,Nivea,negative,negative,no_aspect,positive,no_aspect,True,2A_LLM,llama3.1_fewshot,train
llm_2a_HYDRATION_neutral_2,"Baru beli lip balm ini hari kemarin dan aku gunain yuk, apa sih hasilnya? Bibirmu pastinya enggak bakal kering, tapi aku tidak bisa bilang lembab banget kayak biasanya. Formulasinya cenderung lightweight dan mengandung vitamin E jadi nggak bakal irit kulitmu. Harganya relatif murah soalnya, cuma Rp15k aja. Siapa tau bisa menjadi lip balm favoritku!",24H Melt-In Moisture,Nivea,no_aspect,negative,no_aspect,neutral,no_aspect,True,2A_LLM,llama3.1_fewshot,train
llm_2b_122,"Saya suka sekali dengan warna honey beige dari lipcream ini! Bibirmu akan terlihat semakin natural dan cerah dengan warna yang sangat pigmented. Apalagi setelah beberapa jam, bibirmu tidak akan menjadi kering karena lipcream ini sangat lembut dan nyaman digunakan.",24H Melt-In Moisture,Nivea,positive,no_aspect,positive,positive,no_aspect,True,2B_LLM,llama3.1_fewshot,train
llm_2b_294,"Aku coba lipstik ini hari kemarin dan rasanya gak nyaman sih. Bibirku pas udah diterapin lipstik ini langsung jadi kering dan pecah-pecah. Aku pake minyak zaitun setelah itu, tapi tetep aja gak ada efeknya. Sekarang bibirku lebih kering daripada semula. Enggak tahu apa salahnya sih lipstik ini, tapi aku ga bisa nggunakannya lagi.",24H Melt-In Moisture,Nivea,no_aspect,no_aspect,no_aspect,negative,no_aspect,True,2B_LLM,llama3.1_fewshot,train
llm_2b_329,"Saya jatuh cinta sama lip gloss ini, teksturnya manis-manis, tidak lengket dan cocok untuk digunakan setiap hari. Warna yang dipilih itu cukup sesuai, tidak terlalu terang ataupun pucat. Bisa membuat bibir terlihat lebih cerah dan sehat secara alami. Saya senang menggunakan lip gloss ini setiap hari, pas untuk office atau sekadar santai dengan teman-teman!",24H Melt-In Moisture,Nivea,positive,positive,positive,positive,no_aspect,True,2B_LLM,llama3.1_fewshot,train
llm_2b_368,"Belum lama pun saya membeli lipstick ini, tapi sudah saya rasa agak kecewa. Warna merahnya cantik sih, tapi sayangnya lipstik ini nggak tahan lama di bibir. Setelah beberapa jam, warnanya udah mulai luntur dan kusam kayak gitu. Saya harus sering-sering apply dan reapply lipstik ini, tapi hasilnya masih belum memuaskan. Bisa-bisa aku lebih suka kalau lipstik ini tahan lama dan tidak mudah hilang.",24H Melt-In Moisture,Nivea,no_aspect,negative,positive,positive,no_aspect,True,2B_LLM,llama3.1_fewshot,train
llm_2b_289,"Aku suka banget warna merah muda ini, ga terlalu bold tapi tetap cerah di mata! Teksturnya smooth dan tidak lengket di bibir, cocok untuk dipake setiap hari. Warna nya juga stable, gak perlu banyak aplikasi. Saya rasa ini pas untuk lipstick sehari-hari, efeknya awet sampai beberapa jam. Belum lupa, aroma frisya-nya juga menyenangkan!",24H Melt-In Moisture,Nivea,positive,no_aspect,no_aspect,positive,no_aspect,True,2B_LLM,llama3.1_fewshot,train
llm_2b_315,Lipstik ini benar-benar membuatku jatuh cinta! Warna merah muda alami yang dihasilkannya sangat sesuai dengan kulitku. Pigmentasi yang kuat membuat bibirku terlihat cerah dan cantik. Saya suka cara pemakaian yang mudah dan nyaman. Lipstik ini benar-benar bagus dan menjadi favoritku!,24H Melt-In Moisture,Nivea,positive,no_aspect,negative,positive,no_aspect,True,2B_LLM,llama3.1_fewshot,train
llm_2b_235,"Aku suka lip cream ini karena warna merah muda yang cerahnya bagus banget! Bibirku jadi terlihat lebih sehat dan glowing. Teksturnya lembut dan nyaman dipakai. Warna yang dihasilkan juga sesuai dengan foto, tidak terlalu intens atau biasa-biasa. Overall, lip cream ini cocok buat harian!",24H Melt-In Moisture,Nivea,positive,no_aspect,negative,no_aspect,no_aspect,True,2B_LLM,llama3.1_fewshot,train
llm_2b_339,"Saya masih suka dengan warnanya coklat muda, tapi sayangnya lip balm ini agak keras pada kulit bibirku setelah beberapa jam digunakan. Warnanya terlihat tetap konsisten coklat muda, tidak terlalu gelap atau pucat. Tersedia dalam beberapa varian shade. Saya rasa cocok untuk orang dewasa yang ingin memiliki tampilan natural.",24H Melt-In Moisture,Nivea,neutral,no_aspect,no_aspect,positive,no_aspect,True,2B_LLM,llama3.1_fewshot,train
llm_2a_TEXTURE_neutral_16,"Saya suka belanja lip cream ini karena warnanya variatif. Teksturnya satin, enggak terlalu keras atau lembut. Finishnya matte plus lembut banget. Aplikasinya cukup mudah, ga perlu dipulas-pulas terlebih dahulu. Kalau ngerasa basah, cukup ambil sedikit aja lip creamnya dan lipat lipat terus sampai lembab gitu. Sepertinya ini juga bisa menjadi favorit saya karena praktis banget",24H Melt-In Moisture,Nivea,neutral,no_aspect,neutral,positive,no_aspect,True,2A_LLM,llama3.1_fewshot,train
llm_2b_234,"Wah, aku suka banget lipstick ini! Warna merah muda yang aku pilih sesuai banget dengan kulitku, dan pigmentasinya sangat baik, sehingga hasilnya tetap cerah meskipun setelah beberapa jam. Finishingnya juga lembut, jadi tidak membuat bibirku terasa kering atau kusam. Pokoknya, lipstick ini sangat rekomended untuk kamu yang ingin memiliki warna bibir yang natural dan tetap cerah sepanjang hari!",24H Melt-In Moisture,Nivea,positive,negative,neutral,negative,no_aspect,True,2B_LLM,llama3.1_fewshot,train
llm_2b_461,"Saya jatuh cinta sama lip cream ini! Saking lembutnya, kulit bibirku menjadi lebih halus dan tidak kering meski digigit angin panas. Tidak ada lagi bintik-bintik merah atau retak-retak akibat kekuratan lemak alami. Warna lipstick tetap stabil dan tidak pudar. Aroma vanila yang manis membuat saya ingin meneruskan penggunaan hingga habis!",24H Melt-In Moisture,Nivea,no_aspect,no_aspect,no_aspect,positive,no_aspect,True,2B_LLM,llama3.1_fewshot,train
llm_2a_TEXTURE_neutral_13,"Barangnya kecil, gampang dimasukin dompet. Teksturnya creamy, biasanya aku aplikasin di bibir pagi hari sebelum makan sarapan. Finishingnya satin aja gitu, tidak glossy atau matte. Lebih nyaman pakainya dibanding lipstick, bikin saya nyaman buat sehari-hari. Belum pernah ada masalah dengan texturenya, cuma perlu aplikasin beberapa kali untuk hasil yang rapi.",Baby Lips Love Color,Maybelline,positive,no_aspect,neutral,positive,positive,True,2A_LLM,llama3.1_fewshot,train
llm_2b_370,"Saya suka lipstik ini karena warnanya super cerah dan pigmented! Bibirku jadi terlihat lebih hidup dan segar. Aroma khas wangi floralnya bikin saya makin semangat. Tahan lama juga, saya tidak perlu repot-repot memakainya lagi setelah makan atau minum. Lebih baik daripada lipstick biasa, ini membuat kulit bibirku tetap lembut dan seimbang.",Oh My Glam Mattelast Lip Cream,Omg,positive,no_aspect,positive,positive,positive,True,2B_LLM,llama3.1_fewshot,train
llm_2b_212,"Saya suka banget sama lipstik ini! Warna peachy yang super cerah membuat saya ingin dipandang sendiri. Pigmentasinya kuat sehingga tidak cepat luntur, tetap terlihat cantik selama hari. Saya sangat puas dengan hasilnya! Bibir saya terlihat lebih hidup dan ceria dengan warna ini. Boleh banget untuk digunakan sehari-hari!",24H Melt-In Moisture,Nivea,positive,no_aspect,no_aspect,negative,no_aspect,True,2B_LLM,llama3.1_fewshot,train
llm_2b_444,"Saya cukup suka dengan warna nude dari lip balm ini, shade soft peachnya memang sesuai dengan warna bibir saya. Saya suka kalau teksturnya tidak terlalu tebal sehingga mudah untuk digunakan setiap hari. Warna soft peachnya juga tampil secara sheer dan tidak terlalu kuat sehingga cocok untuk harian. Kualitasnya baik, tidak terlalu lembut atau terlalu keras.",24H Melt-In Moisture,Nivea,neutral,no_aspect,no_aspect,negative,no_aspect,True,2B_LLM,llama3.1_fewshot,train
llm_2b_466,Aku nggak sabar sekali mau mencobain lipstik ini! Warna merahnya yang cerah dan pigmented bikin aku langsung jatuh cinta. Bibirku yang tadinya biasa-biasa kayaknya makin terlihat fresh dan cantik dengan warna yang rich banget ini. Bibirku jadi terlihat lebih lembut dan seimbang juga. Cocok banget untuk digunakan sehari-hari!,Oh My Glam Mattelast Lip Cream,Omg,positive,neutral,positive,positive,positive,True,2B_LLM,llama3.1_fewshot,train
llm_2b_16,"Baru-baru ini aku coba lip cream ini karena rekomended oleh temenku. Awalnya aku ragu-ragu soal warnanya, lip cremini warna pink yang unik, tidak biasa aku lihat. Tapi ternyata setelah dicoba, lip creminya cukup pigmen sehingga masih kelihatan meski tidak berlebihan. Warnanya juga sesuai dengan apa yang ditunjukkan di kemasan, tidak banyak perubahan. Cukup puas dengan hasilnya.",Baby Lips Love Color,Maybelline,neutral,no_aspect,no_aspect,positive,no_aspect,True,2B_LLM,llama3.1_fewshot,train
llm_2b_224,"Saya pake lipbalm ini setiap pagi untuk melindungi bibir dari sinar matahari dan kelembaban udara. Warna lipbalm ini seperti tipis-tipis dan sesuai dengan bibir saya, tidak terlalu tebal ataupun terlalu tipis. Saya cukup puas dengan hasilnya, tetapi nggak ada kejutan besar juga.",24H Melt-In Moisture,Nivea,neutral,negative,positive,negative,no_aspect,True,2B_LLM,llama3.1_fewshot,train
llm_2a_LONGEVITY_neutral_17,"Siapa coba yang nggak mau lipstick yang warnanya cute dan bisa nyetirahankan waktunya? Lipstick ini sederhana banget, tidak lengket, dan hasilnya tipis aja, jadi cocok utk kulit sensitifku. Wanginya light, ga bikin ngidam banyak. Pakai semua hari, ngga perlu repackaging. Tahan sekitar 6 jam, pas sampe malam masih ok. Reapply kalau perlu.",24H Melt-In Moisture,Nivea,positive,neutral,no_aspect,positive,no_aspect,True,2A_LLM,llama3.1_fewshot,train
llm_2a_PIGMENTATION_negative_8,"Aku suka lip creamnya itu karena moisturizingnya oke, tetapi pigmentasinya kurang sih. Kalau digunakan warnanya nggak ada bedanya dengan kulit bibirku sendiri. Tidak terlalu jelas warna merah yang diharapkan. Bibirku memang agak gelap, tapi kayaknya lip cream ini nggak bisa 'ngelevin' warna apapun.",24H Melt-In Moisture,Nivea,negative,no_aspect,no_aspect,neutral,no_aspect,True,2A_LLM,llama3.1_fewshot,train
llm_2b_90,"aku gak bisa singungin warna lipstick ini, warnanya yang unik membuatku jatuh cinta. Pigmentasinya bagus banget, warna hijau muda ini nyaris terlihat alami di bibirmu. Bibirmu akan tampak lebih cerah dan merah muda setelah digunakan. Lipstik ini tidak membuat bibirmu menjadi berminyak atau terasa lengket. teksturnya lembut juga gak bikin saya gerah.",24H Melt-In Moisture,Nivea,positive,negative,no_aspect,negative,no_aspect,True,2B_LLM,llama3.1_fewshot,train
llm_2b_158,"Saya suka banget dengan lip cream ini! Warna yang saya pilih adalah nude beige dan benar-benar sesuai dengan gambar di website. Pigmentasinya bagus banget, tidak terlalu tipis atau terlalu tebal. Bibir saya terlihat lebih cerah dan merata. Saya bisa menggunakannya sehari-hari tanpa khawatir akan warna yang tidak stabil. Bintik-bintik yang mungkin ada hilang sendiri setelah beberapa jam. Harga yang murah dan mudah ditemukan di pasar.",24H Melt-In Moisture,Nivea,positive,no_aspect,positive,positive,no_aspect,True,2B_LLM,llama3.1_fewshot,train
llm_2b_434,"Aku punya lipstik favorit ini karena warna merah muda cantiknya yang tidak terlalu keras tetapi masih terlihat stylish. Bibirmu akan tampak lebih segar dan siap sedia di pagi hari. Bisa dipakai harian karena tidak lengket dan mudah dirapikan. Senyummu akan terlihat lebih cerah dengan lipstik ini. Aroma manisnya juga menyenangkan! Meskipun harganya sedikit mahal, lipstik ini sangat worth it karena hasilnya memuaskan!",Oh My Glam Mattelast Lip Cream,Omg,positive,no_aspect,positive,positive,positive,True,2B_LLM,llama3.1_fewshot,train
llm_2b_422,"Aku punya masalah besar dengan lipstik ini! Ketika aku apply, rasa lengketnya langsung terasa, kayak ada sesuatu yang menempel di bibirku. Setelah itu, warnanya mulai mengerut dan aku bisa lihat garis-garisnya, kayak cakey banget. Aku juga merasa kulit bibirku jadi kering setelah penggunaan. Gagal lah lipstik ini!",Baby Lips Love Color,Maybelline,no_aspect,no_aspect,negative,no_aspect,no_aspect,True,2B_LLM,llama3.1_fewshot,train
llm_2a_PIGMENTATION_negative_10,"Saya suka teksturnya yang lembut dan moisturizing, tapi sayangnya warna lip balm ini agak tidak sesuai dengan yang saya harapkan. Saat saya aplikasikan, hasilnya jadi pucat dan tipis. Warna merah yang cantik di wadahnya malah tidak terlihat setelah digunakan. Bibir saya memang agak gelap, mungkin itu salah satu alasan kenapa warna lip balm ini terlihat luntur. Memang tidak ada masalah besar, tapi sayang sekali karena kulit bibir saya sedang mengalami masalah kulit kering.",Baby Lips Love Color,Maybelline,negative,no_aspect,negative,no_aspect,no_aspect,True,2A_LLM,llama3.1_fewshot,train
llm_2a_PRICE_negative_18,"Saya kecewa sama lipstik ini karena harganya yang sangat mahal. Dibandingkan dengan kualitasnya, saya rasa tidak worth it. Teksturnya agak keras dan susah dioles tipis-tipis di bibir. Warna-warnanya juga tidak sebanyak yang saya harapkan. Selain itu, formulanya tidak begitu tahan lama sehingga harus sering-sering diolesi lagi. Saya pikir harganya lebih pantas kalau diturunkan sedikit!",24H Melt-In Moisture,Nivea,positive,no_aspect,no_aspect,positive,negative,True,2A_LLM,llama3.1_fewshot,train
llm_2b_159,"Aku suka sekali sama lip care produk ini! Setelah menggunakan lip balm ini, bibirku jadi terlihat lembap dan glowing. Tidak perlu banyak aplikasi pun sudah dapat melembapkan kulit bibirmu. Saya suka sekali karena bisa menjaga kelembaban kulit bibirku tanpa membuatnya terasa lengket atau kotor. Selain itu, teksturnya sangat lembut dan mudah dioleh. Sangat cocok untuk pengguna sehari-hari!",24H Melt-In Moisture,Nivea,no_aspect,no_aspect,no_aspect,positive,positive,True,2B_LLM,llama3.1_fewshot,train
llm_2a_PIGMENTATION_negative_3,"Aku suka dengan teksturnya yang lembut dan tidak kasar, tapi warnanya terlalu tipis untuk saya. Saya memilih warna merah marun, tapi setelah dipakai, warna itu hampir tidak kelihatan. Warna wadahnya juga merah cerah, tapi kalau saya lihat diri sendiri, bibir saya masih hitam karena warna lipstick ini terlalu lemah.",24H Melt-In Moisture,Nivea,negative,no_aspect,no_aspect,positive,no_aspect,True,2A_LLM,llama3.1_fewshot,train
llm_2b_291,"Aku suka sekali lip gloss ini! Bisa bikin bibirku terasa lembab dan seimbang tanpa terlalu mengkilap. Warna yang senada dengan swatch di internet, tidak berubah setelah dipakai. Sangat cocok untuk sehari-hari atau acara formal, karena tidak membuat bibir terlihat berminyak. Lebih baik daripada lip balm lainnya yang sering bikin bibirku menjadi kering. Repurchase!",24H Melt-In Moisture,Nivea,no_aspect,no_aspect,no_aspect,positive,positive,True,2B_LLM,llama3.1_fewshot,train
llm_2b_182,"Saya penggemar lipstik warna coral ini! Warnanya vibrant dan pigmented, cocok banget buat kulitku yang kombinasi warm-cool tone. Lipstik ini ringan dan tidak berat saat digunakan, dan hasilnya cerah dan menambah keindahan wajahku. Saya suka bahwa shade-nya tidak terlalu mencolok, tetapi masih cukup bold untuk menjadi perhatian. Saya sudah pakai beberapa kali dan warna masih tetap kuat sampai akhir hari!",24H Melt-In Moisture,Nivea,positive,no_aspect,positive,positive,no_aspect,True,2B_LLM,llama3.1_fewshot,train
llm_2b_391,aku tidak suka sama lipcream ini karena terlalu lengket dan kering setelah beberapa jam pakai. Teksturnya cakey gitu dan rasanya seperti ada partikel-partikel kasar di dalamnya. Warna merahnya juga kurang intens sehingga tidak membuat aku puas. Aku lebih prefer lipbalm yang ringan dan lembut buat melindungi bibirku.,Baby Lips Love Color,Maybelline,no_aspect,no_aspect,negative,negative,no_aspect,True,2B_LLM,llama3.1_fewshot,train
llm_2b_454,"Aku cukup kecewa dengan hasilnya lip tint ini, karena warnanya sangat tipis dan tidak pigmented. Sepertinya kulit bibirku memang gelap, tapi lip tint ini malah membuatnya semakin pucat. Waktu di olesi tebal, malah terkesan seperti plenoidan dan tidak ada efek warna apa-apa. Aroma strawberry-nya enak, tapi sayangnya efektivitasnya jelek banget. Saya rasa tidak akan repurchase lip tint ini.",Baby Lips Love Color,Maybelline,negative,no_aspect,no_aspect,no_aspect,no_aspect,True,2B_LLM,llama3.1_fewshot,train
llm_2b_124,"Saya nggak bisa mikir hidup tanpa lip cream favorit saya ini! Lip cream ini benar-benar tahan lama dan awet di bibir, tidak mudah hilang meski saya ngemil atau minum. Warna yang cantik dan lembut membuat saya senang pakai setiap hari. Sangat cocok untuk acara formal maupun kasual. Bibirku terlihat sehat dan alami, tak terlalu terlihat ada lip cream apa pun. Suka-suka dengan hasilnya!",24H Melt-In Moisture,Nivea,no_aspect,positive,positive,positive,positive,True,2B_LLM,llama3.1_fewshot,train
llm_2a_LONGEVITY_neutral_1,"Saya nemuin lipstik ini dari salah satu brand kecil yang belum pernah saya cobain sebelumnya. Mungkin itu karena warnanya yang unik dan agak beda dari lipstik lain. Warna merah muda ini sesuai dengan warna kulit saya yang cerah jadi makin kelihatan. Tintnya memang agak tipis, tapi setelah beberapa jam masih tetep nampak. Sayangnya, saya harus reapply lagi supaya warnanya lebih mantab. Bisa dijadikan sebagai lipstik harian!",Baby Lips Love Color,Maybelline,positive,neutral,no_aspect,positive,positive,True,2A_LLM,llama3.1_fewshot,train
llm_2b_225,"Saya cukup puas dengan hasil pembelian lipstik ini! Warna yang saya pilih sangat sesuai dengan foto dan membuat bibirku terlihat lebih cerah dan hidup. Finishing-nya tidak terlalu glossy, jadi masih terlihat alami, tapi tetap mempertegas warna bibirku. Saya bisa menggunakannya setiap hari dan juga saat ada acara formal tanpa khawatir akan terlihat terlalu berlebihan. Cocok banget untuk kulit Asia!",24H Melt-In Moisture,Nivea,positive,no_aspect,positive,positive,no_aspect,True,2B_LLM,llama3.1_fewshot,train
llm_2a_LONGEVITY_neutral_10,"Pernah beli lip cream ini pas liburan, sih udah lupa saya ambil tanggalnya, tapi warnanya masih tetep bagus abis! Kok tahan sampai 6 jam sih kayaknya, ga kelebihan tapi gak perlu repackaging drp juga. Sepertinya cukup baik buat lip cream murah-murahan, karena aja nggak mahal. Pilih ini karna suka teksturnya lembut dan ringan dipakai.",Baby Lips Love Color,Maybelline,no_aspect,neutral,negative,no_aspect,no_aspect,True,2A_LLM,llama3.1_fewshot,train
llm_2a_HYDRATION_neutral_7,"Aku mencoba L'Oreal Colour Riche Ultimate Hydrating Lipstick! Kok bisa sih lipstick ini udah membuat kulit bibirmu lembab setelah digunakan, tapi tidak sebaliknya kayak lip care lainnya. Aku pikir itulah kelebihan formulanya. Warna yang aku pilih, Coral Crush, cocok banget dengan warna alami bibirku. Teksturnya light dan mudah diaplikasikan. Menggunakan beberapa kali aja sudah lembab kayaknya!",Oh My Glam Mattelast Lip Cream,Omg,no_aspect,no_aspect,no_aspect,neutral,positive,True,2A_LLM,llama3.1_fewshot,train
llm_2b_195,"Saya suka sekali dengan lip gloss ini! Warna yang unik dan cantik membuat saya ingin menggunakan setiap hari. Pigmentasi sangat baik, tidak terlalu tipis atau terlalu tebal, sehingga hasilnya tampak alami. Teksturnya lembut dan tidak berminyak, tetap terlihat vibrant selama beberapa jam. Saya senang dengan aroma manis yang menyenangkan. Overall, lip gloss ini benar-benar memenuhi harapan saya!",24H Melt-In Moisture,Nivea,positive,no_aspect,negative,negative,no_aspect,True,2B_LLM,llama3.1_fewshot,train
llm_2b_219,"Benar-benar suka dengan hasilnya! Lipstick ini membuat bibirku terlihat lebih cerah dan warna alami, tidak terlalu mencolok tapi tetap bold. Pigmentasinya sangat baik, warna masih tetap setelah beberapa jam. Harganya juga ramah di kantong. Enggak salah kalau aku akan beli lagi!",24H Melt-In Moisture,Nivea,positive,no_aspect,no_aspect,positive,positive,True,2B_LLM,llama3.1_fewshot,train
llm_2b_94,"Aku baru coba lip cream ini dan aku jatuh cinta! Warna pinknya sangat cantik dan sesuai dengan gambar di kotaknya. Bibirmu akan terlihat sehat dan plump dengan hasilnya. Pigmentasinya tidak terlalu tipis, tapi masih natural dan alami. Teksturnya lembut dan menyegarkan, membuatku ingin menggunakan setiap hari. Aku benar-benar menikmati kesegaran dan keharuman dari lip cream ini!",Baby Lips Love Color,Maybelline,positive,negative,no_aspect,positive,no_aspect,True,2B_LLM,llama3.1_fewshot,train
llm_2b_31,"Saya senyum sepanjang hari setelah menggunakan lipcream ini! Warna merahnya sangat vibrant dan sesuai dengan foto, tidak terlalu pucet atau lembut. Teksturnya rich dan merata, membuat bibirku terlihat lebih cerah dan sehat. Saya suka efek glossynya yang membuat bibirku plumpy. Lipcream ini benar-benar worth untuk digunakan setiap hari!",24H Melt-In Moisture,Nivea,positive,no_aspect,no_aspect,no_aspect,no_aspect,True,2B_LLM,llama3.1_fewshot,train
llm_2b_488,"Saya akhirnya mencoba lipstick favorit ini setelah berencana selama beberapa minggu! Warna yang dipilih pun asli bikin aku senyum, tapi... sayangnya, lipstick ini ternyata cuma bertahan di wajah saya sekitar 2 jam aja! Setelah itu, warna langsung mulai pudar dan tekstur menjadi kering gitu. Aku harus sering-sering di-touch up agar warna tidak pucat. Tidak ada masalah besar lainnya sih, tapi kayaknya ini bukanlah lipstik yang ideal untuk saya.",24H Melt-In Moisture,Nivea,no_aspect,negative,no_aspect,positive,no_aspect,True,2B_LLM,llama3.1_fewshot,train
llm_2b_375,"aku suka sekali sama lip balm ini! Setelah saya gunakan lip balm ini pada malam hari, bibir saya terasa lembut dan lembap saat bangun pagi. Tidak ada perlu menggunakan pelembab lagi! Warna lip balm ini juga pas untuk kulit bibirku yang cerah. Rasa manis strawberry-nya enak banget, bikin saya semangkin senyum. Bibirku sekarang selalu terlihat sehat dan lembap",24H Melt-In Moisture,Nivea,no_aspect,no_aspect,no_aspect,positive,no_aspect,True,2B_LLM,llama3.1_fewshot,train
llm_2b_74,"Saya suka banget menggunakan lip balm ini karena sangat efektif membuat bibir saya terasa lembab dan segar. Warna yang netral dan tidak terlalu kelihatan, cocok untuk harian sehari-hari. Bibir saya tidak pernah terasa kering atau pecah-pecah setelah menggunakan lip balm ini. Harganya juga cukup ramah kantong. Overall, saya merekomendasikan lip balm ini untuk siapa saja yang ingin memiliki bibir lembab dan sehat.",24H Melt-In Moisture,Nivea,no_aspect,no_aspect,no_aspect,positive,positive,True,2B_LLM,llama3.1_fewshot,train
llm_2b_433,"Saya suka banget sama lipstik ini! Warna-nya sangat cerah dan pigmented, tepat seperti apa yang ditunjukkan pada gambar produk. Setelah saya aplikasikan, warnanya tidak pudar bahkan setelah beberapa jam. Saya memiliki kulit dengan undertone hangat, tapi lipstik ini terlihat sangat sesuai dengan warna kulit saya. Bibir saya tampak lebih baik dengan warna yang rimbun dan mungkin karena tidak memiliki efek dry-out yang kuat. Harga yang kompetitif membuat saya semakin senang dengan pilihan ini!",Baby Lips Love Color,Maybelline,positive,positive,negative,positive,positive,True,2B_LLM,llama3.1_fewshot,train
llm_2b_95,Aku suka lipstik ini karena warnanya pas sekali sama dengan kulit bibirku. Tersedia dalam shade nude yang lembut. Bisa digunakan untuk sehari-hari tanpa perlu banyak repot-repot. Lipstik ini enggak membuat bibirku kering dan tidak lengket. Cukupan aja lah.,24H Melt-In Moisture,Nivea,neutral,no_aspect,no_aspect,positive,no_aspect,True,2B_LLM,llama3.1_fewshot,train
llm_2b_132,"Aku mau share pengalaman aku sama lip gloss ini. Awalnya aku pikir ini produk hydrating, tapi ternyata malah bikin bibirku lebih kering. Saat mulai menggunakan, teksturnya mirip bubuk dan rasanya agak pedas. Setelah beberapa jam, bibirku jadi pecah-pecah dan kulitnya jadi kering. Aku nggak tahu kenapa kok bisa gitu, cuma aku tahu aku nggak akan beli lagi lip gloss ini",Baby Lips Love Color,Maybelline,no_aspect,no_aspect,no_aspect,negative,no_aspect,True,2B_LLM,llama3.1_fewshot,train
llm_2b_79,"Aku ga suka deh sama lip cream ini. Teksturnya lengket banget pas diaplikasikan ke bibir. Aku harus oleskan beberapa kali biar rasa lengketnya hilang, tapi masih terasa kayak ada lapisan tipis di atas kulit bibir. Selain itu, warnanya pun nggak kuat banget jadi cuma kelihatan sebentar aja. Sekedar pake hari biasa aja udah rasanya cukup. Ga worth buat investasi juga sih.",Baby Lips Love Color,Maybelline,no_aspect,no_aspect,negative,no_aspect,no_aspect,True,2B_LLM,llama3.1_fewshot,train
llm_2b_383,"Aku suka banget produk lipstik ini! Warna cerahnya makin membuat bibirmu makin glowing dan cantik. Pigmentasi warna sangat baik, enggak pudar atau ngelitik setelah beberapa jam. Bisa dibilang warnanya bold dan vibrant, cocok untuk pesta atau acara formal. Teksturnya lembut dan nyaman dipakai harian, membuatku selalu ingin menggunakan lagi dan lagi!",24H Melt-In Moisture,Nivea,positive,no_aspect,no_aspect,negative,positive,True,2B_LLM,llama3.1_fewshot,train
llm_2a_LONGEVITY_neutral_6,"Saya senang sekali menggunakan lip cream ini! Tidak perlu aplikasi berlebihan karena warna akan tetap kuat setelah beberapa jam. Sudah dapat bertahan sampai makan siang tanpa harus direapply. Pengalaman saya dengan produk ini memang tidak melelahkan. Kualitasnya bagus, wangi alami, dan harganya masuk akal.",24H Melt-In Moisture,Nivea,neutral,neutral,no_aspect,neutral,positive,True,2A_LLM,llama3.1_fewshot,train
llm_2b_125,"aku lagi suka-suka lip tint dari Laneige ini, warnanya sangat cerah dan pigmented sekali. bibirku jadi merah muda alami dan makin terlihat glowing. teksturnya lembut, enggak lengket, dan bikin bibirku tetap lembab sepanjang hari. aku seneng banget pakainya karena warna permanen, tidak cepat hilang. lip tint ini cocok untuk semua aktivitas sehari-hari!",24H Melt-In Moisture,Nivea,positive,positive,no_aspect,positive,positive,True,2B_LLM,llama3.1_fewshot,train
llm_2b_144,"Saya suka sekali dengan warna ini, sangat pigmented dan membuat bibir saya tampak lebih cerah! Tidak terlalu berat atau lengket, cocok untuk dipakai sehari-hari. Warna merahnya juga tidak terlalu kuat sehingga bisa digunakan oleh semua jenis kulit. Saya bisa mendapatkan hasil yang natural dan seimbang.",24H Melt-In Moisture,Nivea,positive,no_aspect,no_aspect,positive,no_aspect,True,2B_LLM,llama3.1_fewshot,train
llm_2b_251,"Saya suka banget sama lip cream ini! Warna merah alami gitu, bikin bibir saya terlihat lebih cerah dan vibrant. Pigmentasinya kuat, tidak mudah luntur. Saya pakai setiap hari tanpa harus repot-repot repackaging, hasilnya teteplah sama baiknya. Bibir saya juga terlihat lebih sempurna dengan warna yang natural dan merata.",24H Melt-In Moisture,Nivea,positive,no_aspect,no_aspect,no_aspect,no_aspect,True,2B_LLM,llama3.1_fewshot,train
llm_2b_194,"Saya suka banget dengan warna lip cream ini! Bibir saya tampak lebih cerah dan bercahaya setelah aplikasi. Pigmentasi sangat baik dan teksturnya tidak terlalu lembut, jadi masih terlihat alami. Warnanya tidak mudah luntur dan tetap kuat sepanjang hari. Saya sangat puas dengan hasilnya!",24H Melt-In Moisture,Nivea,positive,no_aspect,no_aspect,positive,positive,True,2B_LLM,llama3.1_fewshot,train
llm_2b_429,"Saya suka banget dengan lipstik ini! Warna yang saya pilih, coral pink, sangat cerah dan pigmented, jadi membuat bibir saya terlihat lebih hidup. Ketika saya aplikasikan lipstik, warnanya masih merata dan tidak mudah hilang. Saya bisa dengan mudah untuk mendapatkan hasil yang natural dan stylish. Lipstik ini benar-benar sempurna!",Baby Lips Love Color,Maybelline,positive,no_aspect,no_aspect,no_aspect,no_aspect,True,2B_LLM,llama3.1_fewshot,train
llm_2a_PRICE_negative_0,"Saya nggak terlalu suka dengan produk lipstik ini karena harganya benar-benar kemahalan! Bayangkan aja kalau kamu bisa dapet lipstik berkualitas dari brand lain dengan harga yang lebih terjangkau. Tapi kayaknya lipstik ini enggak sebanding sama harganya. Teksturnya gitu aja, rada keras di bibir. Pilihan warnanya memang banyak, tapi saya masih belum nemuin warna favorit saya. Saya ga akan merekomendasikan lipstik ini ke teman-teman karena harganya tidak worth it.",24H Melt-In Moisture,Nivea,neutral,no_aspect,no_aspect,neutral,negative,True,2A_LLM,llama3.1_fewshot,train
llm_2b_109,"Saya punya pengalaman buruk dengan lip balm ini! Liputan warnanya terlalu tipis dan sulit terlihat, harus dipakai berkali-kali untuk hasil yang minim. Apalagi kalau makan atau minum, liputan itu langsung luntur. Saya harus selalu aplikasi lagi kalau ingin tampil segar. Wanginya juga kurang kuat, enggak membuat saya terkesan nyaman. Tidak recommended untuk kamu yang suka tampil tahan lama!",24H Melt-In Moisture,Nivea,no_aspect,negative,no_aspect,negative,no_aspect,True,2B_LLM,llama3.1_fewshot,train
llm_2b_453,Aku suka lihat diriku sendiri dengan warna bibir yang cerah dan terlihat sangat healthy dengan produk lip gloss ini. Warna merah muda yang tebal ini membuatku terlihat percaya diri. Bibirmu akan menjadi lebih terawat dan lembut dengan teksturnya yang lembut. Aku pikir warna yang bold ini cocok untuk kamu yang suka memiliki tampilan sederhana tapi masih ingin tetap terlihat cantik.,Oh My Glam Mattelast Lip Cream,Omg,positive,positive,positive,negative,positive,True,2B_LLM,llama3.1_fewshot,train
llm_2b_439,"Saya sangat senang menggunakan lip gloss ini! Warna bibir saya jadi lebih cerah dan vibrant, seperti warna di kutipan produsen. Pigmentasi lip gloss ini bagus, jadi hasilnya tidak mengecil-kemil. Bibir saya terlihat lebih lembut dan segar. Saya pakai lip gloss ini untuk acara formal maupun kasual, selalu membuat saya rileks karena tahu bibir saya akan terlihat sempurna.",24H Melt-In Moisture,Nivea,positive,no_aspect,no_aspect,no_aspect,positive,True,2B_LLM,llama3.1_fewshot,train
llm_2b_121,"Saya membeli lipstik ini karena teman saya merekomendasikan. Warnanya biru muda, tidak terlalu terang atau gelap. Tersedia dalam beberapa shade. Saya gunakan sebagai lip liner untuk memberikan efek dasar pada bibirku. Lipstik ini lembut dan tidak membuat bibirku terasa keras. Cocok digunakan setiap hari.",24H Melt-In Moisture,Nivea,neutral,negative,no_aspect,positive,no_aspect,True,2B_LLM,llama3.1_fewshot,train
llm_2b_396,"Aku nggak terlalu suka sama lip gloss ini karena teksturnya yang cakey banget. Pas dipaken, warna lip gloss langsung muncul secara tidak rapi di bibirku. Aku harus aplikasinya banyak kali biar bisa samarin sedikit. Selain itu, teksturnya juga terasa agak berat sehingga aku harus pakai kuas lip liner supaya lebih rapi. Gak nyaman aja deh.",Baby Lips Love Color,Maybelline,no_aspect,no_aspect,negative,positive,positive,True,2B_LLM,llama3.1_fewshot,train
llm_2b_27,"Saya suka sekali sama lip balm ini! Teksturnya halus dan enggak berat di bibir, membuat saya nyaman menggunakannya setiap hari. Bibirku tampak lembut dan tidak kering meskipun di luar ruang udara kering. Lip balm ini juga memiliki aroma manis yang enak, sehingga saya suka pakainya saat siang hari. Overall, sangat recommended bagi yang cari lip balm yang efektif dan nyaman digunakan!",24H Melt-In Moisture,Nivea,no_aspect,no_aspect,no_aspect,positive,neutral,True,2B_LLM,llama3.1_fewshot,train
llm_2b_335,"aku suka lipstik ini karena melembapkan bibirku seharian! saya bisa menggunakannya sendiri atau memberikannya kepada putriku, dia suka warna rose-y-nya. kulit bibir putriku menjadi lebih seimbang dan tidak pernah kering meski di rumah atau di luar. sayangnya, perlu direfresh secara berkala agar lembapan tetap terjaga.",24H Melt-In Moisture,Nivea,no_aspect,no_aspect,no_aspect,positive,no_aspect,True,2B_LLM,llama3.1_fewshot,train
llm_2a_HYDRATION_neutral_17,"Saya suka dengan cara aplikasinya mudah dan tidak lengket. Kental tapi enggak terlalu padat. Bibirmu mungkin masih perlu waktu buat lembab benar-benar tapi hasilnya lumayan. Kelembaban stabil sepanjang hari. Sama kayak lip balm biasa, toh. Tidak ada hal istimewa, tapi juga tidak ada hal buruk.",24H Melt-In Moisture,Nivea,positive,no_aspect,no_aspect,neutral,no_aspect,True,2A_LLM,llama3.1_fewshot,train
llm_2b_369,"Saya mencoba produk lip gloss dari Dior yang warnanya sheer coral,shade tidak terlalu mencolok tetapi juga enggak terlalu polos. Teksturnya lembut dan gampang aplikasi. Baunya manis seperti permen pastel. Bibir saya jadi terlihat lebih cerah dan alami. Walaupun ketahanannya enggak seharian, lip gloss ini cukup tahan lama untuk ukuran produk biasa.",Baby Lips Love Color,Maybelline,neutral,negative,no_aspect,negative,no_aspect,True,2B_LLM,llama3.1_fewshot,train
llm_2a_LONGEVITY_neutral_3,"Saya punya lipstick favorit abis! Warna rose pinknya cocok buat kombinasi kulit wajahku yang cerah. Teksturnya lembut banget, tidak keras atau kasar. Ketahanannya lumayan bagus, bisa tahan sampai 6 jam di luar ruangan, tapi tidak tahan terlalu lama dekat air laut atau di tempat yang lembab. Cuma perlu reapply beberapa kali sepanjang hari. Belinya juga hemat kok, jadi recommended buat kamu yang cari lip product murah tapi berkualitas!",24H Melt-In Moisture,Nivea,no_aspect,neutral,no_aspect,positive,no_aspect,True,2A_LLM,llama3.1_fewshot,train
llm_2b_430,"Saya suka dengan hasil warna classic red dari lip balm ini,shade yang sesuai untuk saya. Tersedia dalam beberapa pilihan warna yang bisa dipilih. Sesuai dengan apa yang ditawarkan, produk ini membuat bibir menjadi lembab selama beberapa jam. Sayangnya, efeknya tidak bertahan lama ketika saya melakukan aktivitas yang intens.",24H Melt-In Moisture,Nivea,neutral,no_aspect,no_aspect,positive,no_aspect,True,2B_LLM,llama3.1_fewshot,train
llm_2b_479,"Saya sih penggemar lipstik natural, tapi L'Oreal Colour Riche ini membuat saya penasaran! Warna 'Rosewood'nya super cerah dan sesuai dengan kulit saya, tidak perlu banyak lipstik lain untuk mencapai efek ini. Pigmentasi padat, tapi tidak terlalu bold, cocok banget untuk office look sehari-hari. Lebih baik daripada lipstik konvensional, ini memberikan kilau yang soft dan kelembaban alami, membuat bibir terlihat lebih sehat dan berwarna. Saya senang!",24H Melt-In Moisture,Nivea,positive,no_aspect,positive,positive,no_aspect,True,2B_LLM,llama3.1_fewshot,train
llm_2b_209,"Akhirnya nemuin lip balm favoritku! Warnanya bagus-bagus, gak terlalu shiny tetapi masih ada sedikit kilauan yang cantik. Bibirku terlihat cerah dan segar setelah dipakai. Aroma vanila-nya sangat menyenangkan juga. Repurchase? Pasti!",24H Melt-In Moisture,Nivea,positive,no_aspect,positive,neutral,positive,True,2B_LLM,llama3.1_fewshot,train
llm_2b_129,"Aku jatuh cinta sama lipstik ini! Warna yang aku pilih sangat cerah dan pigmented, jadi bibirku terlihat lebih hidup dan alami. Teksturnya juga lembut dan mudah diolesi, sehingga hasilnya tampaknya merata dan tak terlalu tebal. Bibirmu akan terlihat sehat dan cantik dengan lipstik ini!",24H Melt-In Moisture,Nivea,positive,neutral,positive,no_aspect,no_aspect,True,2B_LLM,llama3.1_fewshot,train
llm_2b_146,"Aku suka banget lip gloss ini! Teksturnya sangat halus dan lembut di bibir, sehingga aku merasa nyaman pakai. Warna-warnanya juga sangat cantik dan bisa memberikan efek glossy yang alami. Aku suka karena lip gloss ini tidak terlalu berminyak dan tahan lama, sehingga aku bisa gunakan setiap hari tanpa perlu repot-repot ulang. Kualitasnya juga bagus, jadi aku sangat recomended!",Oh My Glam Mattelast Lip Cream,Omg,no_aspect,no_aspect,positive,no_aspect,positive,True,2B_LLM,llama3.1_fewshot,train
llm_2b_295,"Aku mencoba lipstik ini beberapa hari dan nggak sabar-sabar ingin review deh! Lipstik ini sungguh-sungguh tahan lama banget, aku bisa menggunakan sepanjang hari tanpa perlu reapply lagi. Bahkan kulit bibirmu pun nggak akan merubah warna lipstik ini meski kamu makan atau minum. Bisa dibilang lipstik ini tahan air, ahh! Aku nggak perlu khawatir kulit bibirmu akan kering karena memiliki sifat moisturizing yang kuat juga. Overall, lipstik ini sangat worth investasi!",24H Melt-In Moisture,Nivea,no_aspect,positive,positive,positive,no_aspect,True,2B_LLM,llama3.1_fewshot,train
llm_2a_TEXTURE_neutral_1,"Baru belanja ini lip cream dari brand X, saya suka dengan bentuknya yang sederhana dan mudah dibawa. Teksturnya creamy dan finishnya satin. Waktu aplikasi, rasa lembutnya membuat kulit bibir tetap terhidrasi. Meskipun memiliki kelebihan ini, saya masih perlu topeng dengan lip balm agar lembabnya tetap.",Baby Lips Love Color,Maybelline,positive,negative,neutral,positive,positive,True,2A_LLM,llama3.1_fewshot,train
llm_2b_191,"Saya suka banget lipstik ini! Warna orange yang cantik membuat saya terkesan vibrant dan percaya diri. Pigmentasinya juga bagus, tidak terlalu transparan sehingga hasilnya tetap kuat. Bibir saya terlihat lebih cerah dan seimbang setelah dipakai. Tekstur yang lembut dan tidak berminyak juga membuatnya nyaman digunakan. Overall, lipstik ini benar-benar recomended untuk siapa pun yang ingin memiliki bibir yang cerah dan seimbang!",24H Melt-In Moisture,Nivea,positive,no_aspect,positive,positive,positive,True,2B_LLM,llama3.1_fewshot,train
llm_2b_413,"gue punya masalah dengan lipstick ini, selain warnanya tidak tahan lama, kulit bibirku juga makin kering pas gunakan. gue rasa teksturnya lumayan keras gitu, pas nggunakn'nya langsung bikin bibir kering dan pecah-pecah. kurang cocok lah untuk gw yg udah punya masalah bibir kering",24H Melt-In Moisture,Nivea,no_aspect,no_aspect,no_aspect,negative,no_aspect,True,2B_LLM,llama3.1_fewshot,train
llm_2b_12,"Saya suka lipstik ini karena warnanya yang cerah dan pigmented, hasilnya sama seperti di foto! Bibir saya jadi lebih merah dan vibrancy banget. Aplikasi lipstiknya mudah dan tidak lengket, harganya pun terjangkau. Lebih baik lagi, tidak membuat bibir saya berminyak atau mengeringkan kulit bibir saya. Saya sangat puas dengan pembelian ini!",24H Melt-In Moisture,Nivea,positive,no_aspect,positive,positive,no_aspect,True,2B_LLM,llama3.1_fewshot,train
llm_2b_230,"Wow, aku sangat terkesan dengan lip cream ini! Warna merah muda yang lembut membuatku merasa percaya diri. Pigmentasinya bagus banget, tidak berantakan dan tetap cerah hingga beberapa jam. Aku memiliki kulit bibir yang agak sensitif, tapi lip cream ini tidak menyebabkan iritasi atau reaksi negatif lainnya. Kualitasnya memuaskan!",24H Melt-In Moisture,Nivea,positive,no_aspect,positive,positive,no_aspect,True,2B_LLM,llama3.1_fewshot,train
llm_2b_51,"aku suka ama lipstik ini karena aroma wangi dan teksturnya lembut sih, tapi sayangnya warnanya nggak sesuai di bibirku, pake aja tipis-tipis dan langsung luntur. pas dipakai lebih dari 2 jam, makin abu-abu dan nggak ada apa-apanya. saya rasa ini cuma cocok buat kamu yang ingin lipstik tipis dan lembut, tapi kalau kamu cari hasil long lasting, nggak usah pilih ini deh.",24H Melt-In Moisture,Nivea,negative,negative,no_aspect,positive,no_aspect,True,2B_LLM,llama3.1_fewshot,train
llm_2b_380,Saya punya lip balm ini sejak lama dan masih cukup nyaman digunakan. Warna rose yang dimilikinya sesuai dengan nama produknya. Bibirmu akan tampak cerah dengan nuansa rose yang tidak terlalu intens. Bibitkannya yang lembut juga membuat produk ini tidak terasa berat saat dipakai.,24H Melt-In Moisture,Nivea,neutral,no_aspect,positive,positive,positive,True,2B_LLM,llama3.1_fewshot,train
llm_2b_481,"Ah, aku sangat cinta sama lipstik ini! Warna-bibirku jadi makin cerah dan vibrant setelah memakainya. Pigmentasi yang baik membuat rona alami tetap dipertahankan. Bener-bener cocok untuk aku yang memiliki kulit bibir tipis. Makin lama makin enaknya pakai, warnanya gak pernah berubah jadi kusam atau kurus. Aku suka lipstik ini karena warnanya bold dan tidak berubah meski sudah beberapa jam dipakai.",24H Melt-In Moisture,Nivea,positive,no_aspect,no_aspect,positive,no_aspect,True,2B_LLM,llama3.1_fewshot,train
llm_2b_61,"Saya suka sekali sama lip cream ini! Warna biru muda yang aku pilih terlihat sangat cerah dan natural di bibir. Pigmentasinya bagus banget, tidak terlalu tebal atau tipis. Kombinasinya dengan teksturnya yang lembut membuat bibir terlihat tetap lembab dan seimbang. Sangat cocok untuk sehari-hari!",24H Melt-In Moisture,Nivea,positive,no_aspect,positive,positive,no_aspect,True,2B_LLM,llama3.1_fewshot,train
llm_2b_387,"Aku suka sekali lip gloss ini, warnanya cantik dan tahan lama sih! Bibirmu akan terlihat awet dan merah alami karena tidak pernah kusut. Aplikasinya pun mudah dan tidak lengket, cocok untuk digunakan sehari-hari. Bisa dipilih banyak warna, tapi aku suka shadenya yang pastel. Tidak butuh reapply lagi karena hasilnya awet dan transfer proof! Pokoknya, lip gloss yang satu ini cocok banget!",Oh My Glam Mattelast Lip Cream,Omg,no_aspect,positive,positive,no_aspect,no_aspect,True,2B_LLM,llama3.1_fewshot,train
llm_2b_345,"Aku suka lipstick ini karena harganya super terjangkau! Tidak perlu buang-buang uang banyak untuk tampil cantik. Apalagi warna hitamnya pas banget untuk kulitku. Pigmentasi kuat, tidak cepat pudar. Saya bisa gunakan setiap hari tanpa perlu repot-repot repurchase lagi. Worth it banget!",Oh My Glam Mattelast Lip Cream,Omg,no_aspect,no_aspect,no_aspect,no_aspect,positive,True,2B_LLM,llama3.1_fewshot,train
llm_2b_365,"aku suka lipstik ini karena teksturnya yang sangat lembut dan halus. saat aplikasinya, rasa lembutnya bikin saya merasa nyaman di bibir. apabila digunakan sehari-hari, tidak membuat bibir saya kering dan pecah. walaupun digunakan secara intensif, lipstik ini tetap terlihat bagus dan tidak lengket di bibir.",Oh My Glam Mattelast Lip Cream,Omg,no_aspect,no_aspect,positive,positive,no_aspect,True,2B_LLM,llama3.1_fewshot,train
llm_2a_PIGMENTATION_negative_0,"Kurang pigmented sih warnanya, tapi aku rasa itu karena bibirmu aku abang-abang. Bisa-bisa paling cipratan warnanya aja. Saya cuma bisa lihat warna dasarnya kayak putih transparant gitu, ga kayak lipstik biasa yang punya tekstur kayaknya. Maaf deh, belum pernah belanja di sini lagi.",24H Melt-In Moisture,Nivea,negative,no_aspect,no_aspect,neutral,no_aspect,True,2A_LLM,llama3.1_fewshot,train
llm_2b_464,"gue beli lip gloss ini karena suka warna merah muda yang cantik, tapi sayangnya hasilnya cuma 2 jam aja panjang, langsung luntur dan kering. Gampang transfer juga ke baju atau sendiri, jadi harus pakai lagi setiap saat. Belum puas deh sama performanya.",24H Melt-In Moisture,Nivea,no_aspect,negative,no_aspect,negative,positive,True,2B_LLM,llama3.1_fewshot,train
llm_2a_HYDRATION_neutral_0,"Aku baru coba lipstik ini dan hasilnya lumayan sih, tidak terlalu impresif atau memuaskan tapi cuma sekedar oke aja. Aku rasa teksturnya lembut dan tidak keras pada kulit bibirku. Warna yang dipilih juga cocok sama aku, tidak terlalu intens. Kelembaban tetap ada tapi tidak terlalu melembabkan. Harganya juga lumayan terjangkau. Belum tau akan repurchase atau tidak.",24H Melt-In Moisture,Nivea,neutral,no_aspect,no_aspect,neutral,no_aspect,True,2A_LLM,llama3.1_fewshot,train
llm_2b_392,"Wah, aku suka banget dengan lipcream ini! Pigmentasinya bagus banget, warnanya tebal dan cerah, cocok untuk dijadikan daily look. Saya suka cara aplikasinya juga mudah, tidak lengket dan tahan lama. Warna berry yang saya pilih itu sangat vibrant dan bold, membuat bibirku terlihat cantik. Overall, lipcream ini sangat recomended untuk kamu yang ingin memiliki bibir yang cerah dan berwarna alami!",24H Melt-In Moisture,Nivea,positive,negative,no_aspect,negative,neutral,True,2B_LLM,llama3.1_fewshot,train
llm_2b_361,"Aku suka banget dengan lip gloss ini! Teksturnya nyaman dan ringan di bibir, tidak lengket dan tidak terasa berat. Finishingnya juga matte bagus, tidak terlalu berkilauan tapi tetap terlihat natural. Warnanya juga pas dengan kulitku, lebih alami daripada warna-warna lainnya. Aku suka sekali!",24H Melt-In Moisture,Nivea,no_aspect,no_aspect,positive,positive,positive,True,2B_LLM,llama3.1_fewshot,train
llm_2a_PRICE_negative_12,"Saya kecewa sama harganya lipstik ini, bikin saya ragu-ragu buat membelinya karena terlalu mahal dibanding kualitasnya. Teksturnya agak keras dan susah banget blending. Warna yang saya pilih agak gelap juga tidak sesuai sama warna kulit bibir saya. Harga 70 ribu rupiah untuk lipstik biasa aja ya gitu, tapi kalau soal kualitas... Hmm, lumayan lah.",24H Melt-In Moisture,Nivea,neutral,no_aspect,no_aspect,positive,negative,True,2A_LLM,llama3.1_fewshot,train
llm_2b_34,"Saya suka banget dengan lip balm ini! Bibir saya terlihat tetap cerah dan lembut setelah 6 jam pakai. Warna pinknya juga natural dan tidak berubah menjadi kusam. Saya bisa menggunakannya sehari-hari tanpa perlu reapply terlalu sering. Bahan-bahan alami membuat kulit bibirku tetap sehat dan tidak gatal. Overall, sangat recommended untuk kamu yang ingin memiliki bibir lembut dan cerah sepanjang hari!",Oh My Glam Mattelast Lip Cream,Omg,no_aspect,positive,no_aspect,neutral,no_aspect,True,2B_LLM,llama3.1_fewshot,train
llm_2b_53,"Aku suka banget dengan warna bold ini! Bibirku terlihat lebih cerah dan hidup setelah menggunakan lipstik ini. Pigmentasi warna sangat kuat, sehingga tidak mudah luntur. Warna yang rich dan merata, tidak ada bagian-bagian yang pucat. Sesuai sekali dengan warna yang ditampilkan di gambar produk. Aku rasa puas dengan hasilnya!",24H Melt-In Moisture,Nivea,positive,no_aspect,no_aspect,no_aspect,positive,True,2B_LLM,llama3.1_fewshot,train
llm_2b_305,"Aku lagi cari lipbalm yang bisa membuat bibirku lembap sih, nah lipbalm ini jawabannya! Teksturnya creamy, nggak kaku atau keras, pas di aplikasin juga gampang dibawa. Warna merahnya cantik, sesuai deh sama target ku. Bibirku tipen kering kerontang, tapi setelah penggunaaan ini, rada-rada lembap sih, ga bikin kering kayak lipbalm lainnya. Aroma strawberry-nya enak banget! Bibirku jadi segah sih, cocok buat siapa-siapa aja!",24H Melt-In Moisture,Nivea,no_aspect,no_aspect,no_aspect,positive,no_aspect,True,2B_LLM,llama3.1_fewshot,train
llm_2b_448,"Saya suka banget warna lip gloss ini! Merah intens yang membuat saya tampak percaya diri. Pigmentasi benar-benar baik, tidak pudar setelah beberapa jam. Bibir saya tetap terlihat cerah dan vibrant. Saya suka karena teksturnya lembut dan tidak menimbun di bibir. Aroma manis juga sangat enak! Saya biasanya membeli lip gloss ini untuk kegiatan harian saya. Saya akan repurchase karena hasilnya sungguh-sungguh bagus!",Baby Lips Love Color,Maybelline,positive,no_aspect,no_aspect,positive,positive,True,2B_LLM,llama3.1_fewshot,train
llm_2b_218,"Aku tercinta dengan lip cream ini! Warna merah tua yang unik membuatku terlihat elegant dan percaya diri. Pigmentasi yang baik menjadikannya tetap cerah sepanjang hari, meski aku makan atau minum. Teksturnya lembut dan tidak keras, cocok untuk digunakan harian. Aku senang memiliki lip cream ini sebagai bagian dari koleksi makeupku!",24H Melt-In Moisture,Nivea,positive,no_aspect,no_aspect,positive,positive,True,2B_LLM,llama3.1_fewshot,train
llm_2b_4,"Saya suka banget lip cream ini karena teksturnya super lembut dan halus saat digunakan. Bibirku menjadi lembab dan terlihat lebih cerah setelah beberapa jam menggunakan produk ini. Aplikasinnya juga tidak ribet, bahkan bisa dibawa-bawa ke mana-mana! Saya rasa ini cocok untuk siapa saja yang ingin memiliki bibir yang sehat dan cerah tanpa perlu repot-repot.",24H Melt-In Moisture,Nivea,no_aspect,no_aspect,positive,positive,no_aspect,True,2B_LLM,llama3.1_fewshot,train
llm_2b_333,"Saya jatuh cinta dengan lip gloss ini! Aplikasinya sangat ringan dan nyaman di bibir, tidak membuat kulit kering sama sekali. Teksturnya lembut dan creamy, sehingga saya bisa menikmati hasilnya selama sepanjang hari. Warna yang elegan juga membuatnya makin menarik. Harganya murah dan worth it lah untuk ukurannya! Saya suka banget!",Oh My Glam Mattelast Lip Cream,Omg,no_aspect,no_aspect,positive,no_aspect,positive,True,2B_LLM,llama3.1_fewshot,train
llm_2b_36,"Saya suka sekali dengan lip cream ini! Warna merah muda cerahnya sangat sesuai dengan kulit saya. Bibir saya tampak lebih lembut dan sehat setelah menggunakan produk ini. Tidak berlebihan juga, karena warna tetap stabil sepanjang hari. Harganya terjangkau juga, membuat saya bisa memiliki lip cream favorit ini.",24H Melt-In Moisture,Nivea,positive,no_aspect,positive,positive,no_aspect,True,2B_LLM,llama3.1_fewshot,train
llm_2b_56,"Saya membeli lip balm ini karena temen saya merekomendasikan. Bibirmu kelihatan normal tapi nggak terlalu kering. Warnanya asyik, shades ini cocok untuk hari-hari biasa, tidak terlalu bold atau terlalu tipis. Karena teksturnya lembut, saya suka menggunakannya sebagai top up setelah lip care. Tapi perlu diingat bahwa perawatan bibir masih harus dilakukan secara teratur biar hasilnya lebih optimal.",24H Melt-In Moisture,Nivea,neutral,no_aspect,no_aspect,negative,no_aspect,True,2B_LLM,llama3.1_fewshot,train
llm_2b_381,"Saya suka banget dengan lip balm ini! Warna merahnya bagus banget, tidak terlalu keras atau lembut, tapi cocok untuk saya. Ketika saya pakai lipstik lainnya, warna ini masih muncul dengan baik, sehingga tidak perlu khawatir tentang hasilnya. Bibirku juga terlihat lebih cerah dan seimbang. Saya merekomendasikan produk ini untuk siapa saja yang cari lip balm dengan warna yang natural dan tahan lama.",Baby Lips Love Color,Maybelline,positive,positive,negative,positive,no_aspect,True,2B_LLM,llama3.1_fewshot,train
llm_2b_336,"Sayangnya, lip balm ini sangat lengket dan berat sekali! Aku ngga bisa menerimanya sebanyak 2 kali sehari karena teksturnya kayak mau menempel ke wajah. Bisa-bisa jadi kulit wajahku ikutan kering. Hasil akhirnya jadi matte, tapi aku ngga suka kayak gitu. Warna aslinya biru muda, tapi saat dipakai, jadi warna belang-belangan kayak warna cat kucing! Aku ngga bisa memakainya sih, karena bikin bibirmu terkesan ngga sedih.",24H Melt-In Moisture,Nivea,no_aspect,no_aspect,negative,positive,no_aspect,True,2B_LLM,llama3.1_fewshot,train
llm_2b_216,"Saya suka banget lipstik ini! Warna merahnya yang unik, membuat saya tampil beda dari biasanya. Pigmentasi sangat baik, tidak kusam atau pudar meski digunakan lama. Finishingnya glossy, tapi tidak terlalu berminyak sehingga cocok untuk hari-hari panas. Bibirku tetap lembut dan sehat. Saya cukup puas dengan hasilnya!",24H Melt-In Moisture,Nivea,positive,no_aspect,positive,positive,no_aspect,True,2B_LLM,llama3.1_fewshot,train
llm_2b_271,"Saya nyampe di tempat kerja, kasihan bibir saya memang terlihat putih kayak kulit jeruk. Saya cari lip balm aja untuk aga warnanya lebih merah alami kayak biasanya. Suka banget dengan warna merah natural yang ditawarkan oleh produk ini! Bibirku terlihat lebih cerah dan segar, dan aku bisa puas deh! Tidak perlu banyak reapply, karena hasilnya cukup laris buat seminggu. Pengen beli lagi nanti!",24H Melt-In Moisture,Nivea,positive,no_aspect,no_aspect,positive,positive,True,2B_LLM,llama3.1_fewshot,train
llm_2b_287,"aku suka lip balm ini karena mudah digunakan dan tidak membuat bibirku terlihat berminyak. Warna warnanya coklat muda, cukup sesuai dengan kulitku. Tersedia dalam beberapa shade, jadi bisa dipilih sesuai preferensi. Saat digunakan, warna coklatnya keluar alami tanpa terlalu tebal atau tipis.",Baby Lips Love Color,Maybelline,neutral,no_aspect,no_aspect,neutral,no_aspect,True,2B_LLM,llama3.1_fewshot,train
llm_2b_200,"saya nggak bisa dipungkiri ini lip cream favoritku dahulu, cuma sayangnya dia suka cepet hilang. setelah beberapa jam digunakan, warnanya udah mulai pudar dan transparan kayak muka. mau ngaku pake lip liner dan lipstick lagi selainnya, tapi itu ribet. kudu sering-sering apply supaya masih terlihat alami, tapi rada agak merepotkan. warnanya sih ok, warna pinknya cocok dengan warna mataku",Baby Lips Love Color,Maybelline,no_aspect,negative,no_aspect,positive,no_aspect,True,2B_LLM,llama3.1_fewshot,train
llm_2b_114,"Aku suka banget dengan lip balm ini! Bibirku sekarang jadi lembap dan tidak kering, bahkan setelah saya habisin di luar rumah seharian. Warna pinknya juga cantik, tidak terlalu intens, jadi cocok untuk digunakan sehari-hari. Aku menggunakan sebelum pergi ke sekolah, hasilnya bibirku tampil fresh dan seimbang. Produk ini benar-benar efektif untuk melembapkan bibir!",Baby Lips Love Color,Maybelline,no_aspect,no_aspect,no_aspect,positive,no_aspect,True,2B_LLM,llama3.1_fewshot,train
llm_2b_326,"Maaf dech saya udah coba beberapa varian lipstik ini, tapi ga ada yang bikin saya puas sih. Warna pilihannya terus kurang pigmented, jadi terkesan tipis dan nggak stabil di bibir. Saya rasa ini lebih mirip lip liner daripada lipstik. Sayangnya harganya lumayan mahal untuk hasil yang kurang memuaskan.",24H Melt-In Moisture,Nivea,negative,no_aspect,no_aspect,positive,no_aspect,True,2B_LLM,llama3.1_fewshot,train
llm_2b_366,"aku cuma suka sama lipstiknya aja, warnanya cantik kayak gitu. tapi lip cream ini bikin bibirku malah makin kering, pecah-pecah, dan aku harus selalu menyimpan lip balm lainnya sebagai pencegahan. mungkin ini bisa lebih baik kalau kamu punya kulit bibir yang normal, tapi bagi aku yang punya bibir tipis, lip cream ini nggak bisa membantu",24H Melt-In Moisture,Nivea,no_aspect,no_aspect,no_aspect,negative,no_aspect,True,2B_LLM,llama3.1_fewshot,train
llm_2b_65,"Saya suka sekali dengan lipstik milikku ini! Teksturnya lembut dan halus, sehingga tidak membuat bibir saya terasa berat atau terlalu keras. Tintnya juga matte yang sangat alami, tidak terlalu mengkilap atau terlalu pucat. Saya bisa memilih warna apa pun yang saya inginkan dengan mudah. Overall, lipstik ini sangat nyaman digunakan dan cocok untuk sehari-hari.",Oh My Glam Mattelast Lip Cream,Omg,no_aspect,no_aspect,positive,positive,positive,True,2B_LLM,llama3.1_fewshot,train
llm_2b_457,"Saya paling suka lipstik ini karena bisa membuat bibirku tetap lembab dan kenyal. Sama kayak menggunakan pelembab biasa, tapi aku rasa lipstik ini lebih baik karena ada warna yang bisa aku sesuaikan dengan moodku. Saat di musim kemarin, cuaca panas bikin bibirku kering gitu, tapi dengan ini aku jadi tahan lama. Bibirku tetap sehat dan lembab!",24H Melt-In Moisture,Nivea,no_aspect,no_aspect,no_aspect,positive,no_aspect,True,2B_LLM,llama3.1_fewshot,train
llm_2b_54,"Aku pikir lipstik ini sih bagus karena formulanya yang enak di bibir, tapi warnanya enggak sesuai sama kulit aku. Kulit aku memang agak gelap, tapi lipstik ini membuatnya terkesan tipis dan tidak pigmented. Warna merahnya emang cantik, tapi cuma terlihat di permukaan saja, lalu langsung beda dan luntur. Aku kurang puas sama performanya.",24H Melt-In Moisture,Nivea,negative,negative,no_aspect,positive,no_aspect,True,2B_LLM,llama3.1_fewshot,train
llm_2b_142,"Saya suka banget lip cream ini! Warna merah muda yang cantik membuat saya terlihat lebih ceria. Pigmentasi yang kuat membuat bibir saya tampak lebih anggun. Saya pakai lip cream ini setiap hari dan hasilnya sangat memuaskan. Bibir saya tetap lembut dan basah. Warna yang tidak berubah sepanjang hari, membuat saya tetap percaya diri. Lip cream ini juga memiliki tekstur yang lembut dan mudah digunakan.",Baby Lips Love Color,Maybelline,positive,no_aspect,positive,positive,positive,True,2B_LLM,llama3.1_fewshot,train
llm_2b_85,"aku suka lipstik ini karena warnanya sangat cerah dan pigmented! shades warna biru muda cantik sekali, tidak terlalu gelap ataupun terlalu terang. finishingnya glossy, tapi tidak terlalu berkilau. saat digunakan, lipstik ini merata di permukaan bibir dan tidak membuat kulit bibir terasa greasy. sangat recomended bagi kamu yang suka memiliki tampilan bibir yang fresh dan sihat!",24H Melt-In Moisture,Nivea,positive,no_aspect,no_aspect,positive,positive,True,2B_LLM,llama3.1_fewshot,train
llm_2b_351,"Saya suka sekali dengan warna lip balm ini! Pigmentasinya kuat dan membuat bibirku terlihat cerah sepanjang hari. Teksturnya tidak terlalu tebal, sehingga cocok untuk digunakan sehari-hari. Warna pink yang dipilih sangat sesuai dengan warna kulitku dan tidak terlalu mencolok. Lip balm ini benar-benar membuat saya percaya diri dengan tampilan bibirku yang natural.",24H Melt-In Moisture,Nivea,positive,no_aspect,no_aspect,positive,positive,True,2B_LLM,llama3.1_fewshot,train
llm_2b_330,"Kemarin aku coba lipstik warna coral ini, hasilnya terlihat cantik dan membuat bibirmu terlihat lebih cerah. Pigmentasinya bagus banget, warnanya tidak berubah setelah beberapa jam dan masih terlihat rame. Bibirku juga terlihat seimbang dan tidak pecah-pecah. Overall, lipstik ini sangat recomended untuk kamu yang ingin tampil percaya diri dengan bibir cerah!",24H Melt-In Moisture,Nivea,positive,positive,no_aspect,positive,positive,True,2B_LLM,llama3.1_fewshot,train
llm_2b_350,"aku suka banget deh sama produk ini! setiap kali aku pakai lip balm ini, bibirku jadi lembap dan sehat. teksturnya lembut dan mudah dibawa kemana-mana. wangi alami-nya juga membuat aku betah pakainya. aku biasanya pakai sebelum tidur dan pagi hari, hasilnya bibirku selalu lembab dan cerah. benar-benar recommended!",24H Melt-In Moisture,Nivea,no_aspect,no_aspect,no_aspect,positive,no_aspect,True,2B_LLM,llama3.1_fewshot,train
llm_2a_TEXTURE_neutral_17,"Saya suka lip cream ini karena teksturnya ringan dan lembut di bibir. Pas aplikasi pun tidak terlalu tebal atau tipis. Finishnya satin, tidak berminyak sama sekali. Aplikatornya juga nyaman digenggam. Warna-warninya cukup banyak, aku bisa memilih sesuai mood hari. Karena lembutnya, saya rasa cocok untuk penggunaan sehari-hari.",24H Melt-In Moisture,Nivea,positive,no_aspect,neutral,positive,no_aspect,True,2A_LLM,llama3.1_fewshot,train
llm_2b_342,"Aku belanja lip balm satu ini karena suka dengan warnanya, tapi setelah dicoba, aku kecewa. Teksturnya berat dan lengket di bibir, jadi aku merasa tidak nyaman. Saat dipakai tipis, hasilnya tidak terlalu banyak warna, tapi kalau dipakai tebal, justru malah cakey dan berantakan. Aroma-nya pun tidak terlalu menyenangkan, kayak minyak atau semacamnya. Warna dan hasilnya juga tidak terlalu tahan lama, bahkan sudah habis selepas beberapa jam. Belum pernah nyoba lip balm yang gagal beginian.",Baby Lips Love Color,Maybelline,no_aspect,no_aspect,negative,positive,no_aspect,True,2B_LLM,llama3.1_fewshot,train
llm_2b_137,"Saya suka sekali dengan lipstick ini! Teksturnya sangat lembut dan tidak lengket di bibir saya. Saat diaplikasikan, lipstick ini meresap dengan baik dan memberikan finish glossy yang cantik. Saya senang bahwa warna yang dipilih cocok dengan warna kulit saya dan membuat bibir saya terlihat lebih cerah. Aku suka sekali menggunakan ini setiap hari karena teksturnya nyaman dan tahan lama.",Oh My Glam Mattelast Lip Cream,Omg,no_aspect,no_aspect,positive,positive,positive,True,2B_LLM,llama3.1_fewshot,train
llm_2b_374,"Saya suka sekali dengan lip cream ini karena warnanya sangat cerah dan pigmented! Aku memiliki kulit kombinasi dan biasanya susah cari lip cream yang cocok, tapi ini berhasil! Warna saya yang pastel membuat hasil akhir makin cantik alami. Dengan aplikasi yang tipis aja sudah bisa sampe tujuh jam. Saya senang menggunakan warna ini untuk acara formal maupun kasual.",24H Melt-In Moisture,Nivea,positive,positive,positive,positive,no_aspect,True,2B_LLM,llama3.1_fewshot,train
llm_2b_192,"Saya gunakan lip cream ini setiap hari sebelum bekerja karena warnanya cocok dengan kulit saya, shade peachnya lembut dan tidak terlalu terang, sehingga membuat saya merasa lebih percaya diri. Bukan itu saja, produk ini juga memiliki tekstur yang halus dan tidak lengket pada bibir saya. Meski tak ada glitter atau efek lainnya, lip cream ini tetap tahan lama selama hari.",24H Melt-In Moisture,Nivea,neutral,no_aspect,negative,positive,positive,True,2B_LLM,llama3.1_fewshot,train
llm_2b_290,"Saya suka banget dengan lip balm ini! Warna merahnya benar-benar pigmented dan membuat bibirku terlihat cerah. Aroma vanila yang manis bikin saya ingin selalu makainya. Teksturnya lembut dan tidak berminyak, sehingga saya tidak perlu khawatirkan bibir saya menjadi lengket. Bibir saya tetap lembab dan terlihat sehat meski saya gunakan beberapa jam. Ini adalah lip balm yang sempurna untuk digunakan harian!",24H Melt-In Moisture,Nivea,positive,no_aspect,no_aspect,positive,positive,True,2B_LLM,llama3.1_fewshot,train
llm_2b_410,"Saya suka banget dengan lipstik ini! Warna merah muda alami benar-benar cocok untuk saya, tidak terlalu berat dan tidak lengket di bibir. Setelah dipakai, bibir tampak lembut dan sehat dengan kilauan yang cantik. Produknya juga cukup banyak, jadi enggak perlu khawatir stok akan habis terburu-buru. Overall, lipstik ini sangat recomended banget!",24H Melt-In Moisture,Nivea,positive,no_aspect,no_aspect,positive,no_aspect,True,2B_LLM,llama3.1_fewshot,train
llm_2b_39,"Awalnya saya pikir warna nude ini bakalan sesuai sama kulit bibirku yang tipis-tipis. Tapi setelah digunakan beberapa kali, warna lipstik ini kayaknya langsung hilang sama cepatnya! Bibirku masih tipis abis karena lipstiknya cuma membuat aku terkesan 'kurang pigmented'. Padahal harganya mah cukup tinggi sih. Saya rasa sayang untuk dipake habis lagi. Mending cari lipstik lain yang warnanya lebih mantab.",24H Melt-In Moisture,Nivea,negative,no_aspect,no_aspect,positive,no_aspect,True,2B_LLM,llama3.1_fewshot,train
llm_2b_63,"Saya sangat suka dengan lipstik ini! Warna merah muda yang sedikit vibrant membuat saya terlihat lebih segar dan ceria. Pigmentasi yang baik tidak membuat kulit bibir saya terlihat kusam. Finishingnya juga glossy dan tidak berminyak sehingga cocok untuk digunakan sepanjang hari. Selain itu, aroma yang manis dan sedap membuat saya ingin menggunakannya lagi dan lagi! Sangat recommended!",Baby Lips Love Color,Maybelline,positive,no_aspect,negative,positive,no_aspect,True,2B_LLM,llama3.1_fewshot,train
llm_2b_26,"Saya benar-benar suka dengan lip cream ini! Warnanya sangat pigmented dan tampilannya terlihat cerah saat saya aplikasikan ke bibir. Warna yang pilih saya sesuai dengan gambar di kotak, tidak ada perbedaan signifikan antara warna di lip cream dan yang di gambar. Lip cream ini juga sangat nyaman digunakan dan tidak membuat bibir saya terlalu lembab. Saya bisa menggunakan lip cream ini sepanjang hari tanpa perlu khawatir tentang efek sampingan.",Baby Lips Love Color,Maybelline,positive,no_aspect,no_aspect,neutral,positive,True,2B_LLM,llama3.1_fewshot,train
llm_2b_86,"Saya suka sekali dengan warna lipstik ini, sangat cerah dan pigmented! Apalagi kalau saya gunakan sehari-hari, bibir saya terlihat lebih menarik dan segar. Warna yang saya pilih adalah bold red yang sesuai dengan favorit saya. Lipstik ini tidak membuat kulit bibir saya menjadi kering atau lembab, tetapi masih terlihat seimbang. Overall, lipstik ini sangat recommended untuk saya!",24H Melt-In Moisture,Nivea,positive,no_aspect,no_aspect,positive,no_aspect,True,2B_LLM,llama3.1_fewshot,train
llm_2b_118,"Saya mencoba pakai lip balm milikku dengan harapan agar bibirku lebih lembut, tapi sayangnya hasilnya malahan bikin kering aja! Setelah menggunakan, bibirku jadi seperti pecah-pecah dan terasa dehidrasi. Warna dan teksturnya itu emang bagus, tapi efektivitas hydrating-nya kurang bisa dipercaya. Saya harus pilih lip balm lainnya untuk mendapatkan bibir yang lembut.",24H Melt-In Moisture,Nivea,no_aspect,no_aspect,no_aspect,negative,no_aspect,True,2B_LLM,llama3.1_fewshot,train
llm_2a_HYDRATION_neutral_10,"Saya mencoba lip cream ini karena teman saya suka banget. Keren, bisa melembabkan bibir. Sama kayak biasa-biasa aja, nggak ada hal istimewa. Tapi, memang hasilnya lumayan baik. Teksturnya lembut, tidak lengket, dan nggak terlalu banyak warna, cocok buat harian-harian. Saya rasa ini bisa menjadi lip cream alternatif bagi yang suka praktis.",Baby Lips Love Color,Maybelline,no_aspect,no_aspect,negative,neutral,no_aspect,True,2A_LLM,llama3.1_fewshot,train
llm_2b_279,"Saya suka sekali dengan lip cream ini! Tahan lama sampai beberapa jam, tidak perlu saya reapply lagi dan lagi. Aroma manis, bikin lidah dan hidung happy. Bibir saya tetap lembab dan tidak pecah-pecah karena kelembaban alami dari lip cream ini. Bisa dipakai semua hari, baik saat hangat maupun dingin. Cocok banget buat kamu yang ingin memiliki bibir yang selalu sihat dan lembab!",24H Melt-In Moisture,Nivea,no_aspect,positive,positive,positive,positive,True,2B_LLM,llama3.1_fewshot,train
llm_2b_178,"Saya sih cukup puas dengan lip cream ini karena warnanya tidak terlalu kontras dengan kulit aku. Shade nude-nya cocok untuk harian, cuma aku merasa perlu dipasang lagi setelah makan dan minum, apa adanya. Lip creamnya lembut dan menghidrati bibirku. Ini memang bukan lip cream yang kuat tahan seharian, tapi cukup oke untuk harian biasa.",24H Melt-In Moisture,Nivea,neutral,no_aspect,positive,positive,no_aspect,True,2B_LLM,llama3.1_fewshot,train
llm_2b_482,aku suka banget dengan lipstik ini! warnanya yang bold red super cantik dan membuatku rileks. pigmentasinya sangat baik sehingga warna tetap terlihat cerah sampai beberapa jam. teksturnya juga lembut sehingga tak sakit saat digunakan. hasil akhirnya adalah bibir yang sehat dan menarik. pasti akan saya beli lagi!,24H Melt-In Moisture,Nivea,positive,no_aspect,no_aspect,positive,no_aspect,True,2B_LLM,llama3.1_fewshot,train
llm_2b_477,"Saya paling suka lip cream ini karena warnanya super cerah dan merata di bibir. Pigmentasinya bagus banget, jadi hasilnya pun alami dan natural. Saya gak perlu repot-repot aplikasi banyak kali supaya warnanya merata. Keren banget deh, cocok buat kulitku yang sensitif.",24H Melt-In Moisture,Nivea,positive,no_aspect,no_aspect,positive,no_aspect,True,2B_LLM,llama3.1_fewshot,train
llm_2b_133,"aku suka banget dengan warna warni lipstik ini! Cerah, pigmented, dan vibes summer pastinya. Tapi saya lebih suka dengan warna yang tidak terlalu bold, jadi warna ini tepat untuk saya. Saya bisa gunakan secara langsung karena teksturnya lembut dan mudah menyatu di bibir. Saya sangat puas dengan hasilnya!",24H Melt-In Moisture,Nivea,positive,no_aspect,negative,positive,no_aspect,True,2B_LLM,llama3.1_fewshot,train
llm_2b_7,"Woaaa, saya nggak percaya bisa menemukan lipcream yang sesuai dengan kulitku! Warna golden brown ini ternyata cocok banget untuk saya, tidak terlalu terang ataupun gelap, membuatnya makin terlihat alami. Pigmentasi juga sangat baik, hasilnya sangat nyata dan tahan lama. Enggak perlu sering-sering diolesi, cukup sekali saja sudah cukup untuk beberapa jam!",24H Melt-In Moisture,Nivea,positive,no_aspect,negative,negative,no_aspect,True,2B_LLM,llama3.1_fewshot,train
llm_2b_296,"aku beli lipstick ini secara online dan awalnya sih penasaran aja sama teksturnya. setelah mencobanya langsung saya rasakan adanya bau kimia yang bikin kulit bibir jadi sedikit gatal. kayaknya lipstik ini terlalu lembut sehingga sering sekali terjadi cake pada bagian sudut-sudut bibir. bahkan pas diappliasi, aku merasa ada sedikit rasa kasar di permukaan bibir. wajib hati-hati jika kamu punya kulit sensitif!",24H Melt-In Moisture,Nivea,no_aspect,no_aspect,negative,no_aspect,no_aspect,True,2B_LLM,llama3.1_fewshot,train
llm_2b_243,"Saya suka sekali dengan warna merah muda ini! Lipstick ini benar-benar pigmented, membuat bibirku tampak lebih cerah dan vibrant. Finishingnya glossy, tidak ada bintik-bintik atau noda. Warna merah mudanya pas banget untuk musim panas. Saya bisa pakai langsung setelahnya dan tidak perlu repackaging. Harganya juga relatif murah dibandingkan dengan merk lain. Overall, sangat recomended!",Oh My Glam Mattelast Lip Cream,Omg,positive,no_aspect,no_aspect,no_aspect,positive,True,2B_LLM,llama3.1_fewshot,train
llm_2b_278,"Saya suka banget dengan lip balm ini! Warna merah muda yang dipilih pas untuk saya, dan teksturnya super lembut sehingga ga bikin bibir sakit. Saat aplikasi, lip balm ini ga lengket kayak lipstik biasa, jadi saya bisa menggunakannya dengan mudah. Hasilnya pun matte bagus, ga ada kilapan-kilapan yang bikin saya kurasa ga enak. Aroma kayu manisnya juga bikin saya betah menggunakan lip balm ini semalaman! Saya sudah pakai lip balm lain sebelumnya tapi ini yang paling ringan dan nyaman.",24H Melt-In Moisture,Nivea,no_aspect,no_aspect,positive,negative,no_aspect,True,2B_LLM,llama3.1_fewshot,train
llm_2b_210,"Baru aja beli ini lip cream dan saya super suka! Warnanya sangat pigmented dan cerah, cocok untuk kegiatan harian. Teksturnya lembut dan tidak lengket, membuatnya nyaman digunakan. Tidak perlu banyak aplikasi, hasilnya sudah bagus banget. Saya senang ada glitter halus pada warnanya, membuatnya terlihat lebih menarik.",24H Melt-In Moisture,Nivea,positive,no_aspect,positive,positive,no_aspect,True,2B_LLM,llama3.1_fewshot,train
llm_2b_186,"Saya suka lip balm ini karena melembabkan bibir saya dengan baik! Bibir saya jadi lembut dan kenyal setelah menggunakan. Saya bisa menggunakan secara langsung tanpa perlu toping lagi, membuatku merasa nyaman sepanjang hari. Warna warna lip balm ini sedikit gelap, tapi cocok untuk kombinasi dengan warna bibir saya. Harganya relatif murah dan mudah ditemukan.",24H Melt-In Moisture,Nivea,no_aspect,no_aspect,no_aspect,positive,no_aspect,True,2B_LLM,llama3.1_fewshot,train
llm_2a_PRICE_negative_17,"Saya sedikit kecewa sama lip gloss ini karena harganya terlalu mahal. Dibandingkan kualitasnya, saya rasa tidak sebanding. Warna-warna yang ditawarkan kayaknya bagus, tapi kalau lihat lebih dekat, teksturnya agak kasar dan kurang nyaman di bibir. Harga 70 ribu untuk satu ons? Saya rasa tidak worth it. Pada akhirnya, saya memilih untuk tidak repurchase lagi.",24H Melt-In Moisture,Nivea,positive,no_aspect,no_aspect,positive,negative,True,2A_LLM,llama3.1_fewshot,train
llm_2b_435,"Saya baru belanja lip balm barusan dan aku masih ragu-ragu mau pilih warna apa. Warnanya nude brown gitu, shades yang cukup stabil bisa digunakan sehari-hari. Tersedia dalam ukuran mini dan besar. Enggak kecewa dengan hasilnya, tapi mungkin aku akan mencoba warna lain untuk variasi.",24H Melt-In Moisture,Nivea,neutral,no_aspect,positive,no_aspect,no_aspect,True,2B_LLM,llama3.1_fewshot,train
llm_2a_PRICE_negative_11,"Saya belanja lipstik ini karena suka warnanya yang cerah dan unik. Tapi sayangnya, ternyata harganya membuat saya kecewa. Dibanderol Rp 85 ribu, sedikit banyak rasa tak worth it kan? Sama sekali tidak sesuai dengan kualitasnya. Bibirku memang terlindungi, tapi teksturnya agak keras. Belum lagi, hasil akhirnya tidak menyerupai warna swatch di kulit tangan. Karena itu, saya pikir lipstik ini tidak seimbang dengan harganya.",24H Melt-In Moisture,Nivea,no_aspect,negative,no_aspect,positive,negative,True,2A_LLM,llama3.1_fewshot,train
llm_2b_389,"Aku suka banget dengan lip gloss ini, warna merah muda manisnya pas banget buat aku! Aplikasinya gampang-gampang aja, teksturnya lembut, dan hasilnya awet seharian! Tidak perlu repot-repot apply ulang, kulit bibirku tetep terlihat segar dan manis. Transfer proof juga lancar, tidak mudah menodain bibir lainnya.",Oh My Glam Mattelast Lip Cream,Omg,no_aspect,positive,positive,positive,no_aspect,True,2B_LLM,llama3.1_fewshot,train
llm_2a_PRICE_negative_15,"Rencana belanja saya pecah karena harga lipstik favorit ku, laku! Harganya memang mahal banget, lebih dari 100 ribu rupiah untuk satu stik aja. Kualitasnya mungkin baik, tapi gini sih, ngga sebanding sama harganya. Mahal kayak gitu! Apalagi kalau kamu cuma mau coba-coba. Nanti bakal terluka karena pembulatan kartunya sih...",24H Melt-In Moisture,Nivea,positive,negative,positive,no_aspect,negative,True,2A_LLM,llama3.1_fewshot,train
llm_2b_205,"Saya suka sekali dengan lip cream ini! Warna-warna boldnya menarik, tapi yang saya suka dari produk ini adalah daya tahannya yang lama banget! Sudah beberapa kali menggunakan, lip creamnya masih tetap terlihat sempurna dan tidak perlu direapply. Bisa digunakan setiap hari, sih, karena tidak mudah hilang atau transfer. Lebih baik dari itu, warna-warna boldnya tidak akan melayang setelah beberapa jam.",24H Melt-In Moisture,Nivea,no_aspect,positive,no_aspect,positive,no_aspect,True,2B_LLM,llama3.1_fewshot,train
llm_2b_211,"gue kurang suka sama lip balm ini, soalnya bikin bibirku jadi semakin kering. Cuma iseng-iseng aja kayaknya enak dijadikan top coat, tapi kalau aku pakainya sebagai moisturizer langsung jadi percuma. Bibirku masih tetep kering dan pecah-pecah setelah pakai beberapa kali. Gue rasa lip balm ini cuma palsu-manjur melembabkan, makin hari makin kering. Nyamuk pun bakal lebih baik deh dibandingkan dengan lip balm ini.",24H Melt-In Moisture,Nivea,no_aspect,no_aspect,no_aspect,negative,no_aspect,True,2B_LLM,llama3.1_fewshot,train
llm_2b_249,Saya punya lipstik satu ini sih warnanya cukup nyaman banget ditahun-tahunnya udah lama kayak orange-kissed tapi nggak terlalu intens. Shade ini sesuai banget sama kulit bibir saya karena nggak terlalu terang atau terlalu gelap. Lipstik ini harganya juga lumayan terjangkau.,24H Melt-In Moisture,Nivea,neutral,negative,positive,positive,positive,True,2B_LLM,llama3.1_fewshot,train
llm_2b_175,"Saya terkepengin lip balm ini karena warnanya super cerah dan pigmented! Bibirmu bakal kelihatan lebih muda dan cerah setelah aplikasin' lip balm ini. Aroma yang manis dan sedikit asamnya membuat saya makin ketagihan. Selain itu, lip balm ini juga tidak menimbun di bibir sehingga tetap lembut dan tidak perlu dibersihkan lagi!",24H Melt-In Moisture,Nivea,positive,negative,no_aspect,no_aspect,positive,True,2B_LLM,llama3.1_fewshot,train
llm_2b_322,"Aku suka banget dengan warna 'Pink Petunia' ini! Bibirmu bakalan terlihat cerah dan memiliki kesan warna yang pigmented. Aplikasinya juga tidak lengket sehingga kamu enggak perlu repot-repot untuk melepaskan lipstik ini. Warna pink pastel ini juga cocok buat kombinasi wajah apa pun kamu. Dipakai harian, lipstik ini akan memberikan tampilan sederhana tetep cerah, perfect buat office girl atau kuliah.",Oh My Glam Mattelast Lip Cream,Omg,positive,no_aspect,positive,no_aspect,no_aspect,True,2B_LLM,llama3.1_fewshot,train
llm_2b_471,"Saya suka banget lip gloss ini! Warna merah muda cerahnya membuat bibir saya tampak lebih menarik. Pigmentasi cukup baik, tidak terlalu tipis atau terlalu tebal, sehingga hasilnya natural dan alami. Lip gloss ini juga tahan lama, tidak cepat menghilang seperti lip gloss lainnya. Saya gunakan setiap hari sebagai perawatan dasar untuk membuat bibir saya tetap cerah dan segar!",Baby Lips Love Color,Maybelline,positive,no_aspect,no_aspect,positive,no_aspect,True,2B_LLM,llama3.1_fewshot,train
llm_2b_70,"Maaf deh lip cream favorit saya ini cuma tahan sampe 2 jam aja, kalau lebih dari itu langsung menghilang kayak apa2 gitu. Warna pinknya biasa aja di bibirku, tapi efek glossynya gpp lah. Harganya mah cukup oke, tapi kalau mau tahan lama harus repackaging terus, paling nggak setiap 2 jam sekali. Cuma sekadar lip cream biasa sih.",24H Melt-In Moisture,Nivea,no_aspect,negative,no_aspect,positive,positive,True,2B_LLM,llama3.1_fewshot,train
llm_2b_150,"Saya suka lip cream ini karena aroma vanillanya yang enak, tapi sayangnya lip cream ini gampang luntur. Setelah beberapa jam, kulit bibir saya udah kering lagi dan lip creamnya juga udah lepas. Saya harus aplikasinya lagi banyak kali supaya tetap terlihat, padahal awalnya cuma sedikit aja. Waktu cuaca panas pasti aku bakalan nyesel deh lip cream ini",Oh My Glam Mattelast Lip Cream,Omg,no_aspect,negative,positive,positive,no_aspect,True,2B_LLM,llama3.1_fewshot,train
llm_2b_483,"Saya biasanya nggak peduli dengan lip balm, tapi karena hujan terus turun aja, saya butuh sampoong untuk melembabkan bibir. Saya pilih ini karena warnanya hitam matte, sesuai dengan apa yang saya inginkan. Tersedia dalam beberapa shade, sehingga saya bisa memilih sesuai dengan mood saya. Lip balm ini enak banget, rasanya manis dan tidak lengket pada bibir. Bisa tahan lama, jadi saya nggak perlu repot-repot membawanya lagi.",24H Melt-In Moisture,Nivea,neutral,no_aspect,no_aspect,positive,no_aspect,True,2B_LLM,llama3.1_fewshot,train
llm_2b_484,"Saya suka banget lip cream ini! Warna merahnya sangat cerah dan sesuai dengan foto. Pigmentasinya sangat baik, sehingga hasilnya tidak berubah dalam waktu lama. Bibirku terlihat lebih vibrant dan bold karena adanya teksturnya yang rich. Lip cream ini juga tidak membuat bibirku terlalu lembab, malah membuatnya tetap lembut. Saya sangat puas dengan hasilnya!",24H Melt-In Moisture,Nivea,positive,negative,positive,no_aspect,no_aspect,True,2B_LLM,llama3.1_fewshot,train
llm_2b_88,"Aku suka banget lipcream ini! Warna bibirku jadi makin cerah dan natural dengan hasilnya. Pigmentasi yang baik bikin lipcream ini terlihat tidak lewat dan bold. Bibirku pun terlihat lebih sempurna setelah menggunakan lipcream ini. Aku suka deh lipcream ini untuk daily use, cocok buat kamu yang ingin memiliki bibir cerah alami!",24H Melt-In Moisture,Nivea,positive,positive,no_aspect,positive,positive,True,2B_LLM,llama3.1_fewshot,train
llm_2b_401,"aku suka lip balm ini karena lembut untuk kulit bibirmu, tetapi sayangnya, warnanya benar-benar pucat dan tidak terlihat apa-apa di bibir ku. Bisa-bisa tidak sesuai dengan bibir yang ingin berwarna cerah. Kulit bibirmu akan kelihatan tipis dan ga ada perubahan sama sekali",24H Melt-In Moisture,Nivea,negative,negative,no_aspect,positive,no_aspect,True,2B_LLM,llama3.1_fewshot,train
llm_2b_297,"Aku lagi suka banget sama lipstick ini! Warna bibirnya unik, tidak biasa, dan cerah banget. Setelah aku oleskan, bibirku tampak lebih mewah dan terlihat seperti baru. Pigmentasinya sangat baik, jadi bibirku tidak terlihat pucat atau kusam. Ini membuatku merasa percaya diri lebih tinggi saat menggunakan lipstik ini!",Baby Lips Love Color,Maybelline,positive,negative,no_aspect,positive,no_aspect,True,2B_LLM,llama3.1_fewshot,train
llm_2b_371,"Saya sih suka lip gloss ini karena warnanya yang vibrate dan bold! Apabila saya gunakan, bibirku langsung terlihat lebih cerah dan kuat. Pigmentasi warnanya juga super bagus, tidak terlalu berlebihan atau kurang. Sangat cocok digunakan sehari-hari, dan rasaanya juga enggak perlu diragukan.",Baby Lips Love Color,Maybelline,positive,no_aspect,no_aspect,positive,no_aspect,True,2B_LLM,llama3.1_fewshot,train
llm_2b_406,"Saya suka produk-produk organik, tapi sayangnya lip balm organic ini enggak mengecewain saya. Warnanya tipis dan enggak pigmented apa adanya, lebih mirip lip balm biasa sih. Tapi kelembabannya memadai, enggak perlu reapply terus menerus. Tapi untuk warna? Gagal dech! Saya pikir warna alami akan kelihatan setelah dioles, tapi tidak! Bibirku masih kaku kayak semula. Saya rada-rada kecewa, tapi biaya relatif murah, jadi enggak terlalu bermasalah.",24H Melt-In Moisture,Nivea,negative,no_aspect,negative,negative,no_aspect,True,2B_LLM,llama3.1_fewshot,train
llm_2b_416,"Saya membeli lip balm ini karena temenku sarankan. Saya cuma tahu warna merah muda ceria aja, tapi ternyata ada banyak varian lainnya. Tahan lumayan sebenernya, saya pakai selama 4 jam di lapangan sambil jalan-jalan bareng keluarga. Ketika hari udah panas, warnanya mulai pudar tapi enggak terlalu berantakan kok. Kebanyakan lip balm pada umumnya bikin bibir terus kering setelah digunakan, tapi ini tidak juga. Pokoknya, sih bagus banget buat dipilih sebagai lip balm sehari-hari!",24H Melt-In Moisture,Nivea,no_aspect,neutral,no_aspect,no_aspect,no_aspect,True,2B_LLM,llama3.1_fewshot,train
llm_2a_PRICE_negative_3,"Saya benar-benar kecewa sama lipstik ini! Harganya bikin saya ragu-ragu, tapi soal kualitas sih kurang memadai untuk harganya. Teksturnya agak keras dan susah dicampur, warna-warna shadenya juga terlalu sedikit, buatku yang suka perpaduan warna pasti bakal kecewa. Ternyata lipstik ini cuma bisa bertahan beberapa jam aja sebelum warnanya mulai pudar, itu kayak nggak worth it lah!",24H Melt-In Moisture,Nivea,no_aspect,no_aspect,no_aspect,positive,negative,True,2A_LLM,llama3.1_fewshot,train
llm_2b_485,"Saya suka banget sama lip cream ini! Bibir saya selalu kelembaban setelah dipakainya, tidak pernah kering atau pecah-pecah. Warna naturalnya bikin bibir terlihat sehat dan segar, serta efek lembabnya bisa bertahan seharian. Saya pakai setiap hari sebelum tidur dan bangun, sangat recommend!",24H Melt-In Moisture,Nivea,no_aspect,no_aspect,no_aspect,positive,no_aspect,True,2B_LLM,llama3.1_fewshot,train
llm_2b_476,"Saya suka sekali lipstik Revlon ini, karena warnanya bisa dibawa ke mana-mana! Shade merah muda cantiknya cocok untuk saya. Terus lipstik ini mudah dioleh dan tidak lengket di bibir. Warna merah muda yang elegan ini cocok untuk siapa saja, baik formal maupun kasual.",24H Melt-In Moisture,Nivea,neutral,negative,no_aspect,neutral,no_aspect,True,2B_LLM,llama3.1_fewshot,train
llm_2a_HYDRATION_neutral_20,"Saya tidak terlalu terkesan dengan performa hidrasi dari lipstick ini. Texturnya agak berat, tapi tidak terlalu lembab. Formula yang digunakan memang bisa membuat bibir terlihat lebih cerah, tapi saya rasa itu karena warna yang tipis, bukan karena kelembaban sendiri. Masih oke, toh, untuk yang ingin mencari warna yang tidak terlalu mencolok.",24H Melt-In Moisture,Nivea,positive,no_aspect,positive,neutral,no_aspect,True,2A_LLM,llama3.1_fewshot,train
llm_2b_81,"Aku suka banget lip cream ini! Warna pink alami yang dimiliki cocok untuk warna kulit aku. Pigmentasi kuat, membuat bibirku terlihat cerah dan bercahaya selama seharian. Tekstur lembut, tidak lengket dan nyaman digunakan. Sungguh sayang kalau kehilangan lip cream favorit ini!",24H Melt-In Moisture,Nivea,positive,no_aspect,no_aspect,positive,no_aspect,True,2B_LLM,llama3.1_fewshot,train
llm_2b_437,"Saya suka banget dengan warna bold merah ini! Bibir saya kelihatan cerah dan vibrant setelah aplikasi, seperti ada sinar merah alami yang menyilaukan. Pigmentasi warnanya benar-benar tebal dan tahan lama, sehingga saya bisa bertahan beberapa jam tanpa perlu repot-repot melihat diri sendiri. Textur yang ringan membuatnya mudah digunakan dan tidak terlalu lengket di bibir. Overall, warna dan tekstur ini membuat saya jatuh cinta dengan produk ini!",24H Melt-In Moisture,Nivea,positive,no_aspect,no_aspect,no_aspect,no_aspect,True,2B_LLM,llama3.1_fewshot,train
llm_2b_106,"Saya sih suka deh sama lipstik ini, warnanya enak, tapi sayangnya nggak kuat menutupi bibir hitam. Dibibirku warnanya jadi tipis-tipis gitu, jadi harus diulasi lagi dan lagi. Tapi lembabnya oke banget, bikin bibirku tetep terawat. Hanya saja warnanya gampang pudar setelah beberapa jam, jadi butuh diaplikasikan lagi, ya.",24H Melt-In Moisture,Nivea,negative,positive,no_aspect,positive,no_aspect,True,2B_LLM,llama3.1_fewshot,train
llm_2b_229,"Saya sangat senang dengan lip balm ini! Bibirku menjadi lembut dan lembab setelah menggunakan. Saya tidak pernah merasa kering atau gersang dengan lip balm ini. Bahkan, kulit bibirku terlihat lebih sehat dan berkilau. Warna lip balm ini ungu alami yang cantik dan sesuai dengan kombinasi makeup saya. Sangat recomended untuk kamu yang memiliki bibir tipis atau kusam!",24H Melt-In Moisture,Nivea,no_aspect,no_aspect,no_aspect,positive,no_aspect,True,2B_LLM,llama3.1_fewshot,train
llm_2b_395,"Saya akhir-akhir ini mencoba lip balm ini dan saya agak kecewa sih. Warna bibirku masih tetap hitam, tidak ada perubahan apa pun. Saya harapkan produk ini bisa memberikan warna yang lebih cerah, tapi malah tidak ada apa-apa. Sepertinya produk ini lebih cocok sebagai lembaban daripada pewarna bibir. Saya masih belum yakin ingin menggunakan lagi lip balm ini.",Baby Lips Love Color,Maybelline,negative,negative,no_aspect,positive,no_aspect,True,2B_LLM,llama3.1_fewshot,train
llm_2b_226,Siapa sich nggak suka bibir lembab dan berwarna? Saya kan seneng banget menggunakan liptint ini! Warna merah muda alaminya sangat sesuai sama aku. Bibirku jadi kelihatan lebih sehat dan cerah. Teksturnya ringan dan mudah aplikasi. Saya suka sekali efek shine-nya yang membuat wajahku terlihat lebih ceria. Bener-bener rekomended untuk kamu yang ingin punya bibir lembab dan berwarna!,24H Melt-In Moisture,Nivea,positive,no_aspect,no_aspect,positive,positive,True,2B_LLM,llama3.1_fewshot,train
llm_2b_292,"Saya paling suka produk lipcream karena biasanya cukup mudah dibersihkan dan tahan lama. Tapi, aku ngga terlalu setuju sama lipstick ini. Ketika aku mengaplikasikannya, rasanya agak kasar dan berat di bibirmu. Apalagi kalau kamu punya kulit sensitif, mungkin enggak nyaman gitu. Aku suka warna yang dihasilkan, tapi tekstur yang cakey dan berantakan membuat aku sedikit kecewa. Belum sih mau bilang mau buang aja, tapi aku bakalan mikir dua kali sebelum beli lagi!",24H Melt-In Moisture,Nivea,no_aspect,no_aspect,negative,positive,neutral,True,2B_LLM,llama3.1_fewshot,train
llm_2b_213,"Saya suka produk ini karena warnanya cukup alami, tidak terlalu bold tapi masih bisa menghidupi warna bibir saya. Shade ini tersedia dalam beberapa pilihan warna, termasuk yang saya pakai yaitu 'Coral Kiss'. Lip gloss ini lembut dan mudah dioleskan, membuatnya cocok untuk digunakan sehari-hari. Warna Coral Kissnya cukup menarik dan sesuai dengan preferensi saya. Dipakai bersama skincare routine saya, lip gloss ini memberikan hasil yang baik.",24H Melt-In Moisture,Nivea,neutral,negative,negative,negative,no_aspect,True,2B_LLM,llama3.1_fewshot,train
llm_2b_286,"Saya nemuin produk lipstik yang mirip banget sama lipstik favorit saya dulu. Pernah gak usah beli lagi, soalnya pake pun bikin bibirku kering dan pecah-pecah. Maunya nyesuaian warna, tapi ini malah bikin kulit bibir makin kering. Harganya mah lumayan mahal juga, tapi sayangnya, hasilnya gak sesuai ekspektasi saya.",24H Melt-In Moisture,Nivea,no_aspect,no_aspect,no_aspect,negative,no_aspect,True,2B_LLM,llama3.1_fewshot,train
llm_2a_PIGMENTATION_negative_6,"Aku ngerasa sedih sama lipstik ini, sih warnanya terlihat bagus di wadahnya, tapi ketika dipake gaada efeknya apa-apa! Bibirmu terlihat tetep tipis kayak biasa aja, gaada pigmen yang kuat. Pasti sih karena saya punya bibir tipis abis, tapi masih mah mau lihat hasilnya sih.",24H Melt-In Moisture,Nivea,negative,positive,no_aspect,neutral,positive,True,2A_LLM,llama3.1_fewshot,train
llm_2b_320,"Saya lagi mencoba lipstik warna nude ini untuk harian sehari-hariku. Bibirku agak gelap, mungkin karena terkena sinar matahari langsung. Lipstik ini cukup sesuai dengan warna kulit saya, tidak terlalu terang atau gelap. Teksturnya lembut dan mudah dioles. Warna ini juga tidak terlalu kontras dengan warna bibirku, jadi terlihat alami.",24H Melt-In Moisture,Nivea,neutral,no_aspect,negative,neutral,no_aspect,True,2B_LLM,llama3.1_fewshot,train
llm_2b_73,"aku suka banget sama lipstik satu ini, karena warnanya sangat cerah dan pigmented, membuat bibirku terlihat lebih vibrant. teksturnya creamy dan lembut, tidak terlalu oily atau berminyak. rona merahnya juga sangat sesuai dengan foto, tidak terlalu kuat sehingga bisa digunakan untuk segala kesempatan.",24H Melt-In Moisture,Nivea,positive,no_aspect,positive,positive,no_aspect,True,2B_LLM,llama3.1_fewshot,train
llm_2b_491,"aku suka pakai lip balm ini karna warnanya mungil pink gitu, shade-nya sesuai ama bibirku, dan bisa dipilih di beberapa variasi warna lainnya. tapi, lip balm ini enggak membuat bibirku terlalu kemerahan atau berlebihan. warnanya warna alami jadi cukup enak lihatnya. saya masih belum tahu lama waktu pemakaian lip balm ini, tapi sampai sekarang masih baik-baik saja",Baby Lips Love Color,Maybelline,neutral,no_aspect,positive,positive,no_aspect,True,2B_LLM,llama3.1_fewshot,train
llm_2b_59,"Saya suka mencoba lip balm yang baru, sehingga saya membeli lip balm ini secara spontan. Awalnya, saya pikir warnanya cukup natural, seperti shade nude yang disebutkan di kotaknya. Tapi setelah beberapa kali digunakan, saya rasa warnanya sedikit lebih intens daripada aslinya. Lip balm ini juga agak tebal dan butuh waktu agak lama agar menyatu dengan kulit bibir. Saya tidak tahu apakah itu karena jenis kulit saya sendiri atau produknya. Overall, produk ini oke aja.",24H Melt-In Moisture,Nivea,neutral,no_aspect,positive,negative,no_aspect,True,2B_LLM,llama3.1_fewshot,train
llm_2b_394,"Wah aku suka banget lipstik lupa ini! Pigmentasinya bagus-bagus membuat bibirku terlihat cerah dan sehat. Warnanya juga sesuai dengan yang di foto, bukan terlalu terang atau gelap. Bisa dipilih untuk sehari-hari atau acara spesial. Aroma vanila yang manis juga bikin saya makin betah. Tapi ya, perlu aplikasikan beberapa kali agar warna tetap stabil. Overall, sangat recommended!",24H Melt-In Moisture,Nivea,positive,negative,no_aspect,negative,no_aspect,True,2B_LLM,llama3.1_fewshot,train
llm_2b_300,"Emang saya penggemar lip balm, tapi produk baru aja sih yang bikin bingung. Lip blume ini warnanya kayak pucat, kayak abu-abu gitu. Padahal aku harapkin warna cerah gitu, tp malah kayak gak ada warna sama sekali. Bisa-bisa ga ada efek warna dibibirnya. Harganya juga mahal, kaya nggak seimbang deh.",Baby Lips Love Color,Maybelline,negative,no_aspect,negative,negative,no_aspect,True,2B_LLM,llama3.1_fewshot,train
llm_2b_349,"Saya suka lipstik ini karena teksturnya sangat lembut dan nyaman di bibir. Aplikasi mudah dan hasilnya matte bagus, tidak lengket. Warna merah muda alami membuat saya terkesan cantik. Sangat ringan, sehingga cocok untuk digunakan sehari-hari. Bibir saya terlihat lembab dan segar selama beberapa jam, meskipun tidak menggunakan primer. Sangat praktis dan cocok untuk perawatan bibir sehari-hari!",24H Melt-In Moisture,Nivea,no_aspect,no_aspect,positive,positive,positive,True,2B_LLM,llama3.1_fewshot,train
llm_2b_52,"Saya suka sekali dengan lip cream ini! Teksturnya sangat nyaman, ringan, dan tidak lengket di bibir. Warna yang pastel pinknya cocok banget buat aku. Apabila digunakan, bibir terasa lembut dan glossy alami. Saya pikir harga ini cukup terjangkau dan sudah worth banget buat saya.",24H Melt-In Moisture,Nivea,no_aspect,no_aspect,positive,positive,no_aspect,True,2B_LLM,llama3.1_fewshot,train
llm_2b_282,"Saya suka sekali dengan lipstik ini! Warna merahnya sangat cerah dan pigmented, cocok untuk hari-hari biasa maupun acara spesial. Bibirku terlihat lebih sehat dan alami dengan warna yang rich dan merata. Teksturnya tidak terlalu tebal sehingga mudah digunakan dan tidak lengket. Baunya juga manis dan tidak terlalu kuat. Overall, lipstik ini sangat recommended untuk kamu yang ingin memiliki bibir yang sehat dan cerah!",Baby Lips Love Color,Maybelline,positive,no_aspect,no_aspect,positive,no_aspect,True,2B_LLM,llama3.1_fewshot,train
llm_2a_HYDRATION_neutral_12,"Saya mencoba Nivea Lip Care dengan teksturnya yang lembut dan ringan membuat saya tidak bisa membayangkan kalau produk ini punya sifat moisturizing apa. Setiap kali menggunakan, kulit bibirku tetap sama aja, enggak pernah merasa kering atau lembab. Mungkin ini karena kebiasaan saya sering-sering menggunakan lip balm lain.",24H Melt-In Moisture,Nivea,neutral,no_aspect,no_aspect,neutral,no_aspect,True,2A_LLM,llama3.1_fewshot,train
llm_2b_24,"Saya nggak sabar beli lip balm ini karena kulit bibir saya sedang membutuhkan perawatan ekstra. Warna peach-nya super cerah dan pigmented, kayaknya membuat bibir terlihat lebih sehat. Tidak terlalu keras atau lembab, teksturnya pas-pas an sich. Warnanya tetap kuat hingga beberapa jam dan enggak mudah terhapus oleh makanan. Saya rasa harganya worth banget untuk kualitasnya!",24H Melt-In Moisture,Nivea,positive,no_aspect,no_aspect,positive,no_aspect,True,2B_LLM,llama3.1_fewshot,train
llm_2b_255,"Saya suka lip cream ini karena warnanya bagus banget! Cerah, vibrant, dan sesuai dengan gambar di kemasannnya. Pigmentasinya merata, sehingga hasilnya terlihat natural. Saya rasa warnanya seperti bibir yang sehat dan segar. Cocok digunakan sehari-hari, dan harganya pun terbilang murah. Sangat worth it!",24H Melt-In Moisture,Nivea,positive,no_aspect,no_aspect,negative,no_aspect,True,2B_LLM,llama3.1_fewshot,train
llm_2b_250,"aku suka banget dengan warna ini, jadi bibirku terlihat cerah dan merah muda alami. Pigmentasinya kuat, tidak cepat hilang setelah beberapa jam. Lapisan glossy membuat bibirku tampak berkilau. Saya rasa ini cocok untuk digunakan sehari-hari, karena hasilnya sangat natural dan tahan lama!",Baby Lips Love Color,Maybelline,positive,no_aspect,positive,positive,no_aspect,True,2B_LLM,llama3.1_fewshot,train
llm_2b_348,"Belum lama ini saya coba lipstik ini dan akhirnya saya pun jatuh cinta! Warna yang saya dapatkan sangat cerah dan sesuai dengan gambar di kotak. Pigmentasinya sangat baik, tidak pudar setelah beberapa jam. Saya suka teksturnya yang lembut dan tidak lengket. Nanti saya akan membeli lagi karena lipstik ini benar-benar membuat bibir saya terlihat lebih cantik!",24H Melt-In Moisture,Nivea,positive,no_aspect,no_aspect,positive,no_aspect,True,2B_LLM,llama3.1_fewshot,train
llm_2b_11,"Aku suka lipstik ini karena benar-benar melembabkan bibirku! Setelah beberapa jam menggunakan, masih tetap lembap dan tidak pernah kering. Warna yang cantik dan ada aroma yang manis juga. Senyumku selalu terlihat lebih cerah dengan lipstik ini. Aku bisa gunakan untuk sehari-hari tanpa khawatirkan kondisi bibirku.",24H Melt-In Moisture,Nivea,no_aspect,no_aspect,no_aspect,positive,no_aspect,True,2B_LLM,llama3.1_fewshot,train
llm_2b_328,"gue baru coba lipstik ini seminggu lalu, ga sabar mau coba sama temen-temen ku di party nanti. awalnya gue pikir lipstik ini bagus abis, tampilannya cantik dan warnanya sesuai dengan preferensi gue. tapi ketika gue apply di bibir, kayaknya lengket banget! gue rasanya seperti ada lapisan tipis yang kayaknya cakey di atas bibir. pas udah beberapa jam, warnanya mulai turun gitu dan gue harus pake lipstik lagi biar tetep terlihat menarik. ga puas deh dengan hasilnya",24H Melt-In Moisture,Nivea,no_aspect,no_aspect,negative,negative,positive,True,2B_LLM,llama3.1_fewshot,train
llm_2b_179,Saya rasa sangat senang karena menemukan lip balm ini! Warna merah muda alaminya benar-benar nyala di bibirku. Teksturnya lembut dan enggak terlalu berminyak sehingga tidak membuat bibirku terlihat kusam. Pigmentasi warna nya sangat baik dan tahan lama. Bibirku pun terlihat lebih cerah dan seimbang. Saya suka sekali dengan hasilnya!,24H Melt-In Moisture,Nivea,positive,no_aspect,positive,positive,positive,True,2B_LLM,llama3.1_fewshot,train
llm_2b_41,"sejujurnya aku nggak tahu produk ini bagus atau enggak tapi karena bibirku kering banget aku langsung coba aja, hasilnya bibirku makin lembab dan ga ada masalah sama deh. berasa lembab sepanjang hari dan warnanya juga sesuai dengan apa yang aku mau. udah beberapa minggu aku gunain, belum pernah habis, waktunya lama banget",24H Melt-In Moisture,Nivea,no_aspect,no_aspect,no_aspect,positive,no_aspect,True,2B_LLM,llama3.1_fewshot,train
llm_2b_436,"Saya mencoba lipstik dari merk X, tapi sayangnya hasilnya gak sesuai sama yang saya harapkan. Warna yang dipilih cenderung pucat dan kurang pigmented, jadi setelah beberapa jam makan makanan atau minum teh, warna lipstiknya langsung luntur dan membuat bibir saya terkesan tipis. Saya enggak bisa menyukainya, karena harus sering-sering aplikasikan untuk mempertahankan warna.",24H Melt-In Moisture,Nivea,negative,negative,positive,positive,positive,True,2B_LLM,llama3.1_fewshot,train
llm_2a_LONGEVITY_neutral_9,"Saya ngobrolin lip gloss ini bareng sahabatku waktu liburan, dia bilang kalau ini lip gloss favoritnya. Aku memang suka warna cerah, dan ini punya warna yang bagus, plus teksturnya lembut banget. Siapa tahu, lip gloss ini tahan sampai 4 jam di bibir saya, tidak terlalu lama tapi cukuplah bagi aku yang suka lip gloss. Sayangnya, setelah itu harus direapply, tapi itu gak masalah. Recommended deh, mau beli lagi!",24H Melt-In Moisture,Nivea,negative,neutral,neutral,negative,no_aspect,True,2A_LLM,llama3.1_fewshot,train
llm_2b_402,"Yudha aku masih kecewa sama lip cream ini, pembelian pertamanya udah lebih kurang 6 bulan, gaada hasilnya, aku harus reapply berkali-kali dan warna lipstickny pun agak pudar gitu deh. Sekedar ada efek shimmer aja dari glitter yang kayak gak berguna sih. Harusnya gw pilih lipstik lainnya sih... Lantas aku pikir mungkin ada masalah pada bibir saya sendiri, akhirnya kuputuskan coba lagi dengan membuat ulasan ini. Pemakaian selanjutnya hasilnya sama, gaada warna yang tahan lama dan butuh disimpan tiap jam. Bisa aja dipake secara biasa tapi siapa sih yang mau reapply lipstik setiap waktu?",Baby Lips Love Color,Maybelline,no_aspect,negative,no_aspect,positive,no_aspect,True,2B_LLM,llama3.1_fewshot,train
llm_2b_221,"Pernah coba lip cream ini beberapa kali, tapi malah lebih suka lipstik biasa karena hasilnya kurang pigmented sih. Warna lip cream ini lebih tipis daripada warna bibirku sendiri. Ketika saya aplikasikan, efeknya cuma sebentar aja kayak ada sedikit cat bibir. Lalu setelah itu, warnanya langsung pudar dan terlihat seperti kulit bibir biasa aja.",24H Melt-In Moisture,Nivea,negative,no_aspect,no_aspect,no_aspect,positive,True,2B_LLM,llama3.1_fewshot,train
llm_2b_111,"Saya suka banget lip balm ini karena warnanya alami dan aromanya enak, tapi sayangnya tidak bisa menjaga kelembapan bibir saya. Setelah menggunakannya, bibir saya masih terasa kering dan pecah-pecah, kayak cuma kulit di luar aja yang tampak sehat. Bisa-bisa aku pakai lip balm ini untuk tampil fresh, tapi rasanya enggak worth banget kalau bibirku masih kering kayak gini. Saya pikir produk lain bisa lebih baik dalam hal kelembaban, maklum budgetnya juga lumayan mahal.",Baby Lips Love Color,Maybelline,no_aspect,no_aspect,no_aspect,negative,no_aspect,True,2B_LLM,llama3.1_fewshot,train
llm_2b_252,"Saya suka lip tint ini karena warnanya matching dengan kulit saya. Shade peachy pastelnya cocok buat saya. Tersedia dalam beberapa varian, tapi ini yang warna favoritku. Bisa dipilih sesuai dengan mood hari. Menggunakan lip tint sebelumnya sih, tapi saya rasa warnanya kurang stabil, soalnya setelah sekitar 2 jam sudah mulai pudar. Lip tint ini lebih awet sih, tetapi harus diolesi ulang kalau ingin mendapatkan hasil yang sempurna.",Baby Lips Love Color,Maybelline,neutral,no_aspect,neutral,positive,no_aspect,True,2B_LLM,llama3.1_fewshot,train
llm_2b_274,"Lipstick favoritku, Bioderma Photoderm Daily Lip Balm ini emang tampil cantik, tapi sayangnya ga tahan lama! Setelah beberapa jam, lipstik mulai luntur dan harus direapply. Bibirmu bakal langsung kering gitu kalau tiap-tiap makan/minum juga. Aroma rose-nya enak sih, tapi ga membuat lipstik lebih tahan. Kalau kamu punya bibir agak sensitif atau pecah-pecah, ya mending cari lipstick lain deh.",24H Melt-In Moisture,Nivea,no_aspect,negative,no_aspect,positive,no_aspect,True,2B_LLM,llama3.1_fewshot,train
llm_2b_432,"Lipstikku favorit sekarang ini sungguh-sungguh pigmented! Warna coklat matangnya bagus banget dan merata di seluruh bibir. Tidak seperti lipstik biasa, ini tidak mudah luntur atau mengenepeng di kulitku. Warna cerahnya membuat saya makin percaya diri. Saya sangat merekomendasikan!",24H Melt-In Moisture,Nivea,positive,no_aspect,no_aspect,no_aspect,no_aspect,True,2B_LLM,llama3.1_fewshot,train
llm_2b_60,"Saya menggunakan lip gloss ini karena teman saya merekomendasinya. Warna aslinya red cherry, sangat cocok untuk musim panas. Teksturnya agak berminyak, tapi tidak terlalu berat sehingga cocok digunakan sehari-hari. Tapi, perlu dicatat bahwa warnanya bisa hilang setelah beberapa jam, jadi perlu direfresh. Aroma cokelatnya enak, membuat saya ingin menggunakannya lagi. Saya pikir ini adalah pilihan baik bagi mereka yang suka lip gloss lembut.",Baby Lips Love Color,Maybelline,neutral,no_aspect,positive,no_aspect,positive,True,2B_LLM,llama3.1_fewshot,train
llm_2b_171,"Saya mencoba lip balm ini karena suka dengan warna nude-nya. Shade yang saya pilih itu sebenarnya tidak sesuai dengan apa yang saya harapkan, warnanya lebih gelap daripada yang saya lihat di gambar. Tapi setelah dicoba, ternyata lip balm ini cukup nyaman digunakan dan memberikan kesan lembab pada bibir. Efek glossy-nya juga membuat saya senyum-senyum. Saya pikir lip balm ini cocok untuk hari biasa-biasa, bukan untuk acara spesial.",24H Melt-In Moisture,Nivea,neutral,no_aspect,positive,neutral,no_aspect,True,2B_LLM,llama3.1_fewshot,train
llm_2b_450,"Wah, aku suka banget sama warna merah muda ini! Lipstikku ini punya pigmen yang kuat, warnanya tetap cerah sepanjang hari. Aplikasinya mudah dan enggak bikin bibirku terasa keras. Hasilnya, bibirku jadi lebih lembab dan merah alami. Saya seneng banget bisa menggunakan lipstik ini setiap hari!",24H Melt-In Moisture,Nivea,positive,positive,positive,positive,no_aspect,True,2B_LLM,llama3.1_fewshot,train
llm_2b_9,"Saya cukup kecewa dengan hasilnya karena warna merah yang saya harapkan tidak terlihat setelah menggunakan lip balm ini. Warna transparan kayak bening, tipis, dan ga ada pigmentasi apa-apa. Aku cuma bisa lihat efek gliter yang kayak-kayak saja. Wajib reapply sebanyak-banyaknya agar ga kelihatan pucat, tapi efisien untuk melembabkan bibir.",Baby Lips Love Color,Maybelline,negative,negative,negative,positive,no_aspect,True,2B_LLM,llama3.1_fewshot,train
llm_2b_152,"Aku sudah pakai lipstik ini selama seminggu sekalau mau makan/minum/tidur pun ga perlu repack, tetep sih waktunya tahan lama sih. Bibirmu bakal ngilang sih tapi nggak drastis, ada sedikit pudar aja dan kamu bisa pakai lagi. Sangat recomended buat kamu yang suka aktivitas dr ambangannya!",Oh My Glam Mattelast Lip Cream,Omg,no_aspect,positive,no_aspect,positive,positive,True,2B_LLM,llama3.1_fewshot,train
llm_2b_478,"Aku suka sekali dengan lip gloss ini karena warnanya sangat cerah dan pigmented, membuat bibirmu terlihat lebih segar dan siap sedia untuk beraktivitas. Warna bold dan rich-nya juga membuatku merasa percaya diri. Lip gloss ini nyaman dipakai dan tidak lengket sehingga mudah digunakan setiap hari.",24H Melt-In Moisture,Nivea,positive,no_aspect,no_aspect,negative,no_aspect,True,2B_LLM,llama3.1_fewshot,train
llm_2b_10,"Aku suka lipstik ini karena warnanya cerah dan pigmented banget! Buat aku yang punya kulit bibir tipis-tipis, lipstik ini membantu membuat bibir terlihat lebih tebal dan seimbang. Warna pink alami yang ditawarkan benar-benar membuat aku sih. Dengan SPFnya juga, aku tidak perlu khawatir soal proteksi bibir saat beraktivitas di luar.",Oh My Glam Mattelast Lip Cream,Omg,positive,no_aspect,no_aspect,positive,positive,True,2B_LLM,llama3.1_fewshot,train
llm_2b_238,"Aku cukup kecewa sama lip cream ini. Awetnya ga lebih dari beberapa jam, setelah itu warna warnanya mulai pudar dan kulit bibirku kelihatan kayak kelembaban yang parah. Tidak ada hasil long-lasting apa-apa, mau foto atau video aja sudah menghilangkan warna warna alami bibirku. Saya harus rajin-rerajinkan untuk mempertahankan hasilnya, padahal aku senang sekali dengan warna yang ditawarkan.",24H Melt-In Moisture,Nivea,no_aspect,negative,no_aspect,positive,no_aspect,True,2B_LLM,llama3.1_fewshot,train
llm_2b_378,"Saya suka banget lipstick ini! Warnanya cerah dan pigmented, sehingga bisa bikin bibirku terlihat lebih tebal dan seimbang. Shade yang saya pilih itu sangat sesuai dengan warna kulitku, jadi nggak perlu khawatir bahwa lipstick ini bakal terlalu terang atau terlalu gelap. Dengan lipstick ini, aku bisa dapatkan tampilan bibir yang vibrant dan cantik tiap hari!",24H Melt-In Moisture,Nivea,positive,no_aspect,positive,positive,no_aspect,True,2B_LLM,llama3.1_fewshot,train
llm_2b_237,"Lipstick ini dari Laneige sih sangat lembab banget! Bibirku kayak ngilang setelah penggunaan, ga kerasa kering sedikit pun. Aroma strawberry-nya juga harum dan cocok buat saya. Rasa lipstiknya juga enak, gitu-gitu aja kalau dihabisin, tapi kan ga bikin noda. Saya suka sekali produk ini!",24H Melt-In Moisture,Nivea,no_aspect,no_aspect,no_aspect,positive,no_aspect,True,2B_LLM,llama3.1_fewshot,train
llm_2b_316,"Siapa sih yang tidak ingin bibir mereka terlihat cerah dan merah montok? Lip balm ini jadi salah satu pilihan favorit saya karena pigmentasinya yang bagus dan warna merah yang sesuai dengan foto. Bibirku jadi lebih cerah dan terlihat lebih segar setelah menggunakan lip balm ini. Saya suka banget warna yang bold dan rich, membuat saya merasa percaya diri saat beraktivitas.",24H Melt-In Moisture,Nivea,positive,no_aspect,positive,positive,no_aspect,True,2B_LLM,llama3.1_fewshot,train
llm_2b_303,"Aku nyaman banget pake lip cream ini sehari-hari! Warna coralnya sesuai banget dengan kulit aku, tidak terlalu terang ataupun terlalu gelap, makin membuat wajahku cerah. Pigmentasinya kuat sehingga hasilnya tetap sempurna meski setelah beberapa jam. Bahan moisturizing-nya juga sangat baik, jadi bibirku selalu lembab dan sehat.",24H Melt-In Moisture,Nivea,positive,no_aspect,positive,positive,positive,True,2B_LLM,llama3.1_fewshot,train
llm_2b_498,"nilai 5! aku jatuh cinta sama lipbalm ini karena pigmentasinya yang kuat! Warna bold dan merah intensitasnya pas untuk aku, tidak terlalu lembut atau terlalu keras. Bibirku tetap lembab setelah beberapa jam dan efeknya terlihat alami. Teksturnya nyaman digunakan dan tidak lengket. Apalagi warnanya yang vibrant membuat aku nyaman menggunakan lipbalm ini sebagai harian!",Baby Lips Love Color,Maybelline,positive,negative,no_aspect,positive,positive,True,2B_LLM,llama3.1_fewshot,train
llm_2b_307,"Aku nyaman aja pake lipcream ini, warnanya yang cerah dan pigmented benar-benar cocok buat aku! Tidak terlalu bright, tidak terlalu soft, tetapi ada nuansa alami yang bikin aku nyaman. Sama sekali nggak mengganggu saat digunakan. Bibirku jadi lebih vibrant dan sehat setelah dipakaikan.",24H Melt-In Moisture,Nivea,positive,no_aspect,no_aspect,no_aspect,no_aspect,True,2B_LLM,llama3.1_fewshot,train
llm_2b_38,"Saya suka banget sama lipstik ini! Warna merah muda yang dihadirkannya sangat sesuai dengan preferensi saya. Bibirku jadi terlihat lebih cerah dan segar setelah menggunakan lipstik ini. Pigmentasinya pun cukup tebal sehingga tidak mudah luntur. Saya bisa menikmati hari dengan percaya diri, tahu kalau bibirku sudah terlihat cantik.",24H Melt-In Moisture,Nivea,positive,no_aspect,no_aspect,positive,no_aspect,True,2B_LLM,llama3.1_fewshot,train
llm_2b_324,"Saya suka dengan lipstik ini karena warnanya sangat cerah dan pigmented! Warna merah gelapnya cocok untuk saya, dan hasilnya tetap bertahan hingga beberapa jam. Bacaan awalnya sedikit mengecewakan, namun setelah 10 kali swipe warna sudah mulus dan tidak bergelombang. Saya rasa kulit bibir saya lebih lembab dan sehat dengan menggunakan lipstik ini. Waktu saya gunakan lipstik ini, rambut jenggot pun tidak meninggalkan mark di bibirku.",24H Melt-In Moisture,Nivea,positive,no_aspect,no_aspect,negative,no_aspect,True,2B_LLM,llama3.1_fewshot,train
llm_2b_310,"Saya suka banget dengan lip cream ini! Warna merahnya sangat cerah dan pigmented, sehingga membuat bibirku terlihat lebih vibrant. Teksturnya lembut dan tidak terlalu oily, sehingga cocok digunakan sehari-hari. Efek moisturizingnya tahan lama, jadi saya tidak perlu memakainya lagi saat pergi. Saya sangat merekomendasikan produk ini bagi mereka yang ingin memiliki bibir yang seimbang dan cerah!",24H Melt-In Moisture,Nivea,positive,negative,no_aspect,negative,no_aspect,True,2B_LLM,llama3.1_fewshot,train
llm_2b_136,"aku suka banget sama lip cream ini karena teksturnya sangat lembut dan ringan. ketika dipakai, rasa biasa aja, enggak ada kesan lengket atau berat. Hasilnya matte bagus, ga terlalu kilap atau kusam. Cocok banget buat sehari-hari, bisa dipakai secara langsung atau sebagai lapisan alas bibir. Harganya juga terjangkau, pokoknya bikin aku makin suka lip cream ini!",24H Melt-In Moisture,Nivea,no_aspect,no_aspect,positive,positive,no_aspect,True,2B_LLM,llama3.1_fewshot,train
llm_2b_256,"Saya suka banget dengan lipstik ini karena warnanya super cerah dan pigmented! Bibirku terlihat lebih vibrant dan seolah-olah baru saja dimulaskan lipstick! Warna merah muda ini sangat cocok untuk aku dan tidak membuat kulitku terkesan pucat. Ketebalan warna juga pas, tidak terlalu tipis atau tebal. Saya rasa ini adalah lipstik yang sempurna untuk sehari-hariku!",24H Melt-In Moisture,Nivea,positive,no_aspect,negative,positive,no_aspect,True,2B_LLM,llama3.1_fewshot,train
llm_2b_449,"Saya suka banget sama lip balm ini! Warna bibirku menjadi lebih cerah dan vibrant setelah dipakai. Pigmentasi warnanya sangat baik, tidak terlalu intens atau lemah, jadi cocok untuk digunakan sehari-hari. Bibirku juga terlihat lebih seimbang dan sehat. Saya tidak perlu repot-repot memilih warna lain, ini sudah pas untuk saya! Harganya juga sangat terjangkau.",24H Melt-In Moisture,Nivea,positive,no_aspect,no_aspect,negative,no_aspect,True,2B_LLM,llama3.1_fewshot,train
llm_2b_42,"Saya suka sekali warnanya rose petal, tersedia dalam beberapa shade lainnya juga sih, tapi saya masih belum coba. Teksturnya empuk dan gampang diaplikasikan. Warna pinknya cukup alami dan tidak terlalu intens. Cocok untuk harian-harian.",Baby Lips Love Color,Maybelline,neutral,negative,no_aspect,positive,no_aspect,True,2B_LLM,llama3.1_fewshot,train
llm_2b_288,"Saya suka banget dengan warna lipstik ini! Merah muda alami yang sedikit cerah membuat saya terlihat lebih segar dan siap sedia. Bibirku pun terlihat lebih hidup dengan tekstur yang halus dan tidak keras. Lipstik ini long-lasting, tidak cepat luntur meski saya sering makan dan minum. Saya sangat puas dengan hasilnya, cocok untuk digunakan sehari-hari.",24H Melt-In Moisture,Nivea,positive,no_aspect,neutral,no_aspect,positive,True,2B_LLM,llama3.1_fewshot,train
llm_2b_347,"saya beli ini pas promo dan emang deh sangat worth it! lip balm ini cukup besar jadi bisa dipake buat masa panjang. warnanya cantik, bibirku tampak lebih cerah dan lembab setelah pakainya. packagingnya kece, sisa produknya masih banyak juga. harga jualannya murah sekali buat lip balm berkualitas seperti ini. saya akan repurchase kalo ada lagi promo!",Baby Lips Love Color,Maybelline,no_aspect,no_aspect,no_aspect,no_aspect,positive,True,2B_LLM,llama3.1_fewshot,train
llm_2b_25,"aku suka banget dengan teksturnya yang lembut dan ringan, nggak lengket dan ampuh membuat bibirmu terlihat cerah dan sehat. Aku bisa nyanyi ke kamar mandi sambil pakai lip balm ini karena teksturnya ga bikin kulit bibirku kerasan atau perih, jadi siap-siap aja deh untuk coba lip balm ini!",Baby Lips Love Color,Maybelline,no_aspect,no_aspect,positive,no_aspect,no_aspect,True,2B_LLM,llama3.1_fewshot,train
llm_2b_386,"Wah aku suka banget lip cream ini! Warnanya super cerah dan pigmented, cocok banget dengan hasilnya di foto. Bibirku sekarang terlihat lebih segar dan merah muda alami. Warna yang rich dan vibrant membuat aku merasa percaya diri. Boleh banget dipakai sehari-hari tanpa khawatir kulit bibir kering atau pecah-pecah. Pasti ada di daftar pilihan lip cream favoritku!",24H Melt-In Moisture,Nivea,positive,no_aspect,no_aspect,positive,positive,True,2B_LLM,llama3.1_fewshot,train
llm_2b_298,"Saya cukup puas dengan warna shade peach dari lip balm ini. Warna peachnya tidak terlalu tajam dan sangat cocok untuk saya yang suka warna netral. Tersedia dalam beberapa pilihan warna, termasuk nude, coral, dan beige. Bibir saya tidak terasa kering setelah digunakan dan memiliki lapisan perlindungan SPF 15. Teksturnya halus dan lembut.",Baby Lips Love Color,Maybelline,neutral,negative,no_aspect,positive,no_aspect,True,2B_LLM,llama3.1_fewshot,train
llm_2b_487,"Saya suka warna nada itu pada Rimmel Stay Matte By Kate Moss,shade 'Pink Swoon'. Warna pink yang soft banget, gak terlalu terlihat. Bisa dijadikan topper untuk lip gloss atau dipakai sehari-hari. Teksturnya lembut, gak lengket juga.",24H Melt-In Moisture,Nivea,neutral,no_aspect,no_aspect,positive,no_aspect,True,2B_LLM,llama3.1_fewshot,train
llm_2b_208,"Saya suka sekali dengan warna bibirku yang makin cerah setelah menggunakan lipstik ini! Teksturnya lembut dan mudah dibaurkan sehingga tidak terlalu berat di bibir. Warna yang dipilih ini sangat sesuai dengan favorit saya, bold dan vibrant tetapi masih terlihat alami. Bibirku sekarang tampak lebih sehat dan segar!",Baby Lips Love Color,Maybelline,positive,no_aspect,negative,positive,no_aspect,True,2B_LLM,llama3.1_fewshot,train
llm_2a_PRICE_negative_9,"Maaf dech lipstik favorit saya yang lama udah habis, akhir2 ini pengen beli lipstik baru. Coba aja lipstik ini sih, mahal abis, kurang lebih 80rb! Kok bisa begitu mahal? Aneh, kalau kwalitasnya emang gak bad, tapi kayaknya ga seimbang sama harganya, lipstik ini kayak lipstik high-end gitu. Waktu dipake justru jadi gatal-gatal di bibir, kayaknya efeknya tidak ampuh, sedikit aja warna tipis-tisu jadi mesti pake banyak aplikasi. Bisa sih menutupi bibir tetapi ngga worth it lah untuk uang 80rb",24H Melt-In Moisture,Nivea,negative,no_aspect,neutral,negative,negative,True,2A_LLM,llama3.1_fewshot,train
llm_2b_390,"Jadi aku nggak suka sama lip cream ini. Warna merah muda alami aja di kemasan, tapi setelah diaplikasikan di bibir, kayaknya warnanya langsung luntur semua. Saya sih bisa terima kalau tidak pigmented tapi kok ga terlalu baik tuh, warna lip cream ini kayaknya tidak pas sama sekali. Bibirku masih terlihat normal aja, nggak ada efek 'wow' apa pun. Bisa-bisa deh pilih lip cream lain.",24H Melt-In Moisture,Nivea,negative,no_aspect,no_aspect,positive,no_aspect,True,2B_LLM,llama3.1_fewshot,train
llm_2b_231,"Lip Cream by Laneige ini aku beli karena temenku sering ngomongin kelebihannya. Lip cream ini memang mudah di aplikasikan dan memberikan tekstur yang lembut pada bibirku. Hasilnya, warna lip cream ini cukup sesuai dengan klaimnya, yaitu warna nude yang natural. Tidak terlalu intense, tidak terlalu tipis juga. Cuma perlu sedikit maintenance supaya tetep warnanya. Overall, lip cream ini ok lah.",24H Melt-In Moisture,Nivea,neutral,no_aspect,no_aspect,negative,no_aspect,True,2B_LLM,llama3.1_fewshot,train
llm_2b_92,"Aku suka nyari lip balm yang bisa memberikan warna bibir agak alami gitu, tapi ternyata ini malah bikin bibirku semakin tipis dan kurang pigmented deh. Warna awalnya cukup cerah di packaging, tapi setelah dipakai beberapa kali, makin pudar dan tidak ada efek lipat seperti yang aku harapin. Sepertinya lebih baik aku cari lip balm lain yang bisa memberikan hasil yang lebih maksimal.",24H Melt-In Moisture,Nivea,negative,negative,positive,positive,positive,True,2B_LLM,llama3.1_fewshot,train
llm_2b_421,"Ah, lipstik ini benar-benar worth it! Harganya super terjangkau, cuma Rp25.000, tapi kualitasnya tidak murahan loh. Warna warna merah muda alami bikin mata mengedip. Boleh banget untuk daily look. Aku suka karena lipstik ini waterproof, enggak perlu repot-repot aplikasikan lagi setiap hari. Saya rasa ini harga bersahabat untuk kualitas yang ditawarkan.",Baby Lips Love Color,Maybelline,no_aspect,no_aspect,no_aspect,no_aspect,positive,True,2B_LLM,llama3.1_fewshot,train
llm_2b_8,"Aku suka banget lip cream ini! Bibirku selalu lembut dan lembap setelah pakainya. Dia bikin bibirku menjadi warna merah muda cantik tanpa membuat kulitnya kering atau pecah. Cepat dan mudah digunakan, aku bisa membawanya kemana-mana karena botolnya kecil dan praktis. Bisa dipilih warna favoritmu, aku suka warna peachnya yang lembut. Cocok untuk sehari-hari, waktunya pas!",24H Melt-In Moisture,Nivea,no_aspect,no_aspect,no_aspect,positive,positive,True,2B_LLM,llama3.1_fewshot,train
llm_2b_72,"Ahah, aku jatuh cinta sama lip balm ini! Teksturnya super lembut dan ringan sehingga tidak bikin bibirku merasa terbebani. Warna yang creamy dan matte bagus membuat aku suka banget. Aku bisa pilih apakah mau lipstick yang full cover atau lebih subtle karena lip balm ini tidak mengganggu. Cocok banget untuk sehari-hari!",24H Melt-In Moisture,Nivea,no_aspect,no_aspect,positive,positive,no_aspect,True,2B_LLM,llama3.1_fewshot,train
llm_2b_228,"Aku suka deh sama warna peach pada lip balm ini, tidak terlalu mencolok tapi masih bisa menambah kesan cantik pada bibirmu. Shade yang tepat untuk musim panas ini, tidak membuat kulit bibir terlihat kering atau terdorong warna alami. Tersedia dalam beberapa pilihan warna, namun aku pilih peach yang ringan karena warnanya sesuai dengan warna kulitku.",24H Melt-In Moisture,Nivea,neutral,no_aspect,no_aspect,positive,no_aspect,True,2B_LLM,llama3.1_fewshot,train
llm_2b_64,"Saya beli lip cream ini karena suka warna coklatnya yang mudah digunakan. Formula hydrating-nya biasa aja, tidak membuat bibir saya menjadi lembap atau kering. Saya rasa itu normal, karena saya punya kulit bibir yang tidak terlalu kering atau berminyak. Lip cream ini memang bisa memberikan warna coklat yang sehat, tapi saya tidak pernah menggunakan SPF, jadi enggak tahu bagaimana performanya.",24H Melt-In Moisture,Nivea,no_aspect,no_aspect,no_aspect,neutral,no_aspect,True,2B_LLM,llama3.1_fewshot,train
llm_2b_393,"Saya suka banget sama lipstik ini! Warna pinknya cukup terang dan membuat bibir saya terlihat seimbang, bukan terlalu tipis atau tebal. Pigmentasi warnanya sangat baik sehingga tidak mudah hilang setelah beberapa jam. Saya bisa menggunakannya sebagai pilihan harian untuk membawa ke mana pun saya pergi.",24H Melt-In Moisture,Nivea,positive,positive,no_aspect,positive,no_aspect,True,2B_LLM,llama3.1_fewshot,train
llm_2b_220,"Aku suka sekali sama lip balm ini! Bikin bibirku lembut dan hidrasi, enggak pernah bikin kering gitu. Wanginya strawberry manis banget, bikin aku makin penasaran ingin pake lagi dan lagi. Saya punya bibir sensitif, tapi ini ga bikin kulit bibirku irit atau gatal. Cocok banget untuk saya!",24H Melt-In Moisture,Nivea,no_aspect,no_aspect,no_aspect,positive,positive,True,2B_LLM,llama3.1_fewshot,train
llm_2b_325,"Saya suka banget lipstick ini! Warna nya vibrant dan bold, cocok banget untuk saya. Pigmentasinya rata dan tidak menyebar ke sekitarnya. Kualitasnya oke, tahan lama dan tidak cepat tipis. Saya bisa pakai sepanjang hari tanpa perlu top-up lagi. Selain itu, teksturnya lembut dan tidak lengket. Saya suka banget lipstik ini, sangat worth buy!",24H Melt-In Moisture,Nivea,positive,no_aspect,negative,negative,positive,True,2B_LLM,llama3.1_fewshot,train
llm_2b_77,"Saya sangat suka dengan lipcream ini! Warna merah muda yang dipilihnya sangat cocok dengan kulitku, tidak terlalu terang atau terlalu gelap. Pigmentasi yang baik membuat bibirmu tampak lebih cerah dan segar. Aromanya juga wangi dan tidak menyebalkan. Lipcream ini memenuhi harapan saya sebagai seseorang yang ingin memiliki bibir yang berwarna alami dan tetap lembab selama hari.",24H Melt-In Moisture,Nivea,positive,no_aspect,positive,positive,no_aspect,True,2B_LLM,llama3.1_fewshot,train
llm_2b_49,"Lipstick favoritku selalu ini! Bisa melembabkan bibir aku seharian, hasilnya bibirku selalu lembut dan tidak kering sama sekali. Aroma vanila membuatnya makin mudah digunakan. Bibirku pun tampak lebih sehat dan cerah dengan efek warna yang pastilah. Pemilik bibir sensitif akan betah apa aja jenis kulit bisa pakai ini!",Oh My Glam Mattelast Lip Cream,Omg,no_aspect,no_aspect,no_aspect,positive,positive,True,2B_LLM,llama3.1_fewshot,train
llm_2b_440,Saya mencoba lip gloss ini karena temen saya bilang itu bagus. Warna merah marunnya pas di kulitku. Sekilas agak shiny tapi tidak over the top. Saya suka karena bisa dibawa kemana-mana dan ada aroma manisnya. Packagingnya sederhana tapi aman. Bisa dipilih untuk harian sehari-hari.,24H Melt-In Moisture,Nivea,neutral,no_aspect,positive,neutral,positive,True,2B_LLM,llama3.1_fewshot,train
llm_2b_110,"Saya membeli lip balm ini karena temen saya bilang kenyaman buat dipakai harian. Lip balm ini memiliki shade yang unik, warnanya cenderung creamy. Aromanya enak, mirip dengan manisan stroberi. Bisa dikatakan lip balm ini ringan, tidak berat di bibir. Tersedia dalam beberapa varian warna, tapi saya pilih warna biru muda karena terlihat cocok buat saya.",24H Melt-In Moisture,Nivea,neutral,no_aspect,no_aspect,neutral,no_aspect,True,2B_LLM,llama3.1_fewshot,train
llm_2b_145,"Jujur, aku nggak sangka lip cream ini bakalan membuat bibirku terlucu lembap seperti ini! Sudah beberapa hari aku gunain, dan aku masih gemesin dengan hasilnya. Bibirku yang tadinya kering kayak kulit krokis sekarang udah makin sehat dan lembut. Tidak perlu repot-repot aplikatin serum atau vitamin B lagi!",24H Melt-In Moisture,Nivea,no_aspect,no_aspect,no_aspect,positive,no_aspect,True,2B_LLM,llama3.1_fewshot,train
llm_2b_28,"Saya suka banget lip balm dari The Body Shop ini! Bibir saya yang biasanya kering menjadi lembab dan halus setelah digunakan. Teksturnya ringan dan mudah diaplikasikan. Saya bisa menggunakan lip balm ini sepanjang hari tanpa perlu khawatir bibir saya menjadi kering lagi. Warna-warna yang ada juga cantik-cantik, membuat saya ingin koleksi semua!",24H Melt-In Moisture,Nivea,no_aspect,no_aspect,no_aspect,positive,no_aspect,True,2B_LLM,llama3.1_fewshot,train
llm_2b_33,"Aku sih gak terlalu suka sama lip gloss ini, kece karena warnanya, tapi pake bareng ini bibirmu bakal kering gitu. Saya coba beberapa kali, hasilnya selalu kering dan pecah-pecah. Aku pikir lip glossnya seharusnya bisa melembabkan bibir, bukan bikin semakin kering. Sekarang gue udah berenti pakainya.",24H Melt-In Moisture,Nivea,no_aspect,no_aspect,no_aspect,negative,no_aspect,True,2B_LLM,llama3.1_fewshot,train
llm_2b_475,"Saya suka dengan bentuk lipstik ini karena warnanya sesuai dengan apa yang saya lihat di kotaknya, ada warna nude yang sangat klasik, shade cenderung medium dan tidak terlalu gelap, juga tidak terlalu cerah, warnanya sesuai untuk digunakan sehari-hari. Tersedia dalam beberapa pilihan warna sehingga kita bisa memilih sesuai selera masing-masing. Kombinasinya antara teksturnya yang lembut dan rasa yang manis bikin saya ingin pakainya lebih lama.",24H Melt-In Moisture,Nivea,neutral,no_aspect,no_aspect,no_aspect,no_aspect,True,2B_LLM,llama3.1_fewshot,train
llm_2b_356,"Saya suka gunakan lipstik ini karena warnanya oke, tidak terlalu intens tapi juga nggak lemah. Shade peachnya sesuai buat kulitku, kayak gitu kayak aku punya bibir sendiri. Dengan hasil akhir yang natural, lipstik ini cocok buat saya pake setiap hari.",24H Melt-In Moisture,Nivea,neutral,negative,no_aspect,negative,no_aspect,True,2B_LLM,llama3.1_fewshot,train
llm_2a_PRICE_negative_5,"Aku pikir lipstik ini sangat mahal untuk apa yang ditawarkannya, ya! Aplikatornya kayak biasa aja, tak semacam apa yang membuatnya beda dari produk lainnya. Saya rasa teksturnya agak kasar di kulit bibirku juga. Warnanya juga ga banyak pilihannya, cuma beberapa warna standar aja. Kalau harga Rp75k pastinya ada hal yang lebih baik dari ini.",24H Melt-In Moisture,Nivea,no_aspect,negative,positive,positive,negative,True,2A_LLM,llama3.1_fewshot,train
llm_2b_40,"Saya membeli lip balm ini karena saya ingin mencoba warna ungu baru yang sedang tren. Lip balm ini tersedia dalam beberapa shade, termasuk ungu gelap yang saya pilih. Warna ungu gelapnya masih samar-samar saat dipakai, tidak terlalu intens. Teksturnya ringan dan lembut, membuatnya nyaman digunakan setiap hari. Aroma bawangnya segar dan manis, tidak terlalu kuat. Saya puas dengan hasilnya!",24H Melt-In Moisture,Nivea,neutral,no_aspect,no_aspect,positive,positive,True,2B_LLM,llama3.1_fewshot,train
llm_2b_494,"Aku suka deh lip cream Tom Ford ini, rasanya lembab banget buat bibirmu. Sayangnya, efeknya cuma cepet luntur. Saya harus apply ulang setiap jamannya, kalau tidak mau pusing terus mikirin kembali lip cream. Makanya aku lebih seneng pakainya sebagai dasar lipstik aja, supaya bibir tetep lembab. Kebetulan harga relatif murah, jadi aku masih nyaman belinya.",24H Melt-In Moisture,Nivea,no_aspect,negative,positive,positive,no_aspect,True,2B_LLM,llama3.1_fewshot,train
llm_2b_199,"Saya akhirnya menemukan lip gloss favorit saya! Warna merah muda cantiknya membuat bibir saya terlihat lebih segar dan cerah. Pigmentasi warnanya bagus banget, tidak terlalu tipis atau terlalu tebal, sehingga saya dapat memiliki tampilan bibir yang alami. Bibir saya pun menjadi lebih sihat dan kencang. Saya suka lip gloss ini karena warna yang vibrant dan bold, serta teksturnya yang lembut dan tidak lengket. Saya menggunakan setiap hari untuk meningkatkan kesegaran bibir saya!",24H Melt-In Moisture,Nivea,positive,negative,no_aspect,negative,no_aspect,True,2B_LLM,llama3.1_fewshot,train
llm_2a_LONGEVITY_neutral_14,Saya suka lip gloss ini karena warnanya cantik dan sesuai untuk semua warna kulit. Aku bisa memilih antara beberapa warna dan tidak akan salah. Bisa digunakan sehari-hari tanpa repackaging terlalu sering. Pemakaian lip gloss ini nggak bikin bibir kering dan tetep menambah kesegaran alami bibir.,24H Melt-In Moisture,Nivea,no_aspect,neutral,no_aspect,positive,no_aspect,True,2A_LLM,llama3.1_fewshot,train
llm_2b_20,"Saya punya lip balm dari laneige ini, warnanya pink sheer, tersedia dalam beberapa shade. Bikin bibir lembut, rasa manis, dan teksturnya creamy. Saya suka karena bisa dipake secara langsung tanpa perlu diolesi berulang kali. Bibirku tidak akan terasa kering setelah menggunakan lip balm ini.",Baby Lips Love Color,Maybelline,neutral,no_aspect,no_aspect,positive,no_aspect,True,2B_LLM,llama3.1_fewshot,train
llm_2b_407,"Aku suka lip balm ini karena hydratingnya banget sih! Tapi sayangnya, warnanya kurang pigmented, sehingga agak tipis aja di bibirku. Kalau mau lipat, hasilnya enggak sampe mencolok, cuma sekiliran sedikit warna stroberi gitu. Bibirku sensitif jadi enggak boleh amblesin lip product apa pun yang bikin kulit pecah-pecah. Hmm, sepertinya ini salah satu alasannya aku enggak repurchase.",24H Melt-In Moisture,Nivea,negative,no_aspect,no_aspect,negative,no_aspect,True,2B_LLM,llama3.1_fewshot,train
llm_2b_385,"Kebayang deh kalau ada lip balm yang punya warna bibir makin cerah! Ini lip balm favorit aku sekarang, dia punya pigmen yang tebal dan tahan lama. Warna merahnya yang bold dan rich membuat aku terkesan lebih muda dan segar. Aku bisa menggunakannya untuk harian biasa atau ketika pergi ke tempat-tempat tertentu. Cocok banget!",24H Melt-In Moisture,Nivea,positive,negative,positive,negative,positive,True,2B_LLM,llama3.1_fewshot,train
llm_2b_46,"Saya mencoba lip cream ini dan aku gak sabar untuk bilangin hasilnya. Bibirmu akan memiliki warna merah intens yang bagus, seperti warna strawberry segar ini. Warna bibirku lebih cerah dan vibrant setelah menggunakan lip cream ini, sehingga aku jadi percaya diri aja. Aplikasinya sangat mudah dan ringan di kulit, tak kusut atau lengket. Selamat mencoba!",Oh My Glam Mattelast Lip Cream,Omg,positive,no_aspect,positive,no_aspect,positive,True,2B_LLM,llama3.1_fewshot,train
llm_2b_443,"Aku suka banget lipstik ini! Bikin bibirku lembap dan sihat setiap hari. Rasanya enak dan tidak pedih. Aromanya manis alami. Teksturnya ringan, tidak terlalu tebal atau tipis. Bibirku tidak pernah kering lagi semenjak aku pakainya. Saya rasa ini produk yang bagus untuk kesehatan dan kecantikan bibir!",24H Melt-In Moisture,Nivea,no_aspect,no_aspect,no_aspect,positive,positive,True,2B_LLM,llama3.1_fewshot,train
llm_2a_LONGEVITY_neutral_15,"Saya sudah beberapa kali beli lipstick ini, jadi saya yakin sama daya tahannya. Ini tahan sekitar 6 jam sih, gak perlu khawatir kalau mau bepergian. Bisa ditambahkan lagi bila perlu, tapi rasa-rasa tidak begitu besar masalahnya. Warna yang saya pilih adalah merah muda, cocok banget untuk kulit normal.",24H Melt-In Moisture,Nivea,positive,neutral,positive,no_aspect,no_aspect,True,2A_LLM,llama3.1_fewshot,train
llm_2b_82,"Saya suka banget sama lip balm ini karena teksturnya lembut dan ringan di bibir. Saya bisa memilih beberapa warna sesuai dengan mood saya, mulai dari nada yang netral hingga nada yang lebih bold. Lip balm ini tidak lengket pada bibir dan memberi efek satin yang cantik. Bibir saya tetap lembab selama beberapa jam setelah aplikasi, jadi saya tidak perlu repack lagi. Produk ini juga sangat mudah dibawa kemana-mana karena ukurannya compact dan tahan lama.",Baby Lips Love Color,Maybelline,no_aspect,no_aspect,positive,positive,no_aspect,True,2B_LLM,llama3.1_fewshot,train
llm_2a_HYDRATION_neutral_18,"Aku lagi mencoba lip cream ini karena temen aku bilang enak, tapi aku sih nggak terlalu expect hal yang istimewa. Soal kelembaban, emang ada, tapi gak beda dr lip balm biasa. Aku rasa lembab setelah dipakai beberapa jam, tapi tidak lama sekali. Kebetulan aja lip cream ini punya warna yang cukup alami, jadi aku suka.",24H Melt-In Moisture,Nivea,positive,no_aspect,no_aspect,neutral,no_aspect,True,2A_LLM,llama3.1_fewshot,train
llm_2b_197,"Siapa coba sich yang mau lihat warnaku sekarang ini? Aku pakai lip balm warna peach-nya dan hasilnya warnanya sesuai dengan shade peach kayaknya, ga kebayanya, ga penuh gitu. Tapi ngga tau, siapa tau kamu suka warna peach ya? Lip balm ini rasanya ringan dan gampang dibawa, aku jadikan sebagai lip primer sebelum pake lip tint. Bisa bikin wajahku lebih fresh dan siap sedia deh.",24H Melt-In Moisture,Nivea,neutral,neutral,no_aspect,no_aspect,no_aspect,True,2B_LLM,llama3.1_fewshot,train
llm_2b_99,"Seneng banget ditemuin lip cream ini! Warna cerah dan pigmentednya udah tepat sama yang di foto. Saya suka banget hasilnya, bibir saya terlihat lebih merah dan vibrant. Teksturnya ringan dan tidak mengeras, sangat nyaman digunakan sehari-hari. Ukurannya mini, praktis untuk dibawa kemana-mana. Sangat rekomended untuk kamu yang cari lip cream yang murah dan efektif!",Oh My Glam Mattelast Lip Cream,Omg,positive,positive,positive,no_aspect,positive,True,2B_LLM,llama3.1_fewshot,train
llm_2b_240,"Saya beli lip balm ini pas lagi promo. Warna pinky brown-nya cantik, tapi tidak terlalu kuat kayak lipstick. Shade-nya sesuai banget dengan kulitku. Saya suka aja sama teksturnya lembut, tidak keras. Tersedia dalam ukuran mini juga, mudah dibawa kemana-mana. Pemakaian pertamanya cukup melembabkan, tapi saya rasa itu normal karena lip balm kan untuk jangka panjang.",24H Melt-In Moisture,Nivea,neutral,no_aspect,neutral,neutral,no_aspect,True,2B_LLM,llama3.1_fewshot,train
llm_2a_TEXTURE_neutral_4,"Saya suka produk ini karena teksturnya ringan dan gampang dioles. Aplikasinya juga mudah dan cepat kering. Teksturnya matte dan tidak terlalu tebal, cocok untuk saya yang suka lipstik tidak terlalu dramatis. Warna yang ada di packagingnya sesuai dengan warna aslinya. Ukurannya juga pas dan nyaman digenggam.",24H Melt-In Moisture,Nivea,neutral,no_aspect,neutral,positive,no_aspect,True,2A_LLM,llama3.1_fewshot,train
llm_2a_TEXTURE_neutral_20,"Aku suka produk ini karena hasilnya lembut banget saat dipakai langsung. Finishnya satin, tidak terlalu keras ataupun tipis. Teksturnya emang lembut tetapi rasa tidak lembab sehingga cocok untuk saya yang kulit bibir sensitif. Selain itu, formulanya ringan jadi mudah ditatakan dan tidak membuat bibir terasa berat.",24H Melt-In Moisture,Nivea,positive,no_aspect,neutral,positive,no_aspect,True,2A_LLM,llama3.1_fewshot,train
llm_2b_55,"Saya sangat suka dengan lip balm ini karena teksturnya sangat halus dan lembut ketika diaplikasikan. Bibir saya menjadi lembab dan nyaman seharian. Finishingnya juga sangat glossy dan cantik, membuat saya merasa percaya diri. Warna lip balm ini juga tidak terlalu intens, sehingga cocok untuk digunakan sehari-hari. Saya sangat menyukai kesegaran dan kenyamanan yang diberikan oleh lip balm ini.",24H Melt-In Moisture,Nivea,no_aspect,no_aspect,positive,positive,no_aspect,True,2B_LLM,llama3.1_fewshot,train
llm_2b_149,"Aku sih suka warna soft pink dari ini, shade-nya sesuai dengan warna alami bibirku, tidak terlalu kontras tapi tetep terlihat cantik. Teksturnya lembut dan tidak lengket saat digunakan. Ada beberapa kali kelebihan air pada kulit bibir saya, tapi lip balm ini nggak bikin semakin parah. Pengemasannya sederhana tapi gampang dibawa kemana-mana.",Baby Lips Love Color,Maybelline,neutral,negative,positive,positive,no_aspect,True,2B_LLM,llama3.1_fewshot,train
llm_2b_409,"Saya sangat senang dengan lip cream ini! Warna merah muda yang vibrant ini cocok untuk semua jenis kulit bibir. Pigmentasinya kuat, tetapi tidak terlalu berlebihan, jadi hasilnya merata dan tidak mencolok. Bisa dipakai sehari-hari tanpa membuat bibir kering atau pecah-pecah. Baunya manis dan menyenangkan, serta ringan sehingga tidak bikin terasa gatal. Overall, saya sangat puas dengan hasilnya!",24H Melt-In Moisture,Nivea,positive,no_aspect,no_aspect,no_aspect,no_aspect,True,2B_LLM,llama3.1_fewshot,train
llm_2b_398,"Aku suka banget dengan lip cream ini! Bibirku terlihat lebih cerah dan pigmented setelah aku gunakan. Warna yang sesuai dengan gambar di kotaknya, tidak terlalu terang atau terlampuhi. Saya bisa dengan mudah memilih warna yang tepat untuk kebutuhan sehari-hari. Lebih baik daripada lipstik biasa, karena efeknya lebih alami dan tidak cepat pudar.",24H Melt-In Moisture,Nivea,positive,no_aspect,no_aspect,positive,no_aspect,True,2B_LLM,llama3.1_fewshot,train
llm_2b_134,"Saya punya lipstik favorit baru! Lipstick saya memiliki warna nude yang sangat cocok buat low-key makeup. Warna warnanya earthy brown, shade yang sesuai buat semua jenis kulit. Tersedia dalam varian beragam warna, tapi saya senang pakai warna yang netral. Teksturnya lembut dan tidak licin. Cocok buat digunakan sehari-hari, apalagi kalau mau melengkapi outfit casual.",24H Melt-In Moisture,Nivea,neutral,negative,no_aspect,negative,no_aspect,True,2B_LLM,llama3.1_fewshot,train
llm_2b_301,"Aku nggak pernah berpikir lip balm bisa memberesin bibirku sampai sekarang! Setelah pakai lip balm ini, bibirku selalu lembut dan terhidrasi. Teksturnya sedikit cair sehingga mudah digunakan, hasilnya glossy dan membuat kulit bibirku terlihat sehat. Aku suka banget!",24H Melt-In Moisture,Nivea,no_aspect,no_aspect,no_aspect,positive,no_aspect,True,2B_LLM,llama3.1_fewshot,train
llm_2a_HYDRATION_neutral_4,"Saya beli lip cream ini karena temen saya rekomendasinya. Lip cream ini enak banget, teksturnya lembut dan tidak lengket. Mereka bilang itu memiliki formula hydrating yang membuat bibir tetep lembab. Aku belum pernah coba lip cream lainnya, jadi enggak bisa dibandingin. Cuman, warna yang milih sih agak susah, harus sih benar-benar ingin lip cream warna hijau ini supaya hasilnya oke.",24H Melt-In Moisture,Nivea,neutral,no_aspect,positive,neutral,no_aspect,True,2A_LLM,llama3.1_fewshot,train
llm_2b_143,"Saya benar-benar jatuh cinta dengan lip balm ini! Warna merah muda cantiknya membuat bibirku terlihat lebih cerah dan segar. Selain itu, teksturnya lembut dan melembapkan, sehingga bibirku tetap lembut meskipun di musim panas. Saya tidak pernah merasa kering atau pecah-pecah saat menggunakan produk ini. Lip balm ini benar-benar menjadi andalan saya untuk menjaga kelembaban bibirku!",24H Melt-In Moisture,Nivea,no_aspect,no_aspect,no_aspect,positive,no_aspect,True,2B_LLM,llama3.1_fewshot,train
llm_2b_265,"aku puyeng banget sama lipstick ini! warnanya cantik dan bibirku terlihat lebih hidup. tapi sayangnya, lipstik ini enggak tahan lama, cuma beberapa jam aja kayaknya wangi, lalu langsung pecah dan mengalir ke masker. aku harus reapply lagi dan lagi. rasa-rasanya ini mah kurang worth it lah",24H Melt-In Moisture,Nivea,no_aspect,negative,positive,negative,no_aspect,True,2B_LLM,llama3.1_fewshot,train
llm_2a_HYDRATION_neutral_15,"Aku belum pernah mencobain lip balm ini sebelumnya, tapi pas saya coba langsung suka sama dengan pembeli lainnya! Teksturnya soft banget dan ngelitik cepet. Formula hydrating yang dimilikinya memang kayaknya nyaman buat kulit bibirmu. Aku pakai setiap hari setelah mandi wajah. Warna warna ini cocok buat skin toneku. Kualitasnya lumayan bagus kok.",24H Melt-In Moisture,Nivea,positive,negative,positive,neutral,no_aspect,True,2A_LLM,llama3.1_fewshot,train
llm_2b_91,"saya pake lipstik ini beberapa kali sih, tapi warnanya kurang pigmented, jadi ga sampe bisa lihat warna aslinya, dan pas lembabin aja udah mulai hilang. saya suka bawaannya sederhana, tapi ga worthnya sih karena hasilnya ga maksimal.",Baby Lips Love Color,Maybelline,negative,no_aspect,negative,positive,no_aspect,True,2B_LLM,llama3.1_fewshot,train
llm_2b_293,"Saya suka dengan warna pink pastel ini. Lip cream ini tersedia dalam beberapa shade, salah satunya warna yang saya beli ini. Warna yang keluar setelah dioles pada bibir adalah seperti warna aslinya. Menurut saya, teksturnya cukup halus dan tidak terlalu tebal. Saya menggunakan lip cream ini sehari-hari untuk menjaga bibir agar tetap lembab.",24H Melt-In Moisture,Nivea,neutral,no_aspect,no_aspect,positive,no_aspect,True,2B_LLM,llama3.1_fewshot,train
llm_2a_LONGEVITY_neutral_12,"Saya suka pilih lipstik yang punya tekstur lembut dan warna natural seperti lipstik ini. Bisa dipakai untuk acara formal maupun kasual. Tahan beberapa jam, setelah itu saya harus reapply. Warna dan teksturnya sesuai dengan deskripsi. Packagingnya sederhana tapi oke. Saya pakai setiap hari, nggak masalah. Cocok untuk kulit sensitif.",24H Melt-In Moisture,Nivea,neutral,neutral,no_aspect,positive,no_aspect,True,2A_LLM,llama3.1_fewshot,train
llm_2b_259,"Saya punya lip gloss favorit! Warna rose goldnya pas banget dengan kulitku, tidak terlalu terlihat atau minimalistic. Shade ini cukup populer dan mudah dicari. Lip gloss ini gampang dibawa ke mana-mana karena ukurannya kecil. Tersedia dalam beberapa variasi warna, jadi kamu bisa pilih sesuai selera. Saya pakai sehari-hari tanpa masalah apa-apa.",Baby Lips Love Color,Maybelline,neutral,negative,negative,positive,no_aspect,True,2B_LLM,llama3.1_fewshot,train
llm_2b_428,"Saya nggak sabar ingin membagikan review ini untuk lip cream favoritku. Warna bibirku setelah menggunakan lip cream ini sangat cerah dan vibrant! Pigmentasinya bagus banget, hasilnya nyata dan tak kusam. Lebih baik dari itu, teksturnya lembut dan mudah diratakan, sehingga saya bisa mendapatkan hasil yang alami. Baju-bajuku pun tidak terkena lip cream, apa lagi gigi! Lip cream ini benar-benar nyaman digunakan seharian dan cocok untuk kulit sensitif. Overall, sangat recommended untuk siapa pun yang cari lip cream yang efektif dan lembut!",24H Melt-In Moisture,Nivea,positive,no_aspect,no_aspect,positive,no_aspect,True,2B_LLM,llama3.1_fewshot,train
llm_2b_196,"Saya suka banget lipstik ini! Bibir saya menjadi lembap dan segar setelah digunakan. Tidak ada rasa kering atau perih saat menggunakan lipstik ini, kok! Saya bisa pakainya selama seminggu tanpa harus memperbaiki lagi. Bahkan, kulit bibir saya terlihat lebih sehat dan cerah. Produk ini juga tidak berbau kuat, sehingga tidak membuat saya sedikit pun keberatan. Saya akan belanja lagi lipstik ini ketika sudah habis.",24H Melt-In Moisture,Nivea,no_aspect,no_aspect,no_aspect,positive,no_aspect,True,2B_LLM,llama3.1_fewshot,train
llm_2b_272,"Aku suka warna nude dari produk ini, shade yang dimiliki cocok buat aku yang punya kulit bibir tipis. Tersedia dalam beberapa pilihan warna, salah satunya 'Soft Peach' dan 'Mocha'. Produk ini bisa membersihkan bibir, melembabkannya, dan memberi sedikit warna, tapi tidak terlalu intens. Aroma vanillanya yang lembut dan menyenangkan.",24H Melt-In Moisture,Nivea,neutral,no_aspect,negative,no_aspect,positive,True,2B_LLM,llama3.1_fewshot,train
llm_2b_167,"Saya suka banget sama lipstik ini! Warna cerahnya membuat saya merasa percaya diri dan stylish. Pigmentasinya sangat kuat, sehingga tidak perlu banyak aplikasi lagi. Bibirku menjadi merah dan lembab setelah menggunakan lipstik ini. Saya bisa menggunakannya untuk hari biasa maupun acara spesial. Harga yang terjangkau membuat saya ingin membelinya lagi-lagi!",Oh My Glam Mattelast Lip Cream,Omg,positive,positive,no_aspect,no_aspect,positive,True,2B_LLM,llama3.1_fewshot,train
llm_2b_399,"Saya nyobain lipgloss ini karena teman saya merekomendasin warnanya yang unik, apalagi sekarang sedang musim panas kayak gak mau pakai lipstik berat-berat deh. Lipgloss ini memang cukup ringan dan cocok untuk digunakan setiap hari, warnanya juga cerah dan pigmented banget! Bibir saya tampaknya lebih kuat dan sehat gitu. Saya seneng banget menggunakan lipgloss ini karena hasilnya really good!",24H Melt-In Moisture,Nivea,positive,no_aspect,no_aspect,positive,no_aspect,True,2B_LLM,llama3.1_fewshot,train
llm_2b_169,"Saya akhirnya nemu lip balm favorit! Sama seperti lip gloss, tapi lembab banget. Bibirku terasa lembut dan halus selamanya. Bukan cuma itu, ada efek glossy yang bikin penampilan lebih cantik. Warna merah muda alami bikin saya suka. Dan hasilnya tahan lama! Saya bisa beraktivitas sepanjang hari tanpa perlu aplikasi ulang. Lebih baik daripada lip balm lain yang saya coba sebelumnya.",24H Melt-In Moisture,Nivea,no_aspect,no_aspect,no_aspect,positive,no_aspect,True,2B_LLM,llama3.1_fewshot,train
llm_2b_43,"Saya seneng-seneng dengan lip cream Tom Ford yang saya beli kemarin! Warna merahnya benar-benar cerah dan sesuai dengan hasilnya. Finishnya matte tapi masih terlihat riasan yang cantik, nggak ada sedikitpun gelembung atau noda yang menonjol. Bibirku jadi terlihat lebih merah dan seimbang setelah aplikasinya. Lebih baik daripada lipstik lain yang pernah saya gunakan sebelumnya!",24H Melt-In Moisture,Nivea,positive,no_aspect,no_aspect,negative,no_aspect,True,2B_LLM,llama3.1_fewshot,train
llm_2b_344,"Aku jatuh cinta sama lip gloss ini! Aplikasinya sangatlah ringan dan nyaman di bibir, seperti sedang makan es krim untuk bibirmu. Teksturnya halus dan lembut, tidak lengket sehingga bisa kamu gunakan secara lama tanpa khawatir kulit bibirmu menjadi kering. Selain itu, warna lip gloss ini sangatlah menarik dan matte bagus. Aku sering menggunakan lip gloss ini sebagai pilihan harian karena nyaman digunakan dan membuat wajahku terlihat segar serta alami.",24H Melt-In Moisture,Nivea,no_aspect,no_aspect,positive,positive,no_aspect,True,2B_LLM,llama3.1_fewshot,train
llm_2b_13,"Warnanya nude brown, shade medium. Tersedia dalam beberapa ukuran botol. Bisa dipakai sebagai lip primer ataupun lip balm biasa. Enggak perlu banyak lapisan untuk pigmen yang cukup. Aroma vanillanya sedikit kuat tapi enggak bikin sakit hidung. Cocok untuk kalian yang suka look alami.",24H Melt-In Moisture,Nivea,neutral,neutral,positive,positive,positive,True,2B_LLM,llama3.1_fewshot,train
llm_2b_139,aku suka lipstik ini karena warnanya bold dan cerah. teksturnya creamy sehingga gampang dioles dan menghasilkan tampilan yang rata. warna bibirmu akan kelihatan lebih intens dan tidak pudar dengan cepat. aku menggunakan lipstik ini setiap hari dan hasilnya sangat memuaskan!,24H Melt-In Moisture,Nivea,positive,no_aspect,positive,positive,no_aspect,True,2B_LLM,llama3.1_fewshot,train
llm_2b_362,"Woah, aku suka banget lipstik ini! Warna merah tua yang kuatnya membuat aku terkesan dengan daya tarik alami. Pigmentasi sangat baik, jadi kulitku langsung tampak lebih cerah dan hidup. Bibirku tidak terlalu tebal atau tipis, hasilnya natural dan nyaman dipakai. Saya pakai setiap hari untuk meningkatkan suasana hati dengan sentuhan warna yang segar.",24H Melt-In Moisture,Nivea,positive,negative,positive,negative,no_aspect,True,2B_LLM,llama3.1_fewshot,train
llm_2a_LONGEVITY_neutral_5,"Saya suka lip gloss ini karena warnanya kece dan ringan di bibir. Tahan sampai beberapa jam, tidak lengket dan gampang direapply. Packagingnya sederhana tapi nyaman. Cocok buat hari-hari biasa aja. Beli ini karena temen dekatku merekomendasin.",24H Melt-In Moisture,Nivea,no_aspect,neutral,positive,positive,no_aspect,True,2A_LLM,llama3.1_fewshot,train
llm_2b_388,"Saya suka banget sama lip cream ini! Warna bibirku jadi semakin cerah dan vibrant setelah pakai lip cream ini. Bibirku pun jadi terlihat sehat dan segar. Aroma yang soft dan tidak terlalu kuat, cocok buat saya yang ngaku alergi aroma kuat. Overall, lip cream ini bagus banget dan worth beli!",24H Melt-In Moisture,Nivea,positive,no_aspect,no_aspect,positive,no_aspect,True,2B_LLM,llama3.1_fewshot,train
llm_2b_126,"Saya suka sekali dengan lipcream ini! Warna merahmuda yang aku pilih sangat cocok dengan kulitku. Pigmentasinya kuat, jadi tidak perlu repackaging sering-sering. Bibirku tampak lebih cerah dan sehat. Teksturnya juga lembut, sehingga tidak membuat kulitku irit. Saya cukup puas dengan harga yang kompetitif ini!",24H Melt-In Moisture,Nivea,positive,no_aspect,negative,positive,no_aspect,True,2B_LLM,llama3.1_fewshot,train
llm_2b_492,"aku suka banget lipcream dari brand ini! Lip creamnya lembut banget, membuat bibirmu terlihat lebih cerah dan seimbang warna alami, tidak berminyak, dan rahasia keamanan kulit bibir. Harganya juga super murah, cukup untuk saya yang masih mahasiswa, sangat worth it! Saya beli lagi-lagi lip cream ini!",Oh My Glam Mattelast Lip Cream,Omg,no_aspect,no_aspect,no_aspect,no_aspect,positive,True,2B_LLM,llama3.1_fewshot,train
llm_2b_84,"gue suka lipstick ini! warna merah muda alaminya super cute dan sesuai untuk kulitku. Pigmentasinya kuat sehingga hasilnya masih ada beberapa jam. Bibirku jadi lebih cerah dan seimbang. Aku bisa gunakan secara langsung atau layering dengan lip gloss lainnya. Harganya juga reasonable lah. Tapi kalau tidak hati-hati, lipstik ini bisa jadi agak lipat atau retak. Tapi gue rasa itu lumayan normal aja. Overall, produk ini recommended!",24H Melt-In Moisture,Nivea,positive,negative,no_aspect,positive,positive,True,2B_LLM,llama3.1_fewshot,train
llm_2b_206,"Aku suka warna nude-nya, tapi lipstik ini emang ga tahan lama sih. Sekitar 2 jam aja udah mulai luntur, ga nyaman pake untuk hari kerja. Kebetulan aku suka kulit aku ngilangin minyaknya, jadinya lipstik ini gampang transfer ke pakaian. Harus reapply sebanyak-banyaknya kalo mau tetep kelihatan.",24H Melt-In Moisture,Nivea,no_aspect,negative,no_aspect,neutral,no_aspect,True,2B_LLM,llama3.1_fewshot,train
llm_2b_128,"Saya ngerti kan ini lip balm yang soft dan lembut, pas digunakan langsung aja bikin kulit bibir lebih lembab. Sayangnya, dia cuma bertahan sampai 2 jam saja, kalau mau lebih tahan lama kayaknya harus di-reapply terus. Saya suka karena tidak menimbulkan stiker pada baju, sehingga aman untuk dipakai setiap hari.",24H Melt-In Moisture,Nivea,no_aspect,neutral,negative,positive,no_aspect,True,2B_LLM,llama3.1_fewshot,train
llm_2a_HYDRATION_neutral_14,"Aku mencoba lip balm ini karena temenku merekomendasinya. Teksturnya lembut dan tidak lengket di bibir. Kelembabannya udah cukup, cuma tidak terlalu luar biasa. Warna yang aku pilih cocok dengan kulitku, tidak terlalu kontras. Aku suka dekatnya dengan warna alami bibirmu sendiri.",24H Melt-In Moisture,Nivea,no_aspect,no_aspect,no_aspect,neutral,no_aspect,True,2A_LLM,llama3.1_fewshot,train
llm_2a_PRICE_negative_2,"Emang sih aku suka kulit bibirku, tapi lipstik ini mahal banget! Aku pikir wajar kalau lipstik mahal berarti kualitas bagus, tapi ini mahal kayak lipstik premium ya? Tapi kan hasilnya gak sesuai harapan, warnanya cuma ngehitam-tipis aja. Kok gitu mahal banget sih, rasanya enggak worth it untuk harga tersebut.",24H Melt-In Moisture,Nivea,no_aspect,negative,no_aspect,negative,negative,True,2A_LLM,llama3.1_fewshot,train
llm_2b_331,"aku suka banget sama warna dari lip cream ini! bibirku jadi terlihat lebih cerah dan vibrant dengan gradasi warna merah muda yang cantik. Pigmentasinya bagus banget sehingga bisa menutupi flek-flek pada bibirmu. hasilnya, wajahku terlihat lebih segar dan siap sedia! saya akan repurchase deh, harganya murah dan kualitasnya oke!",Oh My Glam Mattelast Lip Cream,Omg,positive,no_aspect,positive,positive,positive,True,2B_LLM,llama3.1_fewshot,train
llm_2b_180,"Lipstick favoritku ini benar-benar memiliki warna yang sangat cerah! Pigmentasi yang baik membuat warna merahnya terlihat sangat vibrate di bibirku. Teksturnya juga tidak terlalu oily, sehingga nyaman digunakan sepanjang hari. Apakah kamu mencari lipstik yang dapat memberikan efek glossy dan warna yang intens? Ini jawabannya!",24H Melt-In Moisture,Nivea,positive,no_aspect,positive,positive,positive,True,2B_LLM,llama3.1_fewshot,train
llm_2b_241,"Saya coba lihat hasilnya dari lipcream ini, tapi sayangnya ia cuma bisa bertahan setengah hari aja! Setelah makan atau minum air, warna lipcream langsung pudar dan kusam. Harus saya aplikasikan ulang lagi dan lagi supaya warna tetep segar. Tapi itu bikin saya sedikit repot. Warna masih oke, tapi tidak worth deh kalau harus selalu ngerefresh.",24H Melt-In Moisture,Nivea,no_aspect,negative,no_aspect,negative,no_aspect,True,2B_LLM,llama3.1_fewshot,train
llm_2b_173,"Saya penggemar lipstik, tapi sayangnya lipstikku terakhir beli ini terlalu cepet hilang. Saya pakai lipstik ini setelah sarapan, namun beberapa jam kemudian sudah mulai lepas dan warnanya tertransfer ke kemeja saya. Saya harus aplikasikan lagi lipstik ini, apalagi kalau saya ngomong banyak. Warna lipstiknya asli cantik, tapi saya kurang nyaman dengan sifat transparan dan lepasnya lipstik ini.",24H Melt-In Moisture,Nivea,no_aspect,negative,no_aspect,negative,positive,True,2B_LLM,llama3.1_fewshot,train
llm_2b_75,"Aku suka banget sama lip balm ini! Warna lip balm ini merah cerah dan terlihat sangat vibrate di bibir. Pigmentasinya juga bagus, enggak pucat-pucat. Bibirku jadi lebih cerah dan terlihat lebih sehat. Aku suka bahwa warna lip balm ini tidak ngejreng dan masih tetap cerah setelah beberapa jam. Selain itu, lip balm ini juga mudah dibersihkan dan tidak meninggalkan residu. Cocok banget untuk digunakan sehari-hari!",24H Melt-In Moisture,Nivea,positive,no_aspect,negative,positive,no_aspect,True,2B_LLM,llama3.1_fewshot,train
llm_2a_PIGMENTATION_negative_12,"Aku baru nyobain lip gloss ini hari ini dan aku kecewa. Warna yang terlihat di botol benar-benar tidak sesuai dengan hasilnya di bibirku. Bisa dibilang gelap dan tidak ada pigmen sama sekali. Saya pikir warna di botol itu merah tua, tapi di bibirku jadi merah muda tipis aja. Lebih baik saya belanja yang lain. Bibirku juga kering saat itu, tapi setelah olesin lip gloss ini malah makin kering deh.",24H Melt-In Moisture,Nivea,negative,no_aspect,no_aspect,positive,no_aspect,True,2A_LLM,llama3.1_fewshot,train
llm_2b_48,"Wah, aku suka banget lip balm ini! Warna pink-nya vibrant dan bold, pas banget buat aku yang ingin tampil ceria. Saat diaplikasikan, bibirku jadi lembap dan tidak lengket sama sekali. Aroma strawberry-nya enak, bikin aku semakin penasaran. Bibirku kelihatan natural dan segar, plus teksturnya ringan sehingga enggak berat. Cukupan dan harga terjangkau membuatku suka repurchase!",24H Melt-In Moisture,Nivea,positive,negative,negative,positive,no_aspect,True,2B_LLM,llama3.1_fewshot,train
llm_2b_405,"Mantap, saya nemu lipbalm yang unik ini! Warna kulitku itu abu-abu muda, dan lipbalm ini punya warna coklat-kembarunya, tapi ga terlalu kuat sih. Tersedia dalam beberapa shade, tapi aku pilih warna natural aja. Teksturnya ringan dan lembabkan, tidak membuat bibirku kerasa lengket. Pas buat digunakan setiap hari!",Baby Lips Love Color,Maybelline,neutral,no_aspect,no_aspect,positive,positive,True,2B_LLM,llama3.1_fewshot,train
llm_2b_489,"Aduh aku suka banget lipstick ini warnanya cantik, tapi teksturnya sih bikin aku sedih. Ketika aku apply, rada kering gitu dan gampang cakey. Lengket juga sih, harus aku bersihin dulu setiap kali aku ingin timpa lagi pakai makeup. Malahan pas udah pake satu jam, masih ngegumpal kayaknya. Aku ngga sabar untuk coba lagi nanti.",Baby Lips Love Color,Maybelline,no_aspect,no_aspect,negative,no_aspect,no_aspect,True,2B_LLM,llama3.1_fewshot,train
llm_2a_TEXTURE_neutral_0,"Aku suka pakai lip cream ini karena teksturnya cukup lembut, pas diaplikasikan ke bibir jadi gampang dioleh dan tidak sakit bibirnya. Finishnya satin, gitu aja bukan glossy atau matte banget. Cocok buat saya yang ngga mau pakai lipstik atau lip gloss berlebihan. Bisa ditambahin lip liner sebelumnya supaya hasilnya lebih rapi.",24H Melt-In Moisture,Nivea,neutral,no_aspect,neutral,neutral,no_aspect,True,2A_LLM,llama3.1_fewshot,train
llm_2b_164,"Saya suka banget lipstik ini! Warna bibirku menjadi lebih cerah dan segar setelah saya menggunakannya. Teksturnya lembut dan nyaman digunakan, tidak terlalu tebal sehingga tidak membuat saya merasa kaku. Aplikatornya juga super nyaman di bibir. Warna merahnya benar-benar sesuai dengan apa yang saya lihat di gambar produk, tidak ada perbedaan sama sekali. Bibirku terlihat lebih baik dan lebih cantik!",Baby Lips Love Color,Maybelline,positive,no_aspect,no_aspect,positive,no_aspect,True,2B_LLM,llama3.1_fewshot,train
llm_2b_193,"Lipstik favoritku sih lipstik padat dengan warna merah ceri yang lumayan sesuai dengan kulit wajahku. Tersedia dalam varian warna satu ini. Aplikasinya mudah dan tidak licin, cuma sedikit memerlukan aplikasi ulang untuk hasil yang maksimal.",24H Melt-In Moisture,Nivea,neutral,no_aspect,no_aspect,negative,no_aspect,True,2B_LLM,llama3.1_fewshot,train
llm_2b_280,"saya pake lipstik ini sih sebenernya buat acara formal aja karena warnanya formal gitu. apa kabarnya aku cuma pake satu kali lalu harus di-reapply lagi deh! apesnya udah hilang setelah beberapa jam. aku tahu itu biasanya lipstik ga tahan lama, tapi ini memang benar-benar luntur. setelah makan atau minum, warnanya langsung pudar. harus selalu di-reapply!",24H Melt-In Moisture,Nivea,no_aspect,negative,no_aspect,negative,no_aspect,True,2B_LLM,llama3.1_fewshot,train
llm_2b_120,"Aku pakai ini karena temenku merekomendasin. Warna lipstiknya soft pink, tidak kerasa agak cerah, tapi tidak terlalu lembut juga. Bibirku rada tebal jadi hasilnya masih wajar. Aromanya enak, tidak terlalu kuat. Saya suka karena bisa pilih shade yang sesuai dengan suasana hati saya hari itu.",24H Melt-In Moisture,Nivea,neutral,negative,no_aspect,positive,no_aspect,True,2B_LLM,llama3.1_fewshot,train
llm_2b_418,"Saya suka lip cream ini, hasilnya membuat bibirku terlihat lebih cerah dan lembut. Teksturnya ringan dan mudah diaplikasikan. Harganya dijual seharga Rp 150.000, lumayan lah dibandingkan dengan produk serupa. Saya rasa cukup worth it dengan kualitasnya.",Oh My Glam Mattelast Lip Cream,Omg,no_aspect,no_aspect,no_aspect,no_aspect,neutral,True,2B_LLM,llama3.1_fewshot,train
llm_2b_217,"Saya suka dengan warna lipstik ini, sesuai dengan kulitku. Teksturnya halus dan nyaman dipakai. Tidak terlalu berminyak atau mengeringkan bibir. Dengan harga yang kompetitif, saya merasa lipstik ini cukup berharga. Daya tahannya sekitar 4 jam, setelah itu perlu direnew. Untuk lipstik pada umumnya, saya rasa cukup lumayan.",24H Melt-In Moisture,Nivea,no_aspect,neutral,negative,no_aspect,positive,True,2B_LLM,llama3.1_fewshot,train
llm_2b_397,"Maaf sih, lip cream ini kurang cocok buatku. Setelah beberapa jam, lip cream udah luntur dan kulit bibirku menjadi kering lagi. Warnanya kayak abu-abu gitu dan efek glossynya pun tak terlihat. Harus sering-sering reapply agar terlihat bagus, tapi saya malas deh. Tapi, bagi kamu dengan kulit bibir normal, mungkin bisa coba.",24H Melt-In Moisture,Nivea,no_aspect,negative,negative,no_aspect,no_aspect,True,2B_LLM,llama3.1_fewshot,train
llm_2b_130,"Saya sangat menyukai Maybelline Baby Lips Milk! Bisa berdiri lama di bibir tanpa perlu direvisi. Warna yang lembut dan netral membuatnya bisa dipadukan dengan banyak outfit. Bibirku tetap lembab dan seimbang, tidak kusam akibat penggunaan lip balm ini. Sangat recomended untuk kamu yang cari lip balm yang tahan lama dan tidak lengket. Harga juga terjangkau!",Oh My Glam Mattelast Lip Cream,Omg,no_aspect,positive,no_aspect,positive,no_aspect,True,2B_LLM,llama3.1_fewshot,train
llm_2b_103,"Saya kurang suka produk ini karena cepat luntur dan harus di-reapply setiap beberapa jam. Meski wangi cokelatnya enak dan memberi warna alami pada bibir, saya rasa itu tidak cukup untuk membuat saya tetap menggunakan produk ini. Bibir saya masih perlu perawatan tambahan agar tetap lembab dan tidak kering. Sayangnya, produk ini tidak memiliki SPF, jadi saya harus menggunakan lip balm lain sebagai pelindung UV.",24H Melt-In Moisture,Nivea,no_aspect,negative,positive,positive,positive,True,2B_LLM,llama3.1_fewshot,train
llm_2a_HYDRATION_neutral_6,"Pernah coba lip balm yang banyak lemak? Tapi aku tetep, saya cari lip balm yang nggak terlalu berminyak sih. Ngelembab dan tahan lama kayak Nivea ini enggak apa-apa. Pada awalnya, kulit bibir aq cukup kering, tapi setelah olesin lip balm ini, rada-rada lebih lembab. Warna strawberry ini ga terlalu mencolok juga.",24H Melt-In Moisture,Nivea,neutral,positive,no_aspect,neutral,positive,True,2A_LLM,llama3.1_fewshot,train
llm_2b_423,"Saya membeli lipbalm ini untuk menghilangkan rasa keringan bibir saya di musim kemarau. Produk ini sangat lembut dan mudah digunakan, teksturnya nyaman di bibir tanpa berat atau lengket. Warna lipbalm ini agak gelap tapi masih terlihat alami, jadi cocok untuk sehari-hari. Saya suka wangi bunga melati yang manis dan tahan lama. Bibir saya tetap lembab sepanjang hari, membuat saya merasa nyaman. Overall, lipbalm ini sangat recomended!",Oh My Glam Mattelast Lip Cream,Omg,no_aspect,no_aspect,positive,positive,no_aspect,True,2B_LLM,llama3.1_fewshot,train
llm_2b_427,"aku suka banget lipstik ini! Warna merah muda cerahnya sangat sesuai dengan foto di internet. Pigmentasi juga bagus, tidak mudah hilang dan tahan lama di bibirku. Bibirku menjadi lebih berwarna dan terlihat lebih cerah setelah menggunakan lipstik ini. Sangat recomended untuk kamu yang ingin tampil percaya diri dengan bibir yang cerah dan sehat!",Oh My Glam Mattelast Lip Cream,Omg,positive,no_aspect,positive,no_aspect,positive,True,2B_LLM,llama3.1_fewshot,train
llm_2b_176,"Saya suka banget dengan warna lip balm ini! Pigmentasinya sangat baik, hasilnya tebal dan cerah. Warna yang dihasilkan juga sangat natural, tidak terlalu intens sehingga cocok untuk dipakai sehari-hari. Bibirku menjadi lebih lembab dan segar setelah menggunakan lip balm ini. Harganya juga cukup terjangkau, membuat saya ingin memiliki beberapa warna lagi!",24H Melt-In Moisture,Nivea,positive,no_aspect,no_aspect,neutral,no_aspect,True,2B_LLM,llama3.1_fewshot,train
llm_2a_PRICE_negative_8,"Saya kurang puas dengan lipstik ini karena harganya benar-benar mahal! Di mana-mana saya cari lipstik berkualitas dengan warna yang menarik, tapi tidak bisa menemukan kombinasi baik antara harga dan kualitas seperti ini. Teksturnya agak keras juga membuat saya tidak nyaman dipakai seharian, meskipun memiliki pilihan warna yang banyak. Saya rasa tidak worth it untuk biayanya.",24H Melt-In Moisture,Nivea,neutral,no_aspect,no_aspect,neutral,negative,True,2A_LLM,llama3.1_fewshot,train
llm_2b_486,"Aku suka sekali lip cream ini! Warna cerahnya sangat sesuai dengan warna kulitku dan bikin mataku terlihat tajam. Pigmentasinya bagus banget, tidak tipis atau transparan. Aku bisa pakai lip cream ini secara langsung tanpa perlu blending lagi, hasilnya tetap rapi dan terlihat mewah. Cocok untuk hangout atau acara formal!",Baby Lips Love Color,Maybelline,positive,no_aspect,no_aspect,positive,positive,True,2B_LLM,llama3.1_fewshot,train
llm_2b_299,"Aku suka sekali dengan lip balm ini karena wanginya yang manis dan lembabkan bibirku. Tapi sayangnya, warna lip balm ini kurang pigmented jadi membuat bibirku masih terlihat tipis. Bibirku kayaknya kehilangan tekstur dan kealamiannya setelah dipakai. Aku rasa ini cuma cocok buat acara santai aja. Harga lip balm ini memang murah, tapi gak worth it untuk aku yang cari lip balm yang bisa memberikan hasil yang maksimal.",Baby Lips Love Color,Maybelline,negative,no_aspect,no_aspect,positive,no_aspect,True,2B_LLM,llama3.1_fewshot,train
llm_2a_HYDRATION_neutral_5,"Lagi mencoba lip balm dari Nivea yang satu ini. Menurutku, formulanya tidak terlalu ekstrem di sisi lembutan atau tidak. Bibirku tetap terhidrasi, tapi tidak berlebihan. Tapi, warna strawberry ini membuat kulit bibirku agak lebih cerah daripada biasanya. Kalau aku harus pilih antara lembut atau berwarna, mungkin aku lebih senang dengan hasil ini.",24H Melt-In Moisture,Nivea,no_aspect,negative,positive,neutral,no_aspect,True,2A_LLM,llama3.1_fewshot,train
llm_2b_177,"Saya suka warna lipstik ini, sangat cerah dan pigmented! Bibirku terlihat lebih hidup dan cantik saat saya pakainya. Shade-nya sesuai banget dengan gambar di packaging, tidak ada perbedaan yang signifikan. Warna ini sangat rupawan dan membuat saya ingin menggunakan lagi dan lagi. Lebih baik lagi, lipstik ini tidak terlalu berat di bibir sehingga saya bisa menggunakan selama seharian tanpa harus khawatirkan kelembaban atau keringnya.",24H Melt-In Moisture,Nivea,positive,no_aspect,no_aspect,positive,no_aspect,True,2B_LLM,llama3.1_fewshot,train
llm_2b_1,"Aku suka banget pakai lip gloss ini! Teksturnya lembut dan halus, enggak terlalu tebal atau tipis. Aplikasinnya mudah, langsung menempel ke bibir dan tetap terlihat rapi selama seharian. Bibirmu akan terlihat glossy cantik, cocok buat sehari-hari atau acara spesial. Plus, harga yang murah membuatnya sangat pantas untuk dibawa kemana-mana!",24H Melt-In Moisture,Nivea,no_aspect,no_aspect,positive,positive,no_aspect,True,2B_LLM,llama3.1_fewshot,train
llm_2b_242,"Suka banget dengan lip gloss ini! Warna merahnya cerah dan vibrant, cocok untuk aku yang memiliki bibir dua ton. Pigmentasi bagus, hasilnya merata dan tidak berubah saat kulihat diriku di cermin. Laku banget di hari-hari biasa, apalagi saat acara-acara spesial. Cocok dipakai sebagai finishing touch setelah lip cream atau lip tint!",Baby Lips Love Color,Maybelline,positive,negative,negative,positive,no_aspect,True,2B_LLM,llama3.1_fewshot,train
llm_2b_47,"Saya masih belum terbiasa pakai lipcream ini, tapi warnanya ga terlalu out dari segala lipcream lainnya. Lipcream ini berwarna nude beige, shade classic, tersedia dalam beberapa ukuran. Warna beige ini cocok buat saya yang suka subtle look.",Oh My Glam Mattelast Lip Cream,Omg,neutral,no_aspect,no_aspect,neutral,no_aspect,True,2B_LLM,llama3.1_fewshot,train
llm_2b_233,"Saya suka banget dengan lipstik ini! Teksturnya lembut dan halus, tidak lengket di bibirku. Finishnya juga matte, sehingga tidak terlalu kilap dan cocok untuk sehari-hari. Saya bisa menggunakan lipstik ini selama beberapa jam tanpa perlu repack, itu sangat nyaman. Harganya juga cukup terjangkau, membuat saya ingin memiliki beberapa warna lagi!",Oh My Glam Mattelast Lip Cream,Omg,no_aspect,no_aspect,positive,positive,no_aspect,True,2B_LLM,llama3.1_fewshot,train
llm_2a_HYDRATION_neutral_3,"Saya mencoba lip cream ini karena suhu panasnya terus membuat kulit bibir saya kering. Saya tahu bahwa ada kata kunci 'hydrating' di formulanya, jadi saya punya harapan tinggi. Ternyata, lip cream ini memenuhi klaimnya - bibir saya tetap lembap meski hari sudah panas. Teksturnya enteng dan ringan, tidak lengket. Saya pikir itu cukup bagus, tapi mungkin tidak luar biasa.",24H Melt-In Moisture,Nivea,no_aspect,no_aspect,no_aspect,neutral,no_aspect,True,2A_LLM,llama3.1_fewshot,train
llm_2b_474,"Saya suka banget dengan hasil dari lipstik ini! Warna yang saya pilih sangat sesuai dengan kulit saya, tidak terlalu dark atau terlalu light, tetapi cukup vibrant dan bold untuk menambah kilau pada hari-hari biasa. Pigmentasinya juga baik, tidak mudah hilang meski saya sudah melembabkan sepanjang hari. Saya rasa produk ini cocok untuk digunakan sehari-hari, plus awet banget!",24H Melt-In Moisture,Nivea,positive,no_aspect,positive,positive,no_aspect,True,2B_LLM,llama3.1_fewshot,train
llm_2b_87,"Saya suka lipstik ini karena warnanya sangat cerah dan pigmented! Warna merah muda yang unik ini cocok untuk saya, tidak terlalu terang atau gelap. Teksturnya juga lembut dan halus, sehingga nyaman digunakan sepanjang hari. Bibir saya tetap terlihat sehat dan berwarna saat menggunakan lipstik ini. Saya senang!",24H Melt-In Moisture,Nivea,positive,no_aspect,no_aspect,no_aspect,no_aspect,True,2B_LLM,llama3.1_fewshot,train
llm_2b_359,"saya gabung di grup beauty beberapa minggu lalu dan temen-temennya serius ngomongin lip balm ini. mereka bilang bagus, lembabkin bibir, tidak cakey. saya beli aja demi uji coba. warnanya juga cantik, pink pastel kayaknya. tapi pas dipakai, kulit bibir saya langsung mengalami masalah. efeknya tipis dan pucat! masih bisa lihat garis bibir asli saya, padahal saya sudah cukup tebal. kalau saya makan atau minum, lip balm ini langsung habis, tinggal sampahnya aja. ga worth investasi untuk saya.",24H Melt-In Moisture,Nivea,negative,positive,positive,positive,no_aspect,True,2B_LLM,llama3.1_fewshot,train
llm_2b_377,"Aku cuma bisa menggunakan lip balm ini satu kali sehari karena warnanya agak lemah gitu pas dipakai, keliatan gatel-gatel aja di bibir. Saya pikir ini cuma cocok buat kondisi bibir kering, kalau bibir lembab malah warnanya langsung hilang deh! Duh, pengen lip balm yang warnanya tetep ada sampe lama, mana sih yang bagus ini.",24H Melt-In Moisture,Nivea,negative,positive,negative,negative,no_aspect,True,2B_LLM,llama3.1_fewshot,train
llm_2b_100,"Saya nemuin lip balm ini pas jalan-jalan, dan spontan aja membeli karena suka sama warna merah muda cokelatnya. Lip balminya lembab banget dan teksturnya ringan, bikin saya nyaman. Warna merah muda cokelat ini bisa dipadukan sama lipstik apa pun. Saya pakai setiap hari dan nggak repot-repot nambahin. Overall, produk ini bagus!",24H Melt-In Moisture,Nivea,neutral,no_aspect,positive,no_aspect,no_aspect,True,2B_LLM,llama3.1_fewshot,train
llm_2a_PRICE_negative_10,"Saya gagal memadai untuk menggunakan lip gloss ini karena harganya benar-benar mahal! Meskipun kemasannya sederhana, saya pikir itu bisa menjadi alasan mengapa mereka bisa menjualnya dengan harga yang begitu tinggi. Warna-warna yang ditawarkan tidak sebanding dengan harganya, sehingga saya rasa tidak worth it. Saya lebih suka pilih lip gloss dengan harga yang lebih miring, tapi kualitas yang sama.",Baby Lips Love Color,Maybelline,no_aspect,no_aspect,negative,no_aspect,negative,True,2A_LLM,llama3.1_fewshot,train
llm_2b_258,"Saya coba mencoba lip cream satu warna nude ini, warnanya sedikit mungkin membuat kulit bibir saya tampak lebih cerah. Tersedia dalam dua warna, yaitu nude dan natural. Saya memilih warna nude karena ingin memiliki look alami. Teksturnya ringan dan tidak lengket. Apakah ada perubahan? ya, sekitar 2 jam lip cream ini tetap melembabkan, tapi setelah itu kulit bibir mulai kering. Saya rasa ini normal, toh harus repack juga lah.",24H Melt-In Moisture,Nivea,neutral,no_aspect,no_aspect,negative,no_aspect,True,2B_LLM,llama3.1_fewshot,train
llm_2b_148,"Baru beli warna Ruby Red ini beberapa hari lalu, saya suka sekali! Pigmentasinya bagus banget, warnanya cukup cerah dan tidak mudah luntur. Aplikasinya mudah dan hasilnya merata. Saya senang bisa mendapatkan warna merah alami pada bibir saya. Lipstick ini juga tidak terlalu berat atau lengket, membuat saya bisa menggunakannya setiap hari!",24H Melt-In Moisture,Nivea,positive,no_aspect,positive,positive,positive,True,2B_LLM,llama3.1_fewshot,train
llm_2b_357,"Aku sempet coba lipstick dari l'occitane ini, awalnya warnanya cantik, pink pastel yang pas untuk kombinasi kulitku. Tapi sayangnya, lipstick ini kurang tahan lama, habis setelah 2 jam saja, aku harus reapply lagi. Dan yang paling bikin aku kangen adalah warnanya, setelah beberapa jam lipstik ini mulai memudar dan jadi tidak rata, kayaknya lipstik ini hanya bisa dipake sebentar-sebentar aja.",Baby Lips Love Color,Maybelline,no_aspect,negative,no_aspect,positive,no_aspect,True,2B_LLM,llama3.1_fewshot,train
llm_2b_207,"Aku suka belanja lip balm ini di promo karena harga super terjangkau! Tapi meski belinya saat diskon, aku rasa masih worth it kalau dibeli normal. Baunya manis, lembut, dan tidak membuat kulit bibirku terasa kering. Warna rose pinknya cocok buat aku, hasilnya natural, dan aku bisa pakai sehari-hari tanpa perlu repot-repot pilih warna lain lagi.",24H Melt-In Moisture,Nivea,no_aspect,no_aspect,no_aspect,no_aspect,positive,True,2B_LLM,llama3.1_fewshot,train
llm_2b_170,"aku puyul deh sama lipstik ini! Teksturnya cakey banget, jadi kulit bibirmu terlihat jelek sih. Kalau saya makan/minum apa aja, warnanya bakal gores-gores kayak. Dan setelah lama, bibirku jadi keras juga, kayak mau kering buat. Padahal aku tau kalau wangi aromanya enak, tapi itu enggak cukup untuk membuat saya senyum lagi.",Oh My Glam Mattelast Lip Cream,Omg,no_aspect,no_aspect,negative,negative,no_aspect,True,2B_LLM,llama3.1_fewshot,train
llm_2b_273,"Saya paling suka lipstik ini! Warna warninya sangat pigmented, cerah, dan membuat bibir terlihat lebih utuh. Teksturnya lembut, tidak lengket, dan tidak menyebabkan bibir berminyak. Bibirku pun jadi lebih sehat dan berkilau setelah dipakai beberapa jam. Suka banget deh dengan hasilnya!",24H Melt-In Moisture,Nivea,positive,negative,positive,positive,no_aspect,True,2B_LLM,llama3.1_fewshot,train
llm_2b_446,"aku suka sekali lipstik ini, warnanya bagus dan sesuai gambar di box! tipis-tipis aja apply gitu, sudah dapat warna yang cerah dan merata di bibirku. Isi juga cukup banyak, aku bisa gunakan selama beberapa minggu. riasan bibirmu akan terlihat lebih menarik dengan lipstik ini!",24H Melt-In Moisture,Nivea,positive,no_aspect,positive,no_aspect,no_aspect,True,2B_LLM,llama3.1_fewshot,train
llm_2b_497,"aku akhir2 ini ngga bisa nyambung sama lipstik ini karena udah kelepasannya lhoo... setelah makan/minum pun langsung alergi hahaha, harus pake lagi sebanyak-banyaknya supaya tetep ada sedikit sisa sampe waktunya makan/meminum lg... apa itu lipstik yang boleh dibawa keluar rumah sih... saya ga sabar nanti pembeli lainnyaa...",24H Melt-In Moisture,Nivea,no_aspect,negative,no_aspect,negative,no_aspect,True,2B_LLM,llama3.1_fewshot,train
llm_2b_262,"Emang sih lembabinnya oke, tapi sayangnya pake udah 2 jam aja mulai abis. Perlu aku repot-repot apply lagi supaya tetap cantik. Warna warni juga kecepetan pudar. Aku nggak suka repot-repot apply lipstik lagi, so produk ini nggak cocok buat aku. Siapa tahu kamu sih mungkin lebih cocok nih.",24H Melt-In Moisture,Nivea,no_aspect,negative,positive,negative,positive,True,2B_LLM,llama3.1_fewshot,train
97,"Selama aku pakai sih doi memang efek buat nyerahin bibi yang gelap ada, aku pakai buat base pakai lipmatte biasanya, dia juga bikin bibir lembap gakering begitu biasanya kan kalo kebiasaan pakai gincu yang matte matte bikin kering sama nglopek, kalo dipakein ini enggak terlalu lah",24H Melt-In Moisture,Nivea,no_aspect,no_aspect,no_aspect,positive,no_aspect,False,,,val
130,Wangi banget enak aku suka aromanya. Lip balm ini harus sering sering aku reapply sih karena ternyata kurang melembabkan kalau aku hanya pakai sedikit saja. sudah pakai dari lama banget dan selama pemakaian bibirku enggak kering kerontang lagi,24H Melt-In Moisture,Nivea,no_aspect,negative,no_aspect,negative,no_aspect,False,,,val
160,"suka banget sama hasil warna merahnya yang natural jadi bikin bibir kelihatan sehat, dan juga langsung ngelembapin bibir, harganya masih affordable, isinya banyak karena bentuk balmnya lebih tebal dan enggak cepat meleleh. Alhasil produknya awet banget meskipun di gunain tiap hari",24H Melt-In Moisture,Nivea,positive,positive,no_aspect,positive,positive,False,,,val
2994,"Ini varian lain dari baby lips, mencoba ini karena di klaim ada ""warnanya"" walaupun sheer mau dioles berkali kalipun menurutku warnanya tetap sheer, cukup melembabkan di bibirku dan kalo dipakai buat makan minum sih lip balm ini akan perlahan hilang jadi kalo mau tetap lembab harus reapply, lip balm ini juga ada wanginya dan aku suka karena enggak terlalu menusuk hidung. Kemasannya juga imut dan praktis.",Baby Lips Love Color,Maybelline,neutral,negative,no_aspect,positive,no_aspect,False,,,val
2933,Aku sebelumnya sudah pernah coba baby lips yang biasa. Begitu tau ada yang ada warnanya aku suka banget. Melembabkan bibirku tapi juga tetap mengasih warna ke bibir. Jadi bikin muka aku lebih segar gitu.,Baby Lips Love Color,Maybelline,positive,no_aspect,no_aspect,positive,no_aspect,False,,,val
234,"lifesaver aku bangett! enggak pernah lupa bawa ini kemana"" soalnya bibir aku tipe yang kering agak ngelupas begitu terus kalo pakai ini tuh bibir jadi lebih moist dan membantu biar enggak pecah pecah lagii. wanginya aku suka banget kayak permen stroberi begitu terus packagingnya juga enak gampang buat diapply",24H Melt-In Moisture,Nivea,no_aspect,no_aspect,no_aspect,positive,no_aspect,False,,,val
292,"work banget sih ini aku dulu gasuka sama produk produk lip karena takut warnanya terlalu merah , tapi pas coba NIVEA strawbery shine warnanya itu bagus enggak terlalu berwarna dan bisa mengatasi bibir kering suka banget sama nih produk",24H Melt-In Moisture,Nivea,positive,no_aspect,no_aspect,positive,no_aspect,False,,,val
99,Pakai ini benaran bisa ngelembabin. Harganya ramah banget. Dan awet. Buruan beli lip moisturizer dari nivea. Cocok buat remaja dan segala usia. Cewek cowok juga cocok. enggak ada warna tapi awet buat ngelembapin. Gampang dibawa kemana2 aja!,24H Melt-In Moisture,Nivea,negative,positive,no_aspect,positive,positive,False,,,val
5,"Sudah tidak di ragukan lip cream OMG .. tidak usah kuati tentang warna, smuanya bagus bisa pilih sesuai kesukaan. Tekturnya cream, aplikatornya juga enak Saya punya beberapa produk dari OMG ( fondi, cushion, lip cream, bedak, lip vinyl) . Setelah di aplikaskan tunggu beberapa saat, setelah nge-set bakal awet di bibir",Oh My Glam Mattelast Lip Cream,Omg,positive,positive,neutral,no_aspect,no_aspect,False,,,val
37,"pertama kali beli produk dari omg, aku kira harga murah kualitas biasa aja, ternyata salah!! sumpah lipmatte ini ringan, menutupi warna gelap di bibir dan longlasting warna shade nya cantik-cantik dan enggak ada yang gagal , wajib mencoba deh",Oh My Glam Mattelast Lip Cream,Omg,positive,positive,positive,no_aspect,positive,False,,,val
45,"Lip cream yang ringan dan nyaman since mereka reformulasi beberapa waktu lalu feelsnya ringan kayak enggak pakai apa-apa terus aku suka pakai shade ini buat ombre sama shade crush (22) di pakai full lips juga cakep nih, warna mauvenya masih oke di kulit sawo matang",Oh My Glam Mattelast Lip Cream,Omg,positive,no_aspect,positive,no_aspect,no_aspect,False,,,val
19,literally perfect product buat bikin lip blurring yang matte dan super soft itu. ini waktu di applly ke bibir ringan banget! enggak ganjel suka deh! aarnannya juga cantik cocok dijadikan ombre lips hihi! tinggal dicomboin sama lipgloos uh perfecto,Oh My Glam Mattelast Lip Cream,Omg,positive,no_aspect,positive,no_aspect,no_aspect,False,,,val
167,"Lip balm dari brand nivea dengan aroma strawberry yang soft, tekstur lip balm ini benar benar bikin bibir yang kering ataupun kasar jadi lembab, cocok banget buat dipakai selalu apalagi dengan kondisi ruangan yang selalu pakai AC, lip balm ini cukup travel friendly dan harga affordable",24H Melt-In Moisture,Nivea,no_aspect,no_aspect,no_aspect,positive,positive,False,,,val
36,"Salah satu produk matte lip cream favorit aku sih,soalnyawarnanya cakep banget,teksturnya ringan,yang paling di suka juga aromanya wangi,soalnya ada beberapa merk yang aku enggak suka sama aromanya,dan harganya sangat murah tapi kualitas tidak murahan.",Oh My Glam Mattelast Lip Cream,Omg,no_aspect,no_aspect,positive,no_aspect,positive,False,,,val
77,"memang lagi mencari lipbalm yang bentuknya stick begini pas dicoba ternyata enak banget moistnya dapat, warnanya juga cantik banget kayak warna bibir pink alami gitu, harummya soft. pemakaian tiap malam selama lebih dari seminggu sudah kelihatan warna bibir kembali cerah dan sangatt lembabb",24H Melt-In Moisture,Nivea,positive,no_aspect,no_aspect,positive,no_aspect,False,,,val
140,"Lipbalm ini kalau dioleskan dibibir ada sedikit warnanya, kemudian aroma starwberrynya juga ada. Teskturnya menurutku enggak terlalu berat sok pas dioles dibibir lumayan ringan. Minusnya dia harus sering diolesin biar tetal lembap walaupun hanya dirumah saja apalagi kalau bibirnya lagi kering harus lebih sering. Lebih suka yang ini daripada yang original.",24H Melt-In Moisture,Nivea,neutral,negative,positive,negative,no_aspect,False,,,val
143,"Produk ini cocok buat yang bibirnya kering, bibir aku kering dan suka belah belah semenjak pakai produk ini vaseline ini sudah enggak pernah lagi kering atau belah belah walaupun pakai lipcream atau liptint , dan sebelum pakai lipstik pastinya aku pakai produk ini dulu . Produknya bagus di bibur aku , rekomen buat kakak nya yang bibirnya kering kayak aku!!",24H Melt-In Moisture,Nivea,no_aspect,no_aspect,no_aspect,positive,no_aspect,False,,,val
2986,Yang bikin aku suka sama lipgloss/balm ini adalah warna nya yang enggak terlalu mengkilap seperti balm lainnya. Kalau bibir lagi kering atau malas pakai lipstick sudah cukup pakai ini aja. Cuma aku enggak suka tutup nya yang terlalu kecil kadang jadi kena ke balm nya terus belepotan,Baby Lips Love Color,Maybelline,no_aspect,no_aspect,positive,positive,no_aspect,False,,,val
349,"Jujyuurr kurang suka sama sih nivea ini, enggak suka sama aromanyaa huhu dan di bibir aku dia kurang ngefek sih untuk memperbaiki bibir yang super duper kering. Lebih cocok merk korea L**e sih kalo aku. Dia di bibir aku cukup melembabkan but tidak bertahan lama dan akan kembali kering kalo kita lagi enggak pakai nivea ini",24H Melt-In Moisture,Nivea,no_aspect,negative,no_aspect,negative,no_aspect,False,,,val
310,"lip balm kesukaan gue parah. pas di pakai tuh langsung bikin bibir lembab parah banget. di aplikasiinnya enggak susah juga dan enggak bikin gerah pas di pakai ke bibir! pas di pakai bikin warna bibir jadi agak merah alami,rekomen banget buad anak sekolahan nih!",24H Melt-In Moisture,Nivea,positive,no_aspect,positive,positive,no_aspect,False,,,val
2961,Niatnya beli produk ini biar bibir tetap sehat dan ada warnanya sedikit meskipun tidak segonjreng pakai lipstick. Tapi sedihnya karena lagi-lagi bibirku hitam jadi lip balm ini tidak mengeluarkan warna sama sekali di aku.,Baby Lips Love Color,Maybelline,negative,no_aspect,no_aspect,no_aspect,no_aspect,False,,,val
41,lip cream yang tidak bikin kering dan pecah. lembut dibibir dan warnanya cantik. tahan lama dan tahan untuk dibawa makan dan minum. cocok dipakai sehari-hari. bagus untuk berbagai acara dan mempercantik penampilan dirimu. selamat mencoba,Oh My Glam Mattelast Lip Cream,Omg,no_aspect,positive,positive,positive,no_aspect,False,,,val
304,"lipbalm ini bikin bibir ada warnanya tapi menurutku sih enggak natural. untuk kelembabannya enggak nampol di bibir aku yang kering, dan lama lama dia bikin bibirku gatel akhirnya aku mencampuri saja ke diy lip scrub",24H Melt-In Moisture,Nivea,negative,no_aspect,negative,negative,no_aspect,False,,,val
252,"Lip balm pertama aku dan must have itu sih, cukup melembabkan menurut ku dan warna merah strawberry nya lebih ke shining begitu jadi tertara pakai lip balm sih, dan murah menurut ku sih, gampang di dapatkan dimanapun juga lagi",24H Melt-In Moisture,Nivea,neutral,no_aspect,no_aspect,neutral,positive,False,,,val
6,"Bagus banget ringat buat di pakai sehari-hari, gapi sayang mudah hilang, tapi enggak buat bibir kering tapi sayang ini tidak stay lama..",Oh My Glam Mattelast Lip Cream,Omg,no_aspect,negative,positive,positive,no_aspect,False,,,val
178,Ini salah satu lipbalm yang sudah lumayan lama aku pake. Lipbalm ini lumayan lama abisnya Sebelum pakai liptint atau lipmate wajib banget pakai ini!! Selain ngelembapin lipbalm ini juga ada warna nya dikit jadi makin cantik deh Must try sih,24H Melt-In Moisture,Nivea,positive,positive,no_aspect,positive,no_aspect,False,,,val
241,"Sungguh ini andalanku, repurchase berkali kali, yaudah favorite ajasih lipbalm ini. suka banget akutu. ngelembabin bibir aku yang kering. suka banget pokoknya ! kalo apply ini ada sedikit, sedikit saja efek merah nya, dikit loh yaa. tapi aku suka dipakai sehari hari bagus bgt, bikin bibir enggak pecah2",24H Melt-In Moisture,Nivea,negative,no_aspect,no_aspect,positive,no_aspect,False,,,val
129,"Suka banget sama produk ini karena produk ini murah dan bagus tidak bikin lengket di bibir , membantu banget kalo bibir kering , mengandung vitamin sehingga membantu kesehatan bibir kita , warna dibibir juga natural ,bibir jadi lebih sehat",24H Melt-In Moisture,Nivea,neutral,no_aspect,positive,positive,positive,False,,,val
161,"lipbalm nivea varian ini paling cocok banget di aku suka sii, karena finishnya itu bikin bibir jadi plumpy dan sehat gitu, dan bikin look bibir jadi pink alami. lipbalm ini juga cocok banget buat yang punya dryskin",24H Melt-In Moisture,Nivea,positive,no_aspect,no_aspect,positive,no_aspect,False,,,val
190,"Buatku, lipbalm ini adalah definisi dari lip balm yang manfaatnya yaudah begitu melembabkan aja. enggak ada efek menghaluskan bibir, mencerahkan bibir, sama sekali enggak ada. Aku selalu pakai ini cuma buat ngelembapin bibir sama sebagai base sebelum pakai produk bibir lainnya. Yah, sejauh ini sih ok saja tapi ya itu, enggak ada manfaat berarti sih",24H Melt-In Moisture,Nivea,no_aspect,no_aspect,no_aspect,positive,no_aspect,False,,,val
2987,"Kurang suka sama baby lips ini, sewaktu di apply ke bibir warna bagus sih natural tapi terlalu berminyak dan akhirnya aku jadi mudah keringatan. Kayaknya dia terlalu lembab akhirnya aku enggak repurchase lagi untuk produk ini. Tapi yang punya bibir super kering, pasti cocok!",Baby Lips Love Color,Maybelline,positive,no_aspect,negative,positive,no_aspect,False,,,val
89,Tekstur lip balmnya creamy dengan sedikit hint warna merah segar. Lip balm ini cukup melembabkan. Aku biasa mengaplikasikan lip balm pada saat akan memulai step skincare sehingga pada saat akan mengaplikasikan lipstik efeknya sudah maksimal. enggak terlalu berminyak yang lebay seperti habis makan gorengan. Harganya juga terjangkau.,24H Melt-In Moisture,Nivea,neutral,no_aspect,positive,neutral,positive,False,,,val
125,"Pelembab bibir yang wanginya ku suka, karena wangi buah semangka gtu. Ada warnanya yang bikin bibit jadi merah natural, lalu ngelembapin bibir. Cuma di aku setelah di aplikasikan tekstrurnya agak lenget & setelah lama bikin bibir agak kering berkelupas gtu, agak kurang cocok di aku, tapi aku suka sama wanginya",24H Melt-In Moisture,Nivea,positive,no_aspect,negative,negative,no_aspect,False,,,val
269,"pertama tau lipbalm ini karena teman selalu bawa ini kemana mana, terus akhirnya penasaran dan beli sendiri. Ada hint warna merahnya waktu diapply, tentunya melembabkan yaah, dan tiap malam sebelum tidurpun pakai ini, paginya bikin bibir tetap lembab dan tinggal digosok dikit sel kulit matinya terkelupas. Soo luff karena awet juga",24H Melt-In Moisture,Nivea,neutral,positive,no_aspect,positive,no_aspect,False,,,val
262,"Murah, harga bersahabat!! Beli pas flash sale, dan tidak menyesal. Dia ada sedikit hint pink tapi ya enggak too much, lembabnya pas di bibirku, enggak bikin kayak habis makan gorengan juga. Biasa ku pakai pas mau pakai lipcream yang dead matte dan benaran membantu. Pokoknya semua hal yang aku harapin dari lip balm bisa dipenuhi sama dia. Love it.",24H Melt-In Moisture,Nivea,positive,no_aspect,positive,positive,positive,False,,,val
197,"langganan lip balm dari awal aku enggak masih enggak mengerti skincare dan dunia per-makeupan haha. dia ada warnanya walau sheer banget, wangi strawberry yang enggak ganggu, teus dia ada glitternya walau enggak begitu keliatan, biasanya kalo bibir lagi pecah banget, semalem dipakai agak banyakan terus besokannya bibir sudah agak mendingan",24H Melt-In Moisture,Nivea,neutral,no_aspect,no_aspect,positive,no_aspect,False,,,val
81,dapat lip balm dari goodiebag sxb2023 tuh kayak hiden jam banget. Lip balm ini bagus buat melembabkan bibir yang kering dan gampang mengelupas. Pas malam kita apply besok paginya bibir langsung lembab dan halus. Lip balm ini juga bagus buat bibir yang gelap jadi sedikit warna merah gitu. Isinya juga banyak,24H Melt-In Moisture,Nivea,positive,no_aspect,no_aspect,positive,no_aspect,False,,,val
3003,"Lip balm ini memiliki efek sedikit berwarna. tapi enggak terlalu terlihat mengkilap seperti habis makan gorengan. Biasa aku pakai untuk sehari hari. enggak meninggalkan kesan lengket, jadi nyaman kok. Harganya juga cukup terjangkau. Terus pemakaiannya irit loh, lama habisnya walau dipakai setiap hari.",Baby Lips Love Color,Maybelline,neutral,no_aspect,positive,no_aspect,positive,False,,,val
134,"Dulu pakai ini jaman masih baru banget kenal makeup sama skincare. Kalau dibilang melembabkan sih enggak begitu melembabkan banget ya, cuma kalau dipakenya rutin dan rajin ya bakalan terus melembabkan, lumayan berat pas pakai ini karena berasa banget. Warnanya juga lumayan ada, cuma kalau dibawa traveling ke tempat panas dia gampang banget melelehnya.",24H Melt-In Moisture,Nivea,neutral,no_aspect,negative,neutral,no_aspect,False,,,val
399,"beli ini karena enggak punya lip balm dan bibir pecah pecah + kering waktu itu tapi sekarang sudah better. soww aku beli ini pas ke pasar, lumayan ngelembapin tapi agak bikin glossy begitu but aku enggak terlalu menyarankan karena ini agak berat bagiku tapi kalo buat dipakai malam sabi sih",24H Melt-In Moisture,Nivea,no_aspect,no_aspect,negative,positive,no_aspect,False,,,val
312,"Lipbalm ini punya warna yang cantik dan membuat tampilan bibir yang sehat dan pink alami. Tapi daya melembabkannya kurang oke di bibir aku yang sangat dry ini. Pertama diaplikasikan lumayan lembab di bibir, tapi selang enggak berapa lama bibir jadi kering dan terkupas. sok sad banget karena produk ini sangat affordable dan mudah ditemukan dimanapun",24H Melt-In Moisture,Nivea,positive,negative,no_aspect,negative,positive,False,,,val
231,Lipbalm terfavorit!! Wanginya enak banget terus nyaman dipakai dan benar-benar bisa melembabkan bibir. Warna merahnya enggak terlalu tertara jadi cocok banget untuk dipakai ke sekolah. Harganya juga terjangkau dan mudah dicari,24H Melt-In Moisture,Nivea,positive,no_aspect,positive,positive,positive,False,,,val
2992,"Baby lips chery kiss ini sangat cocok dibibirku, warnanya soft dan mengikuti warna bibir jadi terkesan warna merah natural. Produk ini juga bikin bibir jadi enggak gampang kering walaupun terlihat terlalu oily but no problem. I love this product.",Baby Lips Love Color,Maybelline,positive,no_aspect,negative,positive,no_aspect,False,,,val
2969,"iseng beli ini karena racun teman yang bilang lipbalmnya bagus. Tapi pas aku pake, duh enggak banget. Bukannya melembabkan lama-lama bibir aku malah kering. Setelah baca ingredients ada alkoholnya :( kebetulan bibir aku termasuk yang gampang banget kering dan ngeletek gitu.repurchase? nope. rata-rata lipbalm maybelline pakai alkohol ya:(",Baby Lips Love Color,Maybelline,no_aspect,no_aspect,no_aspect,negative,no_aspect,False,,,val
66,"Aku suka wanginya, bener-bener strawberry segarr. Warnanya juga lucu, warna merah cerah dan masih kelihatan natural. Tetapi, sayang banget kalau ini tidak begitu lembab malah memperparah bibirku kering sampai ada lopekan kulit mati.",24H Melt-In Moisture,Nivea,positive,no_aspect,no_aspect,negative,no_aspect,False,,,val
18,Produk omg lip matte sangat rekomen sekali karena dari packnya bagus suka banget sama warnanya lalu dari warna warna lipmattenya lugu lucu bagus cocok buat orang indonesia. Produknya lembut banget ketika di bibir dan enggak bikin kering bibir,Oh My Glam Mattelast Lip Cream,Omg,no_aspect,no_aspect,positive,positive,no_aspect,False,,,val
111,"Sebenarnya awalnya bagus pakai ini bikin lembab bibir, tapi selang beberapa minggu malah bikin bibirku makin kering dan perih luka, mungkin kondisi kulitku yang enggak cocok sama produk ini tapi enggak tau juga, yang jelas akhirnya enggak lanjutkan menggunakan produknya. Sepertinya cocok""an enggak sih",24H Melt-In Moisture,Nivea,no_aspect,no_aspect,no_aspect,negative,no_aspect,False,,,val
212,"ini sudah repuchase berkali kali, dan aku memang benar benar suka banget dia itu hasilnya plumpy lips begitu glossy dan aku suka banget, kalo ditebelin jadi plumpy sehat bibirnya dan glow glossy gtu, enggak norak tapi, harganya ya lumayan lah ya kalo dibandingin lip ice kalo lip ice mah agak norsk ya jujur warnanya wkwkwk kalo yang ini bagus banget la.",24H Melt-In Moisture,Nivea,no_aspect,no_aspect,no_aspect,positive,neutral,False,,,val
226,"Beli ini karena lipbalm nivea originalku habis dan mau coba yang ada wangi strawberry ini. First impression wanginya enak segar relaxing, terus ternyata ada shimmernya tapi masih subtle kok. Cuma sayaang, aku kurang suka karena ini terlalu glossy dan lengket banget buatku, lebih lengket dari yang versi originalnya. Agak tricky kalo mau pakai lip product lain karena harus diblot dulu, beda sama yang versi Original yang sat-set nyerep dan bisa dipakein lip product lain diatasnya.Cuma ini harganya cukup affordable kok. ketahanannya biasa aja, enggak yang gampang ilang/stay banget. Huhu sok sorry aku lebih prefer yang versi Original & Soothe, semoga nanti formulanya diimprove lagi ya 🥺",24H Melt-In Moisture,Nivea,no_aspect,neutral,negative,no_aspect,positive,False,,,val
251,"bagus banget buat ngelembabin bibir di siang hari. enggak terlalu berat dan enggak begitu lengket di bibir. setelah pakai ini ada hint warna merah dan mengkilap jadi bibir kelihatan lembab dan sehat. isinya juga banyak, lama banget habisnya.",24H Melt-In Moisture,Nivea,positive,no_aspect,positive,positive,no_aspect,False,,,val
283,"enak banget ini dipakenya nyaman, apalagi pas sebelum tidur. bangun bangun bibir enggak kering. tapi saran dari aku kalo mau pakai jangan banyak banyak ya biar awet sist. sudah begitu harganya murah jadi no worry deh buat kantong kita jebol. thanks nivea.",24H Melt-In Moisture,Nivea,no_aspect,no_aspect,positive,positive,positive,False,,,test
55,"One of my favorite lipmatte , teksturnya creamy, cepat ngeset , warnanya cantik , longlastong ,transferproof , wangi nya kayak ada kopinya , cocok buat tan skin , harganya affordable , bisa dibeli dimana saja , kebanggaan lipstik anak kosan hehe",Oh My Glam Mattelast Lip Cream,Omg,no_aspect,positive,positive,no_aspect,positive,False,,,test
60,"Sangat cocok untuk bibir kering,bibir pecah pecah dan bibir yang gelap .karena bisa melembabkan dan dapat mencerahkan bibir yang gelap rekomen banget untuk kalian yang bibir nya pecah pecah dan bibir nya gelap pakai nivea ini langsung ada di beli di toko toko kosmetik",24H Melt-In Moisture,Nivea,no_aspect,no_aspect,no_aspect,positive,no_aspect,False,,,test
264,"Enakeun.. wajib coba deh!! work banget sih ini aku dulu gasuka sama produk produk lip karena takut warnanya terlalu merah , tapi pas coba NIVEA strawbery shine warnanya itu bagus enggak terlalu berwarna dan bisa mengatasi bibir kering suka banget sama nih produk",24H Melt-In Moisture,Nivea,positive,no_aspect,no_aspect,positive,no_aspect,False,,,test
93,Bisa dibilang ini lipbalm sejuta umat wkwk.. sebelum tinted lipbalm lagi booming dan ngetrend.. ini bisa di bilang old but goatnya dalam dunia per lipbalman terlebih dari nivea.. warnanya sheer dan ada spfnya.. meskipun ada hints aroma strawberry tapi enggak terlalu nusuk.. bagusnya dipakai di malam hari.. warnanya menurutku lumayan ngestain.. untuk ukuran lipbalm.. dipakai daily buat no makeup look ini bagus,24H Melt-In Moisture,Nivea,neutral,neutral,no_aspect,no_aspect,no_aspect,False,,,test
228,"Ini adalah lip balm yang wajib banget kalian punya kalau bibir kering mengelupas gituu.Soalnya aku waktu itu pakai ini 2 bulan enggak ada deh kayanya,langsung lembab,sehat dan lembut.Awalnya enggak langsung gitu,pertama tuh sel kulit matinya tuh mengelupas begitu sedikit2 enggak langsung banyak,serem juga sih kalau langsung banyak gituu.Trus enggak kerasa jalan 3 minggu kok bibir jadi halus gituu.Dilanjut beberapa bulan dan makin bagus hasilnya.Warnanya juga cantik,tips saja buat yang mau warnanya enggak terlalu keluar atau biar enggak merasa berat pakai nya tipis2 saja ya.Wanginya enak strawberry gitu,harganya murah dan awet bgtt.",24H Melt-In Moisture,Nivea,positive,positive,no_aspect,positive,positive,False,,,test
2952,"Lip balm yang aku pakai selain vaseline petrolium jelly, yang aku suka dari lip balm ini wanginya enak banget kayak permen hihi :D sangat melembabkan bibir, ketika di apply warnanya jadi cantik bnget, pink alami dan kelihatan bibir kita natural banget kalau pakai lip balm ini. Tapi aku pakai ini sebelum paki lipstik. Setelah pakai lip balm di bold pakai tisu baru deh pakai lipstiknya. Dijamin enggak bakal kering lagi. Repurchase? Pasti :D",Baby Lips Love Color,Maybelline,positive,no_aspect,no_aspect,positive,no_aspect,False,,,test
30,"Another shades dari shades terbaru yang mereka launching yang aku berpikir enggak bakal suka eh tapi ternyata bikin aku jatuh cinta Tekstur: seperti lip cream pada umumnya Feels: ringan Transferproof: yes Shade: berry ini termasuk shade cool tone merah+pink+ungu agak deep dalam 1 shade. Cocok banget untuk dijadikan inner ombre. Kalau pecinta deep shade lip, kalian bisa banget mencoba shade Berry ini",Oh My Glam Mattelast Lip Cream,Omg,no_aspect,positive,positive,no_aspect,no_aspect,False,,,test
11,Lipcreamcantik Warna banyak bangetpilihan shadenya matte enggak bikin matte date Hrga terjangkau. Mudah didapatkan Lipcreamcantik Warna banyak bangetpilihan shadenya matte enggak bikin matte date Hrga terjangkau. Mudah didapatkan Andalanbnanget,Oh My Glam Mattelast Lip Cream,Omg,positive,no_aspect,no_aspect,no_aspect,positive,False,,,test
248,"Kebetulan bibirku ini memang tipe yang kering banget, jadi aku butuh produk lip treatment yang efek lembapnya diatas rata2. Tapi sebelum itu, aku enggak kaget sih soal desain packagingnya, eye catching dan menurutku bagus. Cuma build qualitynya kurang kokoh dan terasa 'tipis'. Anyway, aku suka sama baunya, manis strawberry. Pokoknya enak banget deh. Oh iya, dia juga ada kasih warna merah natural ketika dipakai. Sayangnya produk ini belum kasih apa yang aku butuhin. Seperti yang aku mention diawal, bibirku ini kering banget dan produk ini belum kasih kelembapan yang sesuai dengan kebutuhan bibirku. Mau dilayer sampai berapapun, efek lembapnya masih kurang dan enggak bertahan lama. Tapi mungkin buat kalian yang enggak begitu punya masalah dengan bibir kering, produk ini bisa kalian coba~",24H Melt-In Moisture,Nivea,positive,negative,no_aspect,negative,no_aspect,False,,,test
1,"Omg tuh selain harganya yang affordable, ternyata kualitasnya oke juga. Menurutku dia teksturnya cukup ringan di bibir, buat menutupi bibir yang hitam juga bisa dan pilihan shadenya beragam. dipakai buat ombre lips juga cocok banget",Oh My Glam Mattelast Lip Cream,Omg,positive,no_aspect,positive,no_aspect,positive,False,,,test
173,"Selalu pakai ini, karena sumpah cuaca yang panas bikin bibirku kering dan pecah - pecah alhasil jadi sariawan, untungnya Nivea selalu aku bawa, kalau bibir kering sedikit langsung aku pakai, dan bibirku kembali lembab lagi.",24H Melt-In Moisture,Nivea,no_aspect,no_aspect,no_aspect,positive,no_aspect,False,,,test
336,"Ini lip balm pertamaku.Niatnya mau beli vaseline rose stick,tapi karena enggak ada akhirnya pilih ini deh.Harganya affordable,gampang ditemuin,wangi strawberry nya ku suka,tapi lembabnya kurang tahan lama,harus sering di apply,atau karena bibirku yang terlalu kering kali yaa,kalo dipakai terlalu banyak bibir jadi kelihatan agak berminyak gitu.Tapi overall ini affordable lip balm sii,ini juga ada warna nya tapi tipis begitu .",24H Melt-In Moisture,Nivea,neutral,negative,negative,negative,positive,False,,,test
416,"lipbalmnya cenderung oily dibanding yang original yang warna biru lebih enak dipakai siang soalnya dia bisa lebih ""melt"" dan bikin lebih lembab juga. Buat warna dia lumayan sih bikin bibir enggak pucet banget tapi bakal cepat hilang",24H Melt-In Moisture,Nivea,positive,negative,negative,positive,no_aspect,False,,,test
132,"Aromanya enak banget, bikin bibir jadi enggak kering, bisa dipakai sebelum pakai lipstik loh biar lipstiknya Makin cetar. Yang belum pakai ini mencoba deh, teksturnya ringan banget kayak enggak pakai lip balm gitu. Yuk bestie mencoba produk ini yaa..",24H Melt-In Moisture,Nivea,no_aspect,no_aspect,positive,positive,no_aspect,False,,,test
311,"tinted lip balm yang bener-bener tinted !! warna nya langsung keluar tapi enggak terlalu pekat. untuk melembabkan agak kurang sih menurutku, tapi hasilnya shine jadi bikin bibir kelihatan jadi lebih fresh.",24H Melt-In Moisture,Nivea,positive,no_aspect,no_aspect,negative,no_aspect,False,,,test
243,"Wanginya sih enak banget suka aku, tapi entah kenapa ya habis memakai ini selang beberapa jam begitu malah jadi kering banget banget, terus bikin kulit bibir ku ngelupas gituu, sudah beberapa kali coba pakai lagi mengira enggak bakal ngelupas, ternyata sama saja tetap kering dan ngelupas, padahal enak banget wanginya tapi kurang cocok di aku:(",24H Melt-In Moisture,Nivea,no_aspect,no_aspect,no_aspect,negative,no_aspect,False,,,test
124,"Lipbalm wangi strawberry yang ringan di bibir. Wangi strawberrynya fresh banget, lipbalm nya enggak lengket atau pun bikin bibir kelihatan berminyak. Bibir jadi lembab dan lembut, kalau lagi musim kemarau begini wajib pakai lipbalm, tapi sayangnya produknya enggak tahan lama di bibir, harus touch up lagi kalau habis makan.so far produknya bagus sih",24H Melt-In Moisture,Nivea,no_aspect,negative,positive,positive,no_aspect,False,,,test
195,"ini produk lip balm terpercaya aku selama 2 tahun! HAHAHA tapi jujur aku kalo gamake ini bibir kering kerontang, must have banget karena dia juga bisa nyatu sama warna lip tint begitu & 100/10 buat Nivea yang satu ini karena gue udb beli sebanyak itu gara gara ilangg",24H Melt-In Moisture,Nivea,no_aspect,no_aspect,no_aspect,positive,no_aspect,False,,,test
417,"buatku product ini so-so aja. walaupun memang melembabkan bibir banget, aromanya enak, dan aku suka karena mengasih sedikit warna merah di bibir. tapi overall, bibirku tetap kering dan pecah-pecah :( sudah pakai dua pcs, tapi tetap kering.",24H Melt-In Moisture,Nivea,positive,no_aspect,no_aspect,negative,no_aspect,False,,,test
385,Harganya murah + gampang dicari + ada wanginya begitu wangi strawberry + buat ngelembapin bibir ini sih oke ya + enggak berwarna ada sih sedikitt banget jadi pas apply natural banget di bibir ini cocok banget buat anak sekolahan yang pengin bibirnya lembab di sekolah,24H Melt-In Moisture,Nivea,neutral,no_aspect,no_aspect,positive,positive,False,,,test
344,Lumayan melembabkan. Tapi kalo di aku harus beberapa kali reapply biar enggak kering. Wanginya enak dan ada sedikit warnanya jadi bisa di pakai siang tanpa harus pakai lip product yang lain. Cuma enggak ada spf nya jadi harus di lapis lagi biar enggak item bibirnya,24H Melt-In Moisture,Nivea,neutral,negative,no_aspect,neutral,no_aspect,False,,,test
297,"pernah pakai ini pas smp, masih ingat banget dulu ini aku buang gara-gara patah padahal isinya masih lumayan. warnanya cakep, terus glossy begitu finishnya, wanginya kayak namanya, pengin beli ini lagi sih tapi pengin nyobak lip balm lain, overall aku suka",24H Melt-In Moisture,Nivea,positive,no_aspect,no_aspect,no_aspect,no_aspect,False,,,test
150,"Sangat ringan dan memuaskan sekali untuk melembabkan, sangat rekomendasi sekali untuk kaun hawa atau kaum laki, pokoknya semua bisa memakainya . Saya rasa cocok untuk disaat panas matahari . Selain melembabkan juga warnanya cantik",24H Melt-In Moisture,Nivea,positive,no_aspect,positive,positive,no_aspect,False,,,test
2951,"Aku pernah mencoba baby lips love color maybelline ini dari segi kemasan aku tidak suka tutupnya yang gampang copot, kemasanya juga ringgkih dan embosnya yang cepat hilang. Baby lips ini mudah di temui di gerai gerai kosmetik bahkan di swalayan juga ada. Baby lips ini kalau di pakai tipis atau tebal tidak memberikan efect berwarna di bibir aku. Mungkin karena bibir aku warnanya sedikit gelap. Tapi, saat di oles tebal efectnya seperti makan gorengan atau seperti habis menggoleskan minyak di bibir saya. Baby lips maybelline ini mudah hilang dan transfer dari bibir, maka dari itu saya menggunakanya hanya sebagai dasar sebelum menggunakan lipstick agar bibir lebih lembab dan tidak pecah pecah. Kelembabpannya biasa saja menurut saya hampir sama dengan merek brand lain. dari segi aroma ada aroma khas seperti permen tapi tidak mengganggu saya. Harganya masuk akal lah, kalau di tanya repurchase atau tidak? Humm saya sih tidak berminat untuk repurchase.",Baby Lips Love Color,Maybelline,negative,negative,negative,neutral,positive,False,,,test
3005,"warnanya enggak terlalu keluar di bibir saya, harus diulas berkali-kali. karena diulas berkali-kali itu bibir malah kelihatan glossy banget, kayak habis makan gorengan. justru kata teman-teman yang lihat bibir saya bibir saya tidak kelihatan berwarna, cuma glossy berlebih :/ oh iya setelah sejam bibir saya malah jadi kering dan pcah-pecah",Baby Lips Love Color,Maybelline,negative,no_aspect,negative,negative,no_aspect,False,,,test
3008,"Maybelline baby lips cherry kiss ini aku pakai sebelum menggunakan lipbalm. Texturenya smooth dan enggak greasy, enggak terlalu glossy kayak habis makan gorengan. Kalo ngarepin warnanya bakalan keluar kayak tinted lip balmnya B*rt Bee's sih agak jauh yah, sih maybelline baby lips cherry kiss ini warnanya di bibir aku translucent ada hint of orangenya dikit sih kalo diperhatiin. Lumayan melembabkan sih, tapi karena aku mengharap maybelline baby lips ini bakalan mengasih warna ke bibir seperti punyanya sih b*rt bee's, sepertinya sih aku enggak bakalan repurchase lagi, considering itu supposed tapi be tinted, the color is too sheer for me.",Baby Lips Love Color,Maybelline,neutral,no_aspect,positive,positive,no_aspect,False,,,test
182,"sudah lebih dari 4 tahun pakai lip balm dari Nivea ini yang varian strawberry shine. enggak mau pindah2 atau mencoba lip balm lain, aku suka banget sama warnanya dan wangi strawberry nya enak. benar-benar bikin bibir kelihatan basah lembab terus pink merah, enggak mau pindah2 ke brand lip balm lain. sudah sejatuh cinta itu sama Nivea",24H Melt-In Moisture,Nivea,positive,no_aspect,no_aspect,positive,no_aspect,False,,,test
2983,"beli ini karena tergiur warna bibir di kemasannya sih. Waktu pas beli awal masuk kuliah dan baru mau belajar memakai up, masih polos banget dan nyangkanya ini memang bisa bikin bibir berwarna kayak lipstick. Sayangnya ini cuma mengasih warna yang sheer, tapi sedikit lebih baik dari yang berry crush. Kalau mau dipakai sebelum lipstick, perlu ditunggu dulu beberapa menit biar bibir enggak kerasa berat. Tapi efek melembabkannya memang oke sih. Repurchase? No hehe",Baby Lips Love Color,Maybelline,neutral,no_aspect,neutral,positive,no_aspect,False,,,test
128,"Dulu sebelum banyak produk lip balm muncul, aku selalu pakai nivea dan memuaskan bgt, packagingnya kecil dan tinggal diputer saja jadi praktis bgt, cukup menghydrate bibir aku yang sering mengelupas juga walaupun enggak tahan lama banget ya jadi mesti di touch up mulu, wangii stroberinyaa enak lagi",24H Melt-In Moisture,Nivea,no_aspect,negative,no_aspect,neutral,no_aspect,False,,,test
309,"beli karena keracunan teman pas sekolah, tapi sayangnya setelah pemakaian beberapa kali bikin samping kulit bibir kering, sebelumnya belum pernah merasai kayak begini yang karena pemakaian tinted lipbalm:( sayang banget padahal warnanya cantik dan shine begitu ada glitter2nya",24H Melt-In Moisture,Nivea,positive,no_aspect,no_aspect,negative,no_aspect,False,,,test
418,"Dulu, pas ini belum keluar new edition apa new formula gitu. masih oke banget. ngelembabin, mengasih warna merah natural sehat-sehat gitu. pokoknya suka. tapi pas aku repurchase teksturnya jadi gaenak. gampang habis juga. dan buttery gitu. sebelumnya kayak balm yang finishing nya oily begitu tapi sekarang beda jadi yea..",24H Melt-In Moisture,Nivea,positive,no_aspect,negative,positive,no_aspect,False,,,test
380,"di bibir aku yang lumayan gelap kayaknya kurang cocok, walaupun ada efek warna di bibir tapi enggak cocok saja di bibir aku:(, bagus sih melembabkan juga terus isinya juga lumayan banyak dan simpel tinggal di pakai dan retouch kapan pun. cuma ya itu enggak cocok di bibir aku yang gelap:(",24H Melt-In Moisture,Nivea,negative,no_aspect,no_aspect,positive,no_aspect,False,,,test
191,"Teksturnya nyaman dipakai, padat, tidak lumer, tidak begitu terasa berminyak seperti habis makan gorengan. pas dioles ada warnanya samar2 merah keorenan gt, cantik, jadi enggak kelihatan pucat. tapi tidak sesuai klaim katanya melembabkan sampai 24 jam. di saya maksimal 3-4 jam saja sudah kering lagi bibir. bibir saya memang bandel sejak masih kecil. suka kering dan ngelopek2. sudah gonta ganti lip balm enggak ada yang benar-benar work. tapi saya lanjutkan saja dulu, mungkin hasilnya memang enggak langsung ya..",24H Melt-In Moisture,Nivea,positive,negative,positive,negative,no_aspect,False,,,test
398,"karena bibirku kering dan suka mengelupas aku coba pakai ini dan ternyata cocok, lembut banget di bibir bikin lembab dan merah. packagingnya lucu. suka aku pakai pas malam sebelum tidur kayak lip therapy begitu dan pas paginya bibir lembab banget glossy gtu, lumayan sudah agak cerah (merah) enggak sehitam dulu. harganya murah, aweett banget aku suka",24H Melt-In Moisture,Nivea,no_aspect,no_aspect,positive,positive,positive,False,,,test
10,"Melembabkan bibir, enggak bikin kering, pigments banget cocok untuk kulit Asia dan wanita Indonesia pada umumnya bagus untuk sehari-hari dan juga acara khusus, harga juga affordable banget dan ramah di kantong jadi bisa ganti ganti warna lain",Oh My Glam Mattelast Lip Cream,Omg,positive,no_aspect,no_aspect,positive,positive,False,,,test
379,"dia ngelembabinnya oke tapi menurutku agak berat sih, terus dia ada bau kayak stroberi begitu enak banget dan ada efek glossynya tapi enggak yang lebay banget dan juga kalo sering-sering memakai menurutku dia bisa bikin bibir jadi kelihatan cerah alami",24H Melt-In Moisture,Nivea,no_aspect,no_aspect,negative,positive,no_aspect,False,,,test
390,"senang karena bisa ngelembabin bibir aku, biasanya aku pakai sebelum tidur terus pas pagi bibir jadi lembab pink sehat begitu tapi minusnya dia setelah diaplikasiin ke bibir memang lebih berminyak gitu, bisa dipakai sebelum pakai lipstik jadi gabikin bibir kering",24H Melt-In Moisture,Nivea,no_aspect,no_aspect,negative,positive,no_aspect,False,,,test
274,Beli ini karena penasaran sama lipbalm nivea terus juga karena ada diskon di tokped. tekstur nya enak di bibir terus sedikit kasih warna di bibir jadi bibir enggak kelihatan pucet bgt. Repausce lagi iya tapi mau coba varian yang lain.,24H Melt-In Moisture,Nivea,positive,no_aspect,positive,no_aspect,no_aspect,False,,,test
94,"Setuju banget sama claim nya 24 jam melembabkan, ada spf nya jadi aman di pakai di siang hari, di pakai sebelum tidur juga enak, pas bangun bibirnya langsung plumpy sehat, setelah di pakai beberapa lama bibir terlihat sedikit lebih cerah, dipakai sebelum lipstick buat tampilan makeup bibir lebih smooth, packagingnya imut, mudah di bawa dan di reapply🫶",24H Melt-In Moisture,Nivea,no_aspect,no_aspect,no_aspect,positive,no_aspect,False,,,test
154,"lipbalm ini bagus banget dan cocok di bibir aku. selain fungsinya untuk melembapkan, lip balm ini juga bisa memberikan warna yang lebih merah untuk bibir. warna yang dihasilkan juga natural jadi cocok untuk dipakai ke sekolah dan daily!",24H Melt-In Moisture,Nivea,positive,no_aspect,no_aspect,positive,no_aspect,False,,,test
137,"Nivea Lipbalm ini bagus untuk melembabkan bibir kering, memiliki wangi manis strawberry dan ukuran 4.8 gr . Cocok banget untuk dipakai di musim tropis seperti Indonesia. Lipbalm ini memiliki hasil glossy / shiny dan ada sedikit warna pink cocok untuk sehari-hari. Aku rekomendasikan untuk pemilik bibir kering untuk mencoba lipbalm dari nivea ini untuk moisturize bibir kering. Goodluck guys !",24H Melt-In Moisture,Nivea,neutral,no_aspect,no_aspect,positive,no_aspect,False,,,test
199,"Penolong bibir aku kalau malam hari, pertama kali aku pakai lip balmnya Nivea ini karena waktu pergantian musim, bibirku kering banget sampai berdarah gitu, mencoba pakai ini dan hari-hari berikutnya bibirku yang kering semakin membaik. So, aku rutinkan tiap malam pasti aku pakai lip balm ini, warnanya peach dan aromanya menyegarkan. Repurchase? Yes. Apalagi aku memang suka wangi strawberry/ cherry.",24H Melt-In Moisture,Nivea,neutral,no_aspect,no_aspect,positive,no_aspect,False,,,test
368,"dia wanginya enakk, wangi strawberry ada asam dan manis manisnya gituu. saat dipakai bisa buat bibir terlihat lebih pink dan glossy. untuk melembabkannya menurutku kurang, padahal sudah diapply beberapa kali. dan kadang juga bibir ku masih kering kalau cuma pakai lipbalm ini",24H Melt-In Moisture,Nivea,positive,negative,no_aspect,negative,no_aspect,False,,,test
109,"awalnya beli nivea yang pelembab biasa tapi kok merasa repot karena kemana mana bener' perlu pelembab bibir, terus kepikiran mau beli nivea moist yang lip satu ini karena bentuknya ringkes kecil. untuk produknya sendiri benar benar bagus karena cocok sama aku yang memang belakangan ini bibirnya kering banget apa lagi kalo pakai lip cream gitu. recommended sih 🫰 🫰",24H Melt-In Moisture,Nivea,no_aspect,no_aspect,no_aspect,positive,no_aspect,False,,,test
3004,"sih baby lips ini awet banget dipakenya enggak abis2. Aku pernah pakai yang cherry kiss,enak ngelembapin. Baunya enak tapi enggak aneh. terus ada warnanya sedikit coral jadi kalo keluar rumah cuma pakai sih baby lips ini sudah oke koq.",Baby Lips Love Color,Maybelline,neutral,no_aspect,no_aspect,positive,no_aspect,False,,,test
289,"dari dulu penasaran sama lip balm ini karena banyak teman yang pakee, kecium dari baunya enak banget segar stroberii gituu, teksturnya lembut, enggak bikin bibir berminyak banget dan ngelembab ini nya okee, enggak hilang hilang lembab nya huhu sukaa, dia bikin bibir kelihatan sehat begitu pink alami enggak too much dan enggak alayy, wkkw cintakk",24H Melt-In Moisture,Nivea,positive,positive,positive,positive,no_aspect,False,,,test
39,"Ohalaw, enggak pernah bosan ya review lipstick merah apa lagi OMG paling banyak shadenya, walaupun beda tone 1 tingkat tetap aku beli, untuk shade 24. Berry ini dia lebih ke Deep Maroon ya di bibir aku, cocok nya di layer ke2 setelah base ombre, dan seperti biasa OMG sudah terkenal dengan teksturnya yang nyaman dan ringan di Bibir ya",Oh My Glam Mattelast Lip Cream,Omg,no_aspect,no_aspect,positive,no_aspect,no_aspect,False,,,test
2989,"sudah ketiga kalinya beli, cocok sekali di bibir aku yang gampang banget kering terutama kalau pakai lipstick..baunya enak, lembut dan enggak bikin putih2 dibibir yang kering. Ada warna samarnya pink jadi kalau dipakai dirumah sudah bikin bibir agak cerah sedikit karena enggak perlu pakai lipstick.. Worth it,harganya juga standar dan aman di kantong.",Baby Lips Love Color,Maybelline,positive,no_aspect,no_aspect,positive,positive,False,,,test
254,"This is my first time using this product. enggak sengaja nemu pas lagi belanja di GL. It's a good product. membantu aku banget buat bibirku yang super kering ini lembab. Tint colornya juga ok, enggak terlalu kelihatan atau norak.",24H Melt-In Moisture,Nivea,positive,no_aspect,no_aspect,positive,no_aspect,False,,,test
